"Subject","Chapter","Question No","Question","Option A","Option B","Option C","Option D","Correct Answer","Explanation","Image Reference"
"Endodontics","12. RECENT PAPERS 2019-20 ENDODONTICS","1","Gingival sulcus bleeding is seen in which type of trauma?","Class I Ellis","Class II Ellis","Concussion","Subluxation","D","[Source explanation — printed page(s) 3]
Ny Seite? RECENT PAPERS 2019.20
. de ‘Dp’ [End fA
odontics - E-Book: Princi ;
: 3 : ples and Pract b
. aia AAD cs an injury to the tooth-supporting
Ctures resulting in j an ‘
» displac g 1 increased mobility, but without
ENivatcey of the aoa Signs of bleeding from the
Vice can be see i : :
» GF Siblixation. n and confirms the diagnosis
. 2. 'C [ Cohen 11% ed 31]
. These signs and symptoms represent acute or
‘w symptomatic apical abscess.
wv Symptomatic apical abscess:
; SeLos condition is defined as an inflammatory reaction
) to pulpal infection and necrosis characterized by
‘we Tapid onset, spontaneous pain, and tenderness of
the tooth to pressure, pus formation, and swelling
: of associated tissues.
 ] e A tooth with an acute apical abscess will be
oe) acutely painful to biting pressure, percussion, and
palpation.
~ e This tooth will not respond to any pulp vitality
tests and will exhibit varying degrees of mobility.
> The radiograph or image can exhibit anything from
a widened periodontal ligament space to an apical
a) radiolucency.
e Swelling will be present intraorally and the facial
3 tissues adjacent to the tooth will almost always
present with some degree of swelling. The patient
a will frequently be febrile, and the cervical and
submandibular lymph nodes may exhibit tenderness
2 to palpation.
> 3.  ‘C’ [Ingle 5‘ ed 179]
e Sensitivity to percussion is the principal clinical
? feature of symptomatic apical periodontitis and
> symptomatic apical abscess.
e Asymptomatic apical periodontitis mostly presents
> without any subjective signs and symptoms.
> 4.  ‘N [Ingle 5 ed 212]
Carbon dioxide snow (dry ice)
” e It is a gas, but in its solid state, it is often called
‘dry ice’, and it is commonly used as a versatile
> cooling agent.
e The low temperature and direct sublimation to a 5
» gas at atmospheric pressure make it an effective
coolant, because it is colder than ice and leaves no
) moisture as it changes state.
J] * The temperature of dry ice has been reported to be
‘ 1B2G.
)
Se  —— SS eee

-0 ENDODONTICS - ANSWERS
SERNA SD GaAs MBAR i AERIS MS SAI CA aaa aN Sa NaN WRIA NR AN ln al i ci pg)
¢ The sensory response to the application of dry ice is
rapid, usually being <2 secs.
© (Clinically, testing with C02 snow is accurate,
reliable, consistent, fast, and uncomplicated.
¢ Acomplete dentition can be tested in 1-2 min.
¢ It is preferred for pulp testing because it does not
affect the adjacent teeth and because it gives an
intense, reproducible response.
¢ It is also effective for testing teeth with full
coverage crowns.
¢ But it requires special apparatus to make the dry
ice stick.
Refrigerant spray
e Due to its ease of storage, relatively cheap cost,
and simple application technique, refrigerant spray
is widely used in clinical settings.
e Examples:
- Dichlorodifluoromethane (DDM) (commercial
name - endo ice)
- 1,1,1,2-tetrafluoroethane (commercial name -
a Green endo ice), and
- Ethyl chloride
»@  MoreeffectiveagentssuchasDichlorodifluoromethane
have superseded traditional refrigerants such as
ethyl chloride. But DDM, being a chlorofluorocarbon,
has decreased in popularity and market availability
an due to environmental concerns of atmospheric
-— ozone layer depletion.
aes ot 1,1,1,2-tetrafluoroethane (TFE) is a refrigerant
- without ozone-depletion potential and has replaced
DDM.
e They rank just behind C02 dry ice for overall efficacy
and accuracy.
Ice stick (Option D)
It’s an ineffective for cold test. The clinical handling,
infection control issues, and the direct application of ice
can be difficult and problematic.
Note:
Refrigerant spray is the most widely used cold test as
they are most convenient and easiest to use.
5. ‘A’ [ Cohen 11*"" ed 225]
e Because of their design and physical properties, GG
drills are side-cutting instruments.
e They can be used to cut dentin as they are withdrawn
from the canal (i.e., on the outstroke).
¢ Used this way, their cutting action can deliberately","Requires image/diagram: source question or explanation contains a figure/image (printed page 751)."
"Endodontics","12. RECENT PAPERS 2019-20 ENDODONTICS","2","Sudden pain, and swelling in maxillary anterior non vital teeth with radiographic lesion is seen in","Periapical granuloma","Condensing osteitis","Symptomatic apical abscess","Asymptomatic apical abscess","C","[Source explanation — printed page(s) 3]
Ny Seite? RECENT PAPERS 2019.20
. de ‘Dp’ [End fA
odontics - E-Book: Princi ;
: 3 : ples and Pract b
. aia AAD cs an injury to the tooth-supporting
Ctures resulting in j an ‘
» displac g 1 increased mobility, but without
ENivatcey of the aoa Signs of bleeding from the
Vice can be see i : :
» GF Siblixation. n and confirms the diagnosis
. 2. 'C [ Cohen 11% ed 31]
. These signs and symptoms represent acute or
‘w symptomatic apical abscess.
wv Symptomatic apical abscess:
; SeLos condition is defined as an inflammatory reaction
) to pulpal infection and necrosis characterized by
‘we Tapid onset, spontaneous pain, and tenderness of
the tooth to pressure, pus formation, and swelling
: of associated tissues.
 ] e A tooth with an acute apical abscess will be
oe) acutely painful to biting pressure, percussion, and
palpation.
~ e This tooth will not respond to any pulp vitality
tests and will exhibit varying degrees of mobility.
> The radiograph or image can exhibit anything from
a widened periodontal ligament space to an apical
a) radiolucency.
e Swelling will be present intraorally and the facial
3 tissues adjacent to the tooth will almost always
present with some degree of swelling. The patient
a will frequently be febrile, and the cervical and
submandibular lymph nodes may exhibit tenderness
2 to palpation.
> 3.  ‘C’ [Ingle 5‘ ed 179]
e Sensitivity to percussion is the principal clinical
? feature of symptomatic apical periodontitis and
> symptomatic apical abscess.
e Asymptomatic apical periodontitis mostly presents
> without any subjective signs and symptoms.
> 4.  ‘N [Ingle 5 ed 212]
Carbon dioxide snow (dry ice)
” e It is a gas, but in its solid state, it is often called
‘dry ice’, and it is commonly used as a versatile
> cooling agent.
e The low temperature and direct sublimation to a 5
» gas at atmospheric pressure make it an effective
coolant, because it is colder than ice and leaves no
) moisture as it changes state.
J] * The temperature of dry ice has been reported to be
‘ 1B2G.
)
Se  —— SS eee

-0 ENDODONTICS - ANSWERS
SERNA SD GaAs MBAR i AERIS MS SAI CA aaa aN Sa NaN WRIA NR AN ln al i ci pg)
¢ The sensory response to the application of dry ice is
rapid, usually being <2 secs.
© (Clinically, testing with C02 snow is accurate,
reliable, consistent, fast, and uncomplicated.
¢ Acomplete dentition can be tested in 1-2 min.
¢ It is preferred for pulp testing because it does not
affect the adjacent teeth and because it gives an
intense, reproducible response.
¢ It is also effective for testing teeth with full
coverage crowns.
¢ But it requires special apparatus to make the dry
ice stick.
Refrigerant spray
e Due to its ease of storage, relatively cheap cost,
and simple application technique, refrigerant spray
is widely used in clinical settings.
e Examples:
- Dichlorodifluoromethane (DDM) (commercial
name - endo ice)
- 1,1,1,2-tetrafluoroethane (commercial name -
a Green endo ice), and
- Ethyl chloride
»@  MoreeffectiveagentssuchasDichlorodifluoromethane
have superseded traditional refrigerants such as
ethyl chloride. But DDM, being a chlorofluorocarbon,
has decreased in popularity and market availability
an due to environmental concerns of atmospheric
-— ozone layer depletion.
aes ot 1,1,1,2-tetrafluoroethane (TFE) is a refrigerant
- without ozone-depletion potential and has replaced
DDM.
e They rank just behind C02 dry ice for overall efficacy
and accuracy.
Ice stick (Option D)
It’s an ineffective for cold test. The clinical handling,
infection control issues, and the direct application of ice
can be difficult and problematic.
Note:
Refrigerant spray is the most widely used cold test as
they are most convenient and easiest to use.
5. ‘A’ [ Cohen 11*"" ed 225]
e Because of their design and physical properties, GG
drills are side-cutting instruments.
e They can be used to cut dentin as they are withdrawn
from the canal (i.e., on the outstroke).
¢ Used this way, their cutting action can deliberately",""
"Endodontics","12. RECENT PAPERS 2019-20 ENDODONTICS","3","Tender on percussion positive is seen in","Asymptomatic irreversible pulpitis","Symptomatic irreversible pulpitis","Symptomatic apical periodontitis","Asymptomatic apical periodontitis","C","[Source explanation — printed page(s) 3]
Ny Seite? RECENT PAPERS 2019.20
. de ‘Dp’ [End fA
odontics - E-Book: Princi ;
: 3 : ples and Pract b
. aia AAD cs an injury to the tooth-supporting
Ctures resulting in j an ‘
» displac g 1 increased mobility, but without
ENivatcey of the aoa Signs of bleeding from the
Vice can be see i : :
» GF Siblixation. n and confirms the diagnosis
. 2. 'C [ Cohen 11% ed 31]
. These signs and symptoms represent acute or
‘w symptomatic apical abscess.
wv Symptomatic apical abscess:
; SeLos condition is defined as an inflammatory reaction
) to pulpal infection and necrosis characterized by
‘we Tapid onset, spontaneous pain, and tenderness of
the tooth to pressure, pus formation, and swelling
: of associated tissues.
 ] e A tooth with an acute apical abscess will be
oe) acutely painful to biting pressure, percussion, and
palpation.
~ e This tooth will not respond to any pulp vitality
tests and will exhibit varying degrees of mobility.
> The radiograph or image can exhibit anything from
a widened periodontal ligament space to an apical
a) radiolucency.
e Swelling will be present intraorally and the facial
3 tissues adjacent to the tooth will almost always
present with some degree of swelling. The patient
a will frequently be febrile, and the cervical and
submandibular lymph nodes may exhibit tenderness
2 to palpation.
> 3.  ‘C’ [Ingle 5‘ ed 179]
e Sensitivity to percussion is the principal clinical
? feature of symptomatic apical periodontitis and
> symptomatic apical abscess.
e Asymptomatic apical periodontitis mostly presents
> without any subjective signs and symptoms.
> 4.  ‘N [Ingle 5 ed 212]
Carbon dioxide snow (dry ice)
” e It is a gas, but in its solid state, it is often called
‘dry ice’, and it is commonly used as a versatile
> cooling agent.
e The low temperature and direct sublimation to a 5
» gas at atmospheric pressure make it an effective
coolant, because it is colder than ice and leaves no
) moisture as it changes state.
J] * The temperature of dry ice has been reported to be
‘ 1B2G.
)
Se  —— SS eee

-0 ENDODONTICS - ANSWERS
SERNA SD GaAs MBAR i AERIS MS SAI CA aaa aN Sa NaN WRIA NR AN ln al i ci pg)
¢ The sensory response to the application of dry ice is
rapid, usually being <2 secs.
© (Clinically, testing with C02 snow is accurate,
reliable, consistent, fast, and uncomplicated.
¢ Acomplete dentition can be tested in 1-2 min.
¢ It is preferred for pulp testing because it does not
affect the adjacent teeth and because it gives an
intense, reproducible response.
¢ It is also effective for testing teeth with full
coverage crowns.
¢ But it requires special apparatus to make the dry
ice stick.
Refrigerant spray
e Due to its ease of storage, relatively cheap cost,
and simple application technique, refrigerant spray
is widely used in clinical settings.
e Examples:
- Dichlorodifluoromethane (DDM) (commercial
name - endo ice)
- 1,1,1,2-tetrafluoroethane (commercial name -
a Green endo ice), and
- Ethyl chloride
»@  MoreeffectiveagentssuchasDichlorodifluoromethane
have superseded traditional refrigerants such as
ethyl chloride. But DDM, being a chlorofluorocarbon,
has decreased in popularity and market availability
an due to environmental concerns of atmospheric
-— ozone layer depletion.
aes ot 1,1,1,2-tetrafluoroethane (TFE) is a refrigerant
- without ozone-depletion potential and has replaced
DDM.
e They rank just behind C02 dry ice for overall efficacy
and accuracy.
Ice stick (Option D)
It’s an ineffective for cold test. The clinical handling,
infection control issues, and the direct application of ice
can be difficult and problematic.
Note:
Refrigerant spray is the most widely used cold test as
they are most convenient and easiest to use.
5. ‘A’ [ Cohen 11*"" ed 225]
e Because of their design and physical properties, GG
drills are side-cutting instruments.
e They can be used to cut dentin as they are withdrawn
from the canal (i.e., on the outstroke).
¢ Used this way, their cutting action can deliberately",""
"Endodontics","12. RECENT PAPERS 2019-20 ENDODONTICS","4","Best cold test for pulp vitality","Dry ice (CO₂)","1,1,1,2-tetrafluoroethane","Ethyl chloride","Frozen syringe ice stick","A","[Source explanation — printed page(s) 3]
Ny Seite? RECENT PAPERS 2019.20
. de ‘Dp’ [End fA
odontics - E-Book: Princi ;
: 3 : ples and Pract b
. aia AAD cs an injury to the tooth-supporting
Ctures resulting in j an ‘
» displac g 1 increased mobility, but without
ENivatcey of the aoa Signs of bleeding from the
Vice can be see i : :
» GF Siblixation. n and confirms the diagnosis
. 2. 'C [ Cohen 11% ed 31]
. These signs and symptoms represent acute or
‘w symptomatic apical abscess.
wv Symptomatic apical abscess:
; SeLos condition is defined as an inflammatory reaction
) to pulpal infection and necrosis characterized by
‘we Tapid onset, spontaneous pain, and tenderness of
the tooth to pressure, pus formation, and swelling
: of associated tissues.
 ] e A tooth with an acute apical abscess will be
oe) acutely painful to biting pressure, percussion, and
palpation.
~ e This tooth will not respond to any pulp vitality
tests and will exhibit varying degrees of mobility.
> The radiograph or image can exhibit anything from
a widened periodontal ligament space to an apical
a) radiolucency.
e Swelling will be present intraorally and the facial
3 tissues adjacent to the tooth will almost always
present with some degree of swelling. The patient
a will frequently be febrile, and the cervical and
submandibular lymph nodes may exhibit tenderness
2 to palpation.
> 3.  ‘C’ [Ingle 5‘ ed 179]
e Sensitivity to percussion is the principal clinical
? feature of symptomatic apical periodontitis and
> symptomatic apical abscess.
e Asymptomatic apical periodontitis mostly presents
> without any subjective signs and symptoms.
> 4.  ‘N [Ingle 5 ed 212]
Carbon dioxide snow (dry ice)
” e It is a gas, but in its solid state, it is often called
‘dry ice’, and it is commonly used as a versatile
> cooling agent.
e The low temperature and direct sublimation to a 5
» gas at atmospheric pressure make it an effective
coolant, because it is colder than ice and leaves no
) moisture as it changes state.
J] * The temperature of dry ice has been reported to be
‘ 1B2G.
)
Se  —— SS eee

-0 ENDODONTICS - ANSWERS
SERNA SD GaAs MBAR i AERIS MS SAI CA aaa aN Sa NaN WRIA NR AN ln al i ci pg)
¢ The sensory response to the application of dry ice is
rapid, usually being <2 secs.
© (Clinically, testing with C02 snow is accurate,
reliable, consistent, fast, and uncomplicated.
¢ Acomplete dentition can be tested in 1-2 min.
¢ It is preferred for pulp testing because it does not
affect the adjacent teeth and because it gives an
intense, reproducible response.
¢ It is also effective for testing teeth with full
coverage crowns.
¢ But it requires special apparatus to make the dry
ice stick.
Refrigerant spray
e Due to its ease of storage, relatively cheap cost,
and simple application technique, refrigerant spray
is widely used in clinical settings.
e Examples:
- Dichlorodifluoromethane (DDM) (commercial
name - endo ice)
- 1,1,1,2-tetrafluoroethane (commercial name -
a Green endo ice), and
- Ethyl chloride
»@  MoreeffectiveagentssuchasDichlorodifluoromethane
have superseded traditional refrigerants such as
ethyl chloride. But DDM, being a chlorofluorocarbon,
has decreased in popularity and market availability
an due to environmental concerns of atmospheric
-— ozone layer depletion.
aes ot 1,1,1,2-tetrafluoroethane (TFE) is a refrigerant
- without ozone-depletion potential and has replaced
DDM.
e They rank just behind C02 dry ice for overall efficacy
and accuracy.
Ice stick (Option D)
It’s an ineffective for cold test. The clinical handling,
infection control issues, and the direct application of ice
can be difficult and problematic.
Note:
Refrigerant spray is the most widely used cold test as
they are most convenient and easiest to use.
5. ‘A’ [ Cohen 11*"" ed 225]
e Because of their design and physical properties, GG
drills are side-cutting instruments.
e They can be used to cut dentin as they are withdrawn
from the canal (i.e., on the outstroke).
¢ Used this way, their cutting action can deliberately",""
"Endodontics","12. RECENT PAPERS 2019-20 ENDODONTICS","5","During access cavity preparation all about Gates Glidden drills are true except","These are end-cutting instrument","Cuts dentin while retrieval","used in straight canals","No. 1 to 6 with 0.5 - 1.5 mm","A","[Source explanation — printed page(s) 3, 4]
Ny Seite? RECENT PAPERS 2019.20
. de ‘Dp’ [End fA
odontics - E-Book: Princi ;
: 3 : ples and Pract b
. aia AAD cs an injury to the tooth-supporting
Ctures resulting in j an ‘
» displac g 1 increased mobility, but without
ENivatcey of the aoa Signs of bleeding from the
Vice can be see i : :
» GF Siblixation. n and confirms the diagnosis
. 2. 'C [ Cohen 11% ed 31]
. These signs and symptoms represent acute or
‘w symptomatic apical abscess.
wv Symptomatic apical abscess:
; SeLos condition is defined as an inflammatory reaction
) to pulpal infection and necrosis characterized by
‘we Tapid onset, spontaneous pain, and tenderness of
the tooth to pressure, pus formation, and swelling
: of associated tissues.
 ] e A tooth with an acute apical abscess will be
oe) acutely painful to biting pressure, percussion, and
palpation.
~ e This tooth will not respond to any pulp vitality
tests and will exhibit varying degrees of mobility.
> The radiograph or image can exhibit anything from
a widened periodontal ligament space to an apical
a) radiolucency.
e Swelling will be present intraorally and the facial
3 tissues adjacent to the tooth will almost always
present with some degree of swelling. The patient
a will frequently be febrile, and the cervical and
submandibular lymph nodes may exhibit tenderness
2 to palpation.
> 3.  ‘C’ [Ingle 5‘ ed 179]
e Sensitivity to percussion is the principal clinical
? feature of symptomatic apical periodontitis and
> symptomatic apical abscess.
e Asymptomatic apical periodontitis mostly presents
> without any subjective signs and symptoms.
> 4.  ‘N [Ingle 5 ed 212]
Carbon dioxide snow (dry ice)
” e It is a gas, but in its solid state, it is often called
‘dry ice’, and it is commonly used as a versatile
> cooling agent.
e The low temperature and direct sublimation to a 5
» gas at atmospheric pressure make it an effective
coolant, because it is colder than ice and leaves no
) moisture as it changes state.
J] * The temperature of dry ice has been reported to be
‘ 1B2G.
)
Se  —— SS eee

-0 ENDODONTICS - ANSWERS
SERNA SD GaAs MBAR i AERIS MS SAI CA aaa aN Sa NaN WRIA NR AN ln al i ci pg)
¢ The sensory response to the application of dry ice is
rapid, usually being <2 secs.
© (Clinically, testing with C02 snow is accurate,
reliable, consistent, fast, and uncomplicated.
¢ Acomplete dentition can be tested in 1-2 min.
¢ It is preferred for pulp testing because it does not
affect the adjacent teeth and because it gives an
intense, reproducible response.
¢ It is also effective for testing teeth with full
coverage crowns.
¢ But it requires special apparatus to make the dry
ice stick.
Refrigerant spray
e Due to its ease of storage, relatively cheap cost,
and simple application technique, refrigerant spray
is widely used in clinical settings.
e Examples:
- Dichlorodifluoromethane (DDM) (commercial
name - endo ice)
- 1,1,1,2-tetrafluoroethane (commercial name -
a Green endo ice), and
- Ethyl chloride
»@  MoreeffectiveagentssuchasDichlorodifluoromethane
have superseded traditional refrigerants such as
ethyl chloride. But DDM, being a chlorofluorocarbon,
has decreased in popularity and market availability
an due to environmental concerns of atmospheric
-— ozone layer depletion.
aes ot 1,1,1,2-tetrafluoroethane (TFE) is a refrigerant
- without ozone-depletion potential and has replaced
DDM.
e They rank just behind C02 dry ice for overall efficacy
and accuracy.
Ice stick (Option D)
It’s an ineffective for cold test. The clinical handling,
infection control issues, and the direct application of ice
can be difficult and problematic.
Note:
Refrigerant spray is the most widely used cold test as
they are most convenient and easiest to use.
5. ‘A’ [ Cohen 11*"" ed 225]
e Because of their design and physical properties, GG
drills are side-cutting instruments.
e They can be used to cut dentin as they are withdrawn
from the canal (i.e., on the outstroke).
¢ Used this way, their cutting action can deliberately


ee
Ga vent 3 ube V Voi? La
be directed away from external root concavities in 10.
single-rooted and furcated teeth.
© GG drills should be used only in the straight portions
of a canal.
© GG drills are sized from 1 to 6 (with corresponding
diameters of 0.5 to 1.5 mm); the number of rings
or color-coding on the shank identifies the specific 44.
drill size.
: 6. ‘D’ [Cohen 11"" ed 419]
Retrograde filling materials can be classified as:
e Metals (these are no more used)
e Non-metals
Non-metals include
e Zinc oxide-eugenol cements (IRM and SuperEBA),
e Glass Ionomer Cement,
e — Diaket
¢ Composite resins (Retroplast),
e — Resin-glass ionomer hybrids (Geristore), and
¢ Mineral Trioxide Aggregate (ProRoot-MTA), and
¢ Bioceramics.
7. “B’ [Grossman 12th ed 349]
Carbamide peroxide degrades into 3% hydrogen peroxide
(active ingredient) and 7% urea. H,0, diffuses enamel
and dentin and release nascent oxygen that breaks down
the double bond of organic and inorganic compounds.
8. ‘C’ [Cohen 11% ed 109]
TAN block is a standard anaesthesia technique. When
the bur is in enamel, the patient feels nothing. Once 12.
the bur enters dentin (or possibly not until the pulp is
exposed), the patient feels sharp pain. Obviously, pulpal
anesthesia is not profound, and supplemental anesthetic
is required.
Supplemental Techniques:
¢ = Infiltrations
e Intraosseous Anesthesia
e Intraligamentary Anesthesia
¢ Intrapulpal Injection
9. ‘A’ [Ingle 5 ed 486]
Uses of barbed broach:
e Primarily for vital pulp extirpation.
e To loosen debris in necrotic canals or
e To remove paper points or cotton pellets. 13,
It must only be used in the straight part of the canal,
and insertion of the broach should not exceed 2/3 of
the canal length. With proper technique, the pulp will be
removed almost entirely as it becomes entangled in the
barbs of the broach.
aaa

+ ‘NW [Cohen 11 eg 109] az .
Guttapercha is only 20% in GP po; ail
ai ° oints.
Sterilized. They are stietifived iy ‘ ve ead bee
: ; y immersing in 5.2%,
sodium hypochlorite for 1 min. GP does not bond lo
dentin, so root canal sealers are necessary to seal de “ar
space between the dentinal wall and GP. é
sollney. AIPG 2017 section for IADT guidelines for
al) |
IADT recommends flexibte Splint for all luxation ,
injuries. P|
Concussion |The IADT guidelines recommend “a
and a flexible splint for 2 weeks for |
subluxation subluxation injuries. However, “=
splinting is generally not required for - ra
concussion or subluxation injuries. mh
Lateral The IADT guidelines recommend a :
luxation flexible splint for 4 weeks for lateral
luxation injuries. 2
!
Arch bar: .
¢ A metal bar is bent into the shape of the arch and .
fixed with ligature wires. =
¢ Disadvantages of this technique are that this type >
of splint is rigid and arch bars may loosen and =
cause irritation. =
¢ There may also be physical damage from the ligature - a
wires to the gingival tissues and the integrity of the ~
cemento-enamel junction.
e Arch bar splint is contraindicated for luxation et
injuries. ©.
‘BY [Ingle 5** ed 823] ' :
e Lateral luxation implies displacement |labially,
lingually, distally, or incisally. “hr
e Extrusive and lateral luxation and intrusion nearly é
always result in pulp death. ~
e Initial, urgent care for lateral luxation cases
includes repositioning the tooth and stabilization if
the tooth is mobile after being repositioned.
© The splinting, if needed, should be non-rigid and “
may need to be in place for 4 weeks. ~ air
e Definitive treatment for laterally luxated teeth
includes root canal therapy, except in developing eo
teeth, which may revascularize. ae
e The present case the age is 12 years so repositioning :
and RCT is the treatment. “Ey
e ‘
‘N [Shafer 7th ed 504] lh
¢ Spread of infection occurs from non-vital teeth to nn
form labial, palatal abscess, or vestibular abscess. /
e Palatal abscess arises from the apex of a severely ae
inclined lateral incisor or the palatal root of a q
maxillary first molar or premolar.","Requires image/diagram: source question or explanation contains a figure/image (printed page 751-752)."
"Endodontics","12. RECENT PAPERS 2019-20 ENDODONTICS","6","Which is not a retrograde filling material?","Diaket","MTA","Super EBA","Endomethasone","D","[Source explanation — printed page(s) 4]
ee
Ga vent 3 ube V Voi? La
be directed away from external root concavities in 10.
single-rooted and furcated teeth.
© GG drills should be used only in the straight portions
of a canal.
© GG drills are sized from 1 to 6 (with corresponding
diameters of 0.5 to 1.5 mm); the number of rings
or color-coding on the shank identifies the specific 44.
drill size.
: 6. ‘D’ [Cohen 11"" ed 419]
Retrograde filling materials can be classified as:
e Metals (these are no more used)
e Non-metals
Non-metals include
e Zinc oxide-eugenol cements (IRM and SuperEBA),
e Glass Ionomer Cement,
e — Diaket
¢ Composite resins (Retroplast),
e — Resin-glass ionomer hybrids (Geristore), and
¢ Mineral Trioxide Aggregate (ProRoot-MTA), and
¢ Bioceramics.
7. “B’ [Grossman 12th ed 349]
Carbamide peroxide degrades into 3% hydrogen peroxide
(active ingredient) and 7% urea. H,0, diffuses enamel
and dentin and release nascent oxygen that breaks down
the double bond of organic and inorganic compounds.
8. ‘C’ [Cohen 11% ed 109]
TAN block is a standard anaesthesia technique. When
the bur is in enamel, the patient feels nothing. Once 12.
the bur enters dentin (or possibly not until the pulp is
exposed), the patient feels sharp pain. Obviously, pulpal
anesthesia is not profound, and supplemental anesthetic
is required.
Supplemental Techniques:
¢ = Infiltrations
e Intraosseous Anesthesia
e Intraligamentary Anesthesia
¢ Intrapulpal Injection
9. ‘A’ [Ingle 5 ed 486]
Uses of barbed broach:
e Primarily for vital pulp extirpation.
e To loosen debris in necrotic canals or
e To remove paper points or cotton pellets. 13,
It must only be used in the straight part of the canal,
and insertion of the broach should not exceed 2/3 of
the canal length. With proper technique, the pulp will be
removed almost entirely as it becomes entangled in the
barbs of the broach.
aaa

+ ‘NW [Cohen 11 eg 109] az .
Guttapercha is only 20% in GP po; ail
ai ° oints.
Sterilized. They are stietifived iy ‘ ve ead bee
: ; y immersing in 5.2%,
sodium hypochlorite for 1 min. GP does not bond lo
dentin, so root canal sealers are necessary to seal de “ar
space between the dentinal wall and GP. é
sollney. AIPG 2017 section for IADT guidelines for
al) |
IADT recommends flexibte Splint for all luxation ,
injuries. P|
Concussion |The IADT guidelines recommend “a
and a flexible splint for 2 weeks for |
subluxation subluxation injuries. However, “=
splinting is generally not required for - ra
concussion or subluxation injuries. mh
Lateral The IADT guidelines recommend a :
luxation flexible splint for 4 weeks for lateral
luxation injuries. 2
!
Arch bar: .
¢ A metal bar is bent into the shape of the arch and .
fixed with ligature wires. =
¢ Disadvantages of this technique are that this type >
of splint is rigid and arch bars may loosen and =
cause irritation. =
¢ There may also be physical damage from the ligature - a
wires to the gingival tissues and the integrity of the ~
cemento-enamel junction.
e Arch bar splint is contraindicated for luxation et
injuries. ©.
‘BY [Ingle 5** ed 823] ' :
e Lateral luxation implies displacement |labially,
lingually, distally, or incisally. “hr
e Extrusive and lateral luxation and intrusion nearly é
always result in pulp death. ~
e Initial, urgent care for lateral luxation cases
includes repositioning the tooth and stabilization if
the tooth is mobile after being repositioned.
© The splinting, if needed, should be non-rigid and “
may need to be in place for 4 weeks. ~ air
e Definitive treatment for laterally luxated teeth
includes root canal therapy, except in developing eo
teeth, which may revascularize. ae
e The present case the age is 12 years so repositioning :
and RCT is the treatment. “Ey
e ‘
‘N [Shafer 7th ed 504] lh
¢ Spread of infection occurs from non-vital teeth to nn
form labial, palatal abscess, or vestibular abscess. /
e Palatal abscess arises from the apex of a severely ae
inclined lateral incisor or the palatal root of a q
maxillary first molar or premolar.",""
"Endodontics","12. RECENT PAPERS 2019-20 ENDODONTICS","7","Action of Carbamide peroxide in bleaching is?","Hydrolysis of peptide bond","Releases H₂O₂","Release of hypochlorite","Release of nascent oxygen","B","[Source explanation — printed page(s) 4]
ee
Ga vent 3 ube V Voi? La
be directed away from external root concavities in 10.
single-rooted and furcated teeth.
© GG drills should be used only in the straight portions
of a canal.
© GG drills are sized from 1 to 6 (with corresponding
diameters of 0.5 to 1.5 mm); the number of rings
or color-coding on the shank identifies the specific 44.
drill size.
: 6. ‘D’ [Cohen 11"" ed 419]
Retrograde filling materials can be classified as:
e Metals (these are no more used)
e Non-metals
Non-metals include
e Zinc oxide-eugenol cements (IRM and SuperEBA),
e Glass Ionomer Cement,
e — Diaket
¢ Composite resins (Retroplast),
e — Resin-glass ionomer hybrids (Geristore), and
¢ Mineral Trioxide Aggregate (ProRoot-MTA), and
¢ Bioceramics.
7. “B’ [Grossman 12th ed 349]
Carbamide peroxide degrades into 3% hydrogen peroxide
(active ingredient) and 7% urea. H,0, diffuses enamel
and dentin and release nascent oxygen that breaks down
the double bond of organic and inorganic compounds.
8. ‘C’ [Cohen 11% ed 109]
TAN block is a standard anaesthesia technique. When
the bur is in enamel, the patient feels nothing. Once 12.
the bur enters dentin (or possibly not until the pulp is
exposed), the patient feels sharp pain. Obviously, pulpal
anesthesia is not profound, and supplemental anesthetic
is required.
Supplemental Techniques:
¢ = Infiltrations
e Intraosseous Anesthesia
e Intraligamentary Anesthesia
¢ Intrapulpal Injection
9. ‘A’ [Ingle 5 ed 486]
Uses of barbed broach:
e Primarily for vital pulp extirpation.
e To loosen debris in necrotic canals or
e To remove paper points or cotton pellets. 13,
It must only be used in the straight part of the canal,
and insertion of the broach should not exceed 2/3 of
the canal length. With proper technique, the pulp will be
removed almost entirely as it becomes entangled in the
barbs of the broach.
aaa

+ ‘NW [Cohen 11 eg 109] az .
Guttapercha is only 20% in GP po; ail
ai ° oints.
Sterilized. They are stietifived iy ‘ ve ead bee
: ; y immersing in 5.2%,
sodium hypochlorite for 1 min. GP does not bond lo
dentin, so root canal sealers are necessary to seal de “ar
space between the dentinal wall and GP. é
sollney. AIPG 2017 section for IADT guidelines for
al) |
IADT recommends flexibte Splint for all luxation ,
injuries. P|
Concussion |The IADT guidelines recommend “a
and a flexible splint for 2 weeks for |
subluxation subluxation injuries. However, “=
splinting is generally not required for - ra
concussion or subluxation injuries. mh
Lateral The IADT guidelines recommend a :
luxation flexible splint for 4 weeks for lateral
luxation injuries. 2
!
Arch bar: .
¢ A metal bar is bent into the shape of the arch and .
fixed with ligature wires. =
¢ Disadvantages of this technique are that this type >
of splint is rigid and arch bars may loosen and =
cause irritation. =
¢ There may also be physical damage from the ligature - a
wires to the gingival tissues and the integrity of the ~
cemento-enamel junction.
e Arch bar splint is contraindicated for luxation et
injuries. ©.
‘BY [Ingle 5** ed 823] ' :
e Lateral luxation implies displacement |labially,
lingually, distally, or incisally. “hr
e Extrusive and lateral luxation and intrusion nearly é
always result in pulp death. ~
e Initial, urgent care for lateral luxation cases
includes repositioning the tooth and stabilization if
the tooth is mobile after being repositioned.
© The splinting, if needed, should be non-rigid and “
may need to be in place for 4 weeks. ~ air
e Definitive treatment for laterally luxated teeth
includes root canal therapy, except in developing eo
teeth, which may revascularize. ae
e The present case the age is 12 years so repositioning :
and RCT is the treatment. “Ey
e ‘
‘N [Shafer 7th ed 504] lh
¢ Spread of infection occurs from non-vital teeth to nn
form labial, palatal abscess, or vestibular abscess. /
e Palatal abscess arises from the apex of a severely ae
inclined lateral incisor or the palatal root of a q
maxillary first molar or premolar.",""
"Endodontics","12. RECENT PAPERS 2019-20 ENDODONTICS","8","Which is not a supplement technique of local anesthesia for doing RCT?","intraligamental","Intra osseous","inferior alveolar","intra pulpal","C","[Source explanation — printed page(s) 4]
ee
Ga vent 3 ube V Voi? La
be directed away from external root concavities in 10.
single-rooted and furcated teeth.
© GG drills should be used only in the straight portions
of a canal.
© GG drills are sized from 1 to 6 (with corresponding
diameters of 0.5 to 1.5 mm); the number of rings
or color-coding on the shank identifies the specific 44.
drill size.
: 6. ‘D’ [Cohen 11"" ed 419]
Retrograde filling materials can be classified as:
e Metals (these are no more used)
e Non-metals
Non-metals include
e Zinc oxide-eugenol cements (IRM and SuperEBA),
e Glass Ionomer Cement,
e — Diaket
¢ Composite resins (Retroplast),
e — Resin-glass ionomer hybrids (Geristore), and
¢ Mineral Trioxide Aggregate (ProRoot-MTA), and
¢ Bioceramics.
7. “B’ [Grossman 12th ed 349]
Carbamide peroxide degrades into 3% hydrogen peroxide
(active ingredient) and 7% urea. H,0, diffuses enamel
and dentin and release nascent oxygen that breaks down
the double bond of organic and inorganic compounds.
8. ‘C’ [Cohen 11% ed 109]
TAN block is a standard anaesthesia technique. When
the bur is in enamel, the patient feels nothing. Once 12.
the bur enters dentin (or possibly not until the pulp is
exposed), the patient feels sharp pain. Obviously, pulpal
anesthesia is not profound, and supplemental anesthetic
is required.
Supplemental Techniques:
¢ = Infiltrations
e Intraosseous Anesthesia
e Intraligamentary Anesthesia
¢ Intrapulpal Injection
9. ‘A’ [Ingle 5 ed 486]
Uses of barbed broach:
e Primarily for vital pulp extirpation.
e To loosen debris in necrotic canals or
e To remove paper points or cotton pellets. 13,
It must only be used in the straight part of the canal,
and insertion of the broach should not exceed 2/3 of
the canal length. With proper technique, the pulp will be
removed almost entirely as it becomes entangled in the
barbs of the broach.
aaa

+ ‘NW [Cohen 11 eg 109] az .
Guttapercha is only 20% in GP po; ail
ai ° oints.
Sterilized. They are stietifived iy ‘ ve ead bee
: ; y immersing in 5.2%,
sodium hypochlorite for 1 min. GP does not bond lo
dentin, so root canal sealers are necessary to seal de “ar
space between the dentinal wall and GP. é
sollney. AIPG 2017 section for IADT guidelines for
al) |
IADT recommends flexibte Splint for all luxation ,
injuries. P|
Concussion |The IADT guidelines recommend “a
and a flexible splint for 2 weeks for |
subluxation subluxation injuries. However, “=
splinting is generally not required for - ra
concussion or subluxation injuries. mh
Lateral The IADT guidelines recommend a :
luxation flexible splint for 4 weeks for lateral
luxation injuries. 2
!
Arch bar: .
¢ A metal bar is bent into the shape of the arch and .
fixed with ligature wires. =
¢ Disadvantages of this technique are that this type >
of splint is rigid and arch bars may loosen and =
cause irritation. =
¢ There may also be physical damage from the ligature - a
wires to the gingival tissues and the integrity of the ~
cemento-enamel junction.
e Arch bar splint is contraindicated for luxation et
injuries. ©.
‘BY [Ingle 5** ed 823] ' :
e Lateral luxation implies displacement |labially,
lingually, distally, or incisally. “hr
e Extrusive and lateral luxation and intrusion nearly é
always result in pulp death. ~
e Initial, urgent care for lateral luxation cases
includes repositioning the tooth and stabilization if
the tooth is mobile after being repositioned.
© The splinting, if needed, should be non-rigid and “
may need to be in place for 4 weeks. ~ air
e Definitive treatment for laterally luxated teeth
includes root canal therapy, except in developing eo
teeth, which may revascularize. ae
e The present case the age is 12 years so repositioning :
and RCT is the treatment. “Ey
e ‘
‘N [Shafer 7th ed 504] lh
¢ Spread of infection occurs from non-vital teeth to nn
form labial, palatal abscess, or vestibular abscess. /
e Palatal abscess arises from the apex of a severely ae
inclined lateral incisor or the palatal root of a q
maxillary first molar or premolar.",""
"Endodontics","12. RECENT PAPERS 2019-20 ENDODONTICS","9","Barbed broach is inserted in root canal to remove","loosen debris in necrotic canals","Collagen material deposition at apex","Increased Vascularity at apex","","A","[Source explanation — printed page(s) 4]
ee
Ga vent 3 ube V Voi? La
be directed away from external root concavities in 10.
single-rooted and furcated teeth.
© GG drills should be used only in the straight portions
of a canal.
© GG drills are sized from 1 to 6 (with corresponding
diameters of 0.5 to 1.5 mm); the number of rings
or color-coding on the shank identifies the specific 44.
drill size.
: 6. ‘D’ [Cohen 11"" ed 419]
Retrograde filling materials can be classified as:
e Metals (these are no more used)
e Non-metals
Non-metals include
e Zinc oxide-eugenol cements (IRM and SuperEBA),
e Glass Ionomer Cement,
e — Diaket
¢ Composite resins (Retroplast),
e — Resin-glass ionomer hybrids (Geristore), and
¢ Mineral Trioxide Aggregate (ProRoot-MTA), and
¢ Bioceramics.
7. “B’ [Grossman 12th ed 349]
Carbamide peroxide degrades into 3% hydrogen peroxide
(active ingredient) and 7% urea. H,0, diffuses enamel
and dentin and release nascent oxygen that breaks down
the double bond of organic and inorganic compounds.
8. ‘C’ [Cohen 11% ed 109]
TAN block is a standard anaesthesia technique. When
the bur is in enamel, the patient feels nothing. Once 12.
the bur enters dentin (or possibly not until the pulp is
exposed), the patient feels sharp pain. Obviously, pulpal
anesthesia is not profound, and supplemental anesthetic
is required.
Supplemental Techniques:
¢ = Infiltrations
e Intraosseous Anesthesia
e Intraligamentary Anesthesia
¢ Intrapulpal Injection
9. ‘A’ [Ingle 5 ed 486]
Uses of barbed broach:
e Primarily for vital pulp extirpation.
e To loosen debris in necrotic canals or
e To remove paper points or cotton pellets. 13,
It must only be used in the straight part of the canal,
and insertion of the broach should not exceed 2/3 of
the canal length. With proper technique, the pulp will be
removed almost entirely as it becomes entangled in the
barbs of the broach.
aaa

+ ‘NW [Cohen 11 eg 109] az .
Guttapercha is only 20% in GP po; ail
ai ° oints.
Sterilized. They are stietifived iy ‘ ve ead bee
: ; y immersing in 5.2%,
sodium hypochlorite for 1 min. GP does not bond lo
dentin, so root canal sealers are necessary to seal de “ar
space between the dentinal wall and GP. é
sollney. AIPG 2017 section for IADT guidelines for
al) |
IADT recommends flexibte Splint for all luxation ,
injuries. P|
Concussion |The IADT guidelines recommend “a
and a flexible splint for 2 weeks for |
subluxation subluxation injuries. However, “=
splinting is generally not required for - ra
concussion or subluxation injuries. mh
Lateral The IADT guidelines recommend a :
luxation flexible splint for 4 weeks for lateral
luxation injuries. 2
!
Arch bar: .
¢ A metal bar is bent into the shape of the arch and .
fixed with ligature wires. =
¢ Disadvantages of this technique are that this type >
of splint is rigid and arch bars may loosen and =
cause irritation. =
¢ There may also be physical damage from the ligature - a
wires to the gingival tissues and the integrity of the ~
cemento-enamel junction.
e Arch bar splint is contraindicated for luxation et
injuries. ©.
‘BY [Ingle 5** ed 823] ' :
e Lateral luxation implies displacement |labially,
lingually, distally, or incisally. “hr
e Extrusive and lateral luxation and intrusion nearly é
always result in pulp death. ~
e Initial, urgent care for lateral luxation cases
includes repositioning the tooth and stabilization if
the tooth is mobile after being repositioned.
© The splinting, if needed, should be non-rigid and “
may need to be in place for 4 weeks. ~ air
e Definitive treatment for laterally luxated teeth
includes root canal therapy, except in developing eo
teeth, which may revascularize. ae
e The present case the age is 12 years so repositioning :
and RCT is the treatment. “Ey
e ‘
‘N [Shafer 7th ed 504] lh
¢ Spread of infection occurs from non-vital teeth to nn
form labial, palatal abscess, or vestibular abscess. /
e Palatal abscess arises from the apex of a severely ae
inclined lateral incisor or the palatal root of a q
maxillary first molar or premolar.",""
"Endodontics","12. RECENT PAPERS 2019-20 ENDODONTICS","10","Which is true about gutta percha points?","Colour coded","Bonds to dentin","It contains 40-50% guttapercha","Can be heat sterilized","A","[Source explanation — printed page(s) 4]
ee
Ga vent 3 ube V Voi? La
be directed away from external root concavities in 10.
single-rooted and furcated teeth.
© GG drills should be used only in the straight portions
of a canal.
© GG drills are sized from 1 to 6 (with corresponding
diameters of 0.5 to 1.5 mm); the number of rings
or color-coding on the shank identifies the specific 44.
drill size.
: 6. ‘D’ [Cohen 11"" ed 419]
Retrograde filling materials can be classified as:
e Metals (these are no more used)
e Non-metals
Non-metals include
e Zinc oxide-eugenol cements (IRM and SuperEBA),
e Glass Ionomer Cement,
e — Diaket
¢ Composite resins (Retroplast),
e — Resin-glass ionomer hybrids (Geristore), and
¢ Mineral Trioxide Aggregate (ProRoot-MTA), and
¢ Bioceramics.
7. “B’ [Grossman 12th ed 349]
Carbamide peroxide degrades into 3% hydrogen peroxide
(active ingredient) and 7% urea. H,0, diffuses enamel
and dentin and release nascent oxygen that breaks down
the double bond of organic and inorganic compounds.
8. ‘C’ [Cohen 11% ed 109]
TAN block is a standard anaesthesia technique. When
the bur is in enamel, the patient feels nothing. Once 12.
the bur enters dentin (or possibly not until the pulp is
exposed), the patient feels sharp pain. Obviously, pulpal
anesthesia is not profound, and supplemental anesthetic
is required.
Supplemental Techniques:
¢ = Infiltrations
e Intraosseous Anesthesia
e Intraligamentary Anesthesia
¢ Intrapulpal Injection
9. ‘A’ [Ingle 5 ed 486]
Uses of barbed broach:
e Primarily for vital pulp extirpation.
e To loosen debris in necrotic canals or
e To remove paper points or cotton pellets. 13,
It must only be used in the straight part of the canal,
and insertion of the broach should not exceed 2/3 of
the canal length. With proper technique, the pulp will be
removed almost entirely as it becomes entangled in the
barbs of the broach.
aaa

+ ‘NW [Cohen 11 eg 109] az .
Guttapercha is only 20% in GP po; ail
ai ° oints.
Sterilized. They are stietifived iy ‘ ve ead bee
: ; y immersing in 5.2%,
sodium hypochlorite for 1 min. GP does not bond lo
dentin, so root canal sealers are necessary to seal de “ar
space between the dentinal wall and GP. é
sollney. AIPG 2017 section for IADT guidelines for
al) |
IADT recommends flexibte Splint for all luxation ,
injuries. P|
Concussion |The IADT guidelines recommend “a
and a flexible splint for 2 weeks for |
subluxation subluxation injuries. However, “=
splinting is generally not required for - ra
concussion or subluxation injuries. mh
Lateral The IADT guidelines recommend a :
luxation flexible splint for 4 weeks for lateral
luxation injuries. 2
!
Arch bar: .
¢ A metal bar is bent into the shape of the arch and .
fixed with ligature wires. =
¢ Disadvantages of this technique are that this type >
of splint is rigid and arch bars may loosen and =
cause irritation. =
¢ There may also be physical damage from the ligature - a
wires to the gingival tissues and the integrity of the ~
cemento-enamel junction.
e Arch bar splint is contraindicated for luxation et
injuries. ©.
‘BY [Ingle 5** ed 823] ' :
e Lateral luxation implies displacement |labially,
lingually, distally, or incisally. “hr
e Extrusive and lateral luxation and intrusion nearly é
always result in pulp death. ~
e Initial, urgent care for lateral luxation cases
includes repositioning the tooth and stabilization if
the tooth is mobile after being repositioned.
© The splinting, if needed, should be non-rigid and “
may need to be in place for 4 weeks. ~ air
e Definitive treatment for laterally luxated teeth
includes root canal therapy, except in developing eo
teeth, which may revascularize. ae
e The present case the age is 12 years so repositioning :
and RCT is the treatment. “Ey
e ‘
‘N [Shafer 7th ed 504] lh
¢ Spread of infection occurs from non-vital teeth to nn
form labial, palatal abscess, or vestibular abscess. /
e Palatal abscess arises from the apex of a severely ae
inclined lateral incisor or the palatal root of a q
maxillary first molar or premolar.",""
"Endodontics","12. RECENT PAPERS 2019-20 ENDODONTICS","11","IOPA of Arch bar on maxillary teeth was given, patient have history of fall resulting in lateral luxation of 11, 21 and subluxation of 12, 22. According to 2012 International Association of Dental Traumatology guidelines (IADT) guidelines, which of the following is correct?","Use of arch bar is contraindicated","Extraction of 11 and 21","Rigid fixation of 11, 21 & flexible splinting irt 12, 22.","Use of Arch bar is correct","A","<table border=""1"" cellpadding=""6"" cellspacing=""0"" style=""border-collapse:collapse;width:100%;font-size:13px""><tr style=""background:#e75480;color:#fff;font-weight:bold""><td>Injury</td><td>Splinting recommendation</td></tr><tr><td>Concussion and subluxation</td><td>The IADT guidelines recommend a flexible splint for 2 weeks for subluxation injuries. However, splinting is generally not required for concussion or subluxation injuries.</td></tr><tr><td>Lateral luxation</td><td>The IADT guidelines recommend a flexible splint for 4 weeks for lateral luxation injuries.</td></tr></table>","Requires image/diagram: source question or explanation contains a figure/image (printed page 752)."
"Endodontics","12. RECENT PAPERS 2019-20 ENDODONTICS","12","A 12 yr male reported after trauma with labial luxation of maxillary central incisor. Treatment plan is","Wait and watch","Repositioning of teeth and RCT","lumpectomy","Splinting alone","B","[Source explanation — printed page(s) 4]
ee
Ga vent 3 ube V Voi? La
be directed away from external root concavities in 10.
single-rooted and furcated teeth.
© GG drills should be used only in the straight portions
of a canal.
© GG drills are sized from 1 to 6 (with corresponding
diameters of 0.5 to 1.5 mm); the number of rings
or color-coding on the shank identifies the specific 44.
drill size.
: 6. ‘D’ [Cohen 11"" ed 419]
Retrograde filling materials can be classified as:
e Metals (these are no more used)
e Non-metals
Non-metals include
e Zinc oxide-eugenol cements (IRM and SuperEBA),
e Glass Ionomer Cement,
e — Diaket
¢ Composite resins (Retroplast),
e — Resin-glass ionomer hybrids (Geristore), and
¢ Mineral Trioxide Aggregate (ProRoot-MTA), and
¢ Bioceramics.
7. “B’ [Grossman 12th ed 349]
Carbamide peroxide degrades into 3% hydrogen peroxide
(active ingredient) and 7% urea. H,0, diffuses enamel
and dentin and release nascent oxygen that breaks down
the double bond of organic and inorganic compounds.
8. ‘C’ [Cohen 11% ed 109]
TAN block is a standard anaesthesia technique. When
the bur is in enamel, the patient feels nothing. Once 12.
the bur enters dentin (or possibly not until the pulp is
exposed), the patient feels sharp pain. Obviously, pulpal
anesthesia is not profound, and supplemental anesthetic
is required.
Supplemental Techniques:
¢ = Infiltrations
e Intraosseous Anesthesia
e Intraligamentary Anesthesia
¢ Intrapulpal Injection
9. ‘A’ [Ingle 5 ed 486]
Uses of barbed broach:
e Primarily for vital pulp extirpation.
e To loosen debris in necrotic canals or
e To remove paper points or cotton pellets. 13,
It must only be used in the straight part of the canal,
and insertion of the broach should not exceed 2/3 of
the canal length. With proper technique, the pulp will be
removed almost entirely as it becomes entangled in the
barbs of the broach.
aaa

+ ‘NW [Cohen 11 eg 109] az .
Guttapercha is only 20% in GP po; ail
ai ° oints.
Sterilized. They are stietifived iy ‘ ve ead bee
: ; y immersing in 5.2%,
sodium hypochlorite for 1 min. GP does not bond lo
dentin, so root canal sealers are necessary to seal de “ar
space between the dentinal wall and GP. é
sollney. AIPG 2017 section for IADT guidelines for
al) |
IADT recommends flexibte Splint for all luxation ,
injuries. P|
Concussion |The IADT guidelines recommend “a
and a flexible splint for 2 weeks for |
subluxation subluxation injuries. However, “=
splinting is generally not required for - ra
concussion or subluxation injuries. mh
Lateral The IADT guidelines recommend a :
luxation flexible splint for 4 weeks for lateral
luxation injuries. 2
!
Arch bar: .
¢ A metal bar is bent into the shape of the arch and .
fixed with ligature wires. =
¢ Disadvantages of this technique are that this type >
of splint is rigid and arch bars may loosen and =
cause irritation. =
¢ There may also be physical damage from the ligature - a
wires to the gingival tissues and the integrity of the ~
cemento-enamel junction.
e Arch bar splint is contraindicated for luxation et
injuries. ©.
‘BY [Ingle 5** ed 823] ' :
e Lateral luxation implies displacement |labially,
lingually, distally, or incisally. “hr
e Extrusive and lateral luxation and intrusion nearly é
always result in pulp death. ~
e Initial, urgent care for lateral luxation cases
includes repositioning the tooth and stabilization if
the tooth is mobile after being repositioned.
© The splinting, if needed, should be non-rigid and “
may need to be in place for 4 weeks. ~ air
e Definitive treatment for laterally luxated teeth
includes root canal therapy, except in developing eo
teeth, which may revascularize. ae
e The present case the age is 12 years so repositioning :
and RCT is the treatment. “Ey
e ‘
‘N [Shafer 7th ed 504] lh
¢ Spread of infection occurs from non-vital teeth to nn
form labial, palatal abscess, or vestibular abscess. /
e Palatal abscess arises from the apex of a severely ae
inclined lateral incisor or the palatal root of a q
maxillary first molar or premolar.",""
"Endodontics","12. RECENT PAPERS 2019-20 ENDODONTICS","13","Endodontic infection from which tooth can commonly give rise to palatal abscess","nonvital lateral incisor","nonvital central incisor","vital lateral incisor","non vital second premolar","A","[Source explanation — printed page(s) 4, 6]
ee
Ga vent 3 ube V Voi? La
be directed away from external root concavities in 10.
single-rooted and furcated teeth.
© GG drills should be used only in the straight portions
of a canal.
© GG drills are sized from 1 to 6 (with corresponding
diameters of 0.5 to 1.5 mm); the number of rings
or color-coding on the shank identifies the specific 44.
drill size.
: 6. ‘D’ [Cohen 11"" ed 419]
Retrograde filling materials can be classified as:
e Metals (these are no more used)
e Non-metals
Non-metals include
e Zinc oxide-eugenol cements (IRM and SuperEBA),
e Glass Ionomer Cement,
e — Diaket
¢ Composite resins (Retroplast),
e — Resin-glass ionomer hybrids (Geristore), and
¢ Mineral Trioxide Aggregate (ProRoot-MTA), and
¢ Bioceramics.
7. “B’ [Grossman 12th ed 349]
Carbamide peroxide degrades into 3% hydrogen peroxide
(active ingredient) and 7% urea. H,0, diffuses enamel
and dentin and release nascent oxygen that breaks down
the double bond of organic and inorganic compounds.
8. ‘C’ [Cohen 11% ed 109]
TAN block is a standard anaesthesia technique. When
the bur is in enamel, the patient feels nothing. Once 12.
the bur enters dentin (or possibly not until the pulp is
exposed), the patient feels sharp pain. Obviously, pulpal
anesthesia is not profound, and supplemental anesthetic
is required.
Supplemental Techniques:
¢ = Infiltrations
e Intraosseous Anesthesia
e Intraligamentary Anesthesia
¢ Intrapulpal Injection
9. ‘A’ [Ingle 5 ed 486]
Uses of barbed broach:
e Primarily for vital pulp extirpation.
e To loosen debris in necrotic canals or
e To remove paper points or cotton pellets. 13,
It must only be used in the straight part of the canal,
and insertion of the broach should not exceed 2/3 of
the canal length. With proper technique, the pulp will be
removed almost entirely as it becomes entangled in the
barbs of the broach.
aaa

+ ‘NW [Cohen 11 eg 109] az .
Guttapercha is only 20% in GP po; ail
ai ° oints.
Sterilized. They are stietifived iy ‘ ve ead bee
: ; y immersing in 5.2%,
sodium hypochlorite for 1 min. GP does not bond lo
dentin, so root canal sealers are necessary to seal de “ar
space between the dentinal wall and GP. é
sollney. AIPG 2017 section for IADT guidelines for
al) |
IADT recommends flexibte Splint for all luxation ,
injuries. P|
Concussion |The IADT guidelines recommend “a
and a flexible splint for 2 weeks for |
subluxation subluxation injuries. However, “=
splinting is generally not required for - ra
concussion or subluxation injuries. mh
Lateral The IADT guidelines recommend a :
luxation flexible splint for 4 weeks for lateral
luxation injuries. 2
!
Arch bar: .
¢ A metal bar is bent into the shape of the arch and .
fixed with ligature wires. =
¢ Disadvantages of this technique are that this type >
of splint is rigid and arch bars may loosen and =
cause irritation. =
¢ There may also be physical damage from the ligature - a
wires to the gingival tissues and the integrity of the ~
cemento-enamel junction.
e Arch bar splint is contraindicated for luxation et
injuries. ©.
‘BY [Ingle 5** ed 823] ' :
e Lateral luxation implies displacement |labially,
lingually, distally, or incisally. “hr
e Extrusive and lateral luxation and intrusion nearly é
always result in pulp death. ~
e Initial, urgent care for lateral luxation cases
includes repositioning the tooth and stabilization if
the tooth is mobile after being repositioned.
© The splinting, if needed, should be non-rigid and “
may need to be in place for 4 weeks. ~ air
e Definitive treatment for laterally luxated teeth
includes root canal therapy, except in developing eo
teeth, which may revascularize. ae
e The present case the age is 12 years so repositioning :
and RCT is the treatment. “Ey
e ‘
‘N [Shafer 7th ed 504] lh
¢ Spread of infection occurs from non-vital teeth to nn
form labial, palatal abscess, or vestibular abscess. /
e Palatal abscess arises from the apex of a severely ae
inclined lateral incisor or the palatal root of a q
maxillary first molar or premolar.


SRR rerereenere:
° The infection Spreads fi i GE
a teeth, perforating the ala oe a ene
Pus accumulates below di atal alveolar bone, and
itisimcethor sa e palatal mucoperiosteum.
infection ies 's tightly bound down in this area,
j ° It is import 's site is often very painful.
s the Son ORRE to be aware that the lateral incisor is
st source of palatal abscess.
ae - [Sturdevant 6th ed 189]
& iaiéiciurme cn New York City dentist, introduced
Ns abationaed us ) meee Use of rubber dam ensures
) clnasiaes tyness 0 teeth and improves the quality of
ms storative dentistry.
15. ‘A’ [McDonald 9th ed 405]
me ihe ae of the injured tooth should be performed,
: eeth in the immediate area, as well as those
i. in the opposing arch, should be tested. The best
- prediction of continued vitality of the pulp of a damaged
my, or traumatized tooth is the vital response to electric
a pulp testing at the time of the initial examination. A
7° negative response, however, is not reliable evidence of
pulp death because some teeth that give such a response
~~ soon after the injury may recover vitality after a time.
When the electric pulp tester is used, the dentis'
;~ should first determine the normal reading by testinc
: an uninjured tooth on the opposite side of the moutt
.> and recording the lowest number at which the toott
= responds. If the injured tooth requires more curren
1 than does a normal tooth, the pulp may be undergoin:
y degenerative change.
il 16. ‘B’ [Check AIPG 2018]
(| ee) 17. ‘A’ [Cohen 10th ed 382]
e MTA is clearly the material of choice. MTA produce
[o an artificial barrier against which an obturatin
i material may be condensed.
<a e After placement of the MTA barrier, a radiographi
‘fe is made to confirm that the canal space close t
) the apex is adequately filled. A wet cotton pellet i
eo placed above the MTA to ensure setting and a we
we. sealing temporary restoration is placed.
y” The patient is recalled when the MTA has set «
ey least 24 hours for obturation and placement of th
r° permanent restoration.
Ay e If calcium hydroxide were placed, it would allo
; the tissue to form a biologic barrier. While calciu
Y hydroxide has been widely used, it has seriot
¢* : disadvantages. It has been shown to weaken tt
iv dentin and must be replaced at monthly interva
and removed some months after placement befo
ib final obturation.
o,

se 18. ‘A’ [Cohen 11* ed 20]
nd ¢ Craze lines are merely cracks in the enamel that do
Mm. not extend into the dentin and either occur naturally
2a, or develop after trauma. They are more prevalent in
adult teeth and usually occur more in the posterior
ris teeth. If light is transilluminated through the crown
of such a tooth, these craze lines may show up as
fine lines in the enamel with light being able to
transmit through them, indicating that the crack
ed is only superficial.
res e Directing a high-intensity light directly on the
of exterior surface of the tooth at the cementum-enamel
junction (CEJ) may reveal the extent of the fracture.
¢ The part of the tooth that is proximal to the light
source will absorb this light and glow, whereas
ed, the area beyond this fracture will not have light
E transmitted to it and will show as gray by comparison.
ged 149, ‘C’ [Cohen 11** ed 96]
tric e After a conventional IAN block injection, the
A onset of pulpal anesthesia occurs within 10 to 15
of minutes in most cases.
use e Slow onset can be defined as percentage of subjects
who achieved a nonresponsive EPT reading after 15
minutes. In mandibular teeth, slow onset occurs in
it 12% to 20% of patients.
‘ing
fl Aesthetic success:
an One way to define anesthetic success for nerve blocks is
oe the percentage of subjects who achieve two consecutive
de) nonresponsive readings on electrical pulp testing
within 15 minutes and continuously sustain this lack
of responsiveness for 60 minutes. In other words, the
objective has to achieve anesthesia within 15 minutes
and to have it last 1 hour
cee 20. ‘A’ [Cohen 11* ed 547]
ng e The electric pulp tester delivers a current sufficient
to overcome the resistance of enamel and dentin
phic and stimulate the sensory A delta fibers at the
e to dentin-pulp border zone.
at is e Smaller C fibers of the pulp do not respond to
well the conventional pulp tester because significantly
| more current is needed to stimulate them.
t at e Bender and associates found that in anterior teeth,
the the optimal placement site of the electrode is the
incisal edge, as the response threshold is lowest
low at that location and increases as the electrode is
cium moved toward the cervical region of the tooth.
oe 21. ‘BY [Cohen 11*"" ed 720, 20]
rvals © Because of the multitude of signs and symptoms that
afore fractured roots can present with, it is often difficult
to achieve an objective definitive diagnosis.
© As the cracks are difficult to find and their symptoms
can be so variable, the name cracked tooth syndrome",""
"Endodontics","12. RECENT PAPERS 2019-20 ENDODONTICS","14","Rubber dam was given by:","Black","Buonocore","Barnu","Wilson and Kent","C","[Source explanation — printed page(s) 6]
SRR rerereenere:
° The infection Spreads fi i GE
a teeth, perforating the ala oe a ene
Pus accumulates below di atal alveolar bone, and
itisimcethor sa e palatal mucoperiosteum.
infection ies 's tightly bound down in this area,
j ° It is import 's site is often very painful.
s the Son ORRE to be aware that the lateral incisor is
st source of palatal abscess.
ae - [Sturdevant 6th ed 189]
& iaiéiciurme cn New York City dentist, introduced
Ns abationaed us ) meee Use of rubber dam ensures
) clnasiaes tyness 0 teeth and improves the quality of
ms storative dentistry.
15. ‘A’ [McDonald 9th ed 405]
me ihe ae of the injured tooth should be performed,
: eeth in the immediate area, as well as those
i. in the opposing arch, should be tested. The best
- prediction of continued vitality of the pulp of a damaged
my, or traumatized tooth is the vital response to electric
a pulp testing at the time of the initial examination. A
7° negative response, however, is not reliable evidence of
pulp death because some teeth that give such a response
~~ soon after the injury may recover vitality after a time.
When the electric pulp tester is used, the dentis'
;~ should first determine the normal reading by testinc
: an uninjured tooth on the opposite side of the moutt
.> and recording the lowest number at which the toott
= responds. If the injured tooth requires more curren
1 than does a normal tooth, the pulp may be undergoin:
y degenerative change.
il 16. ‘B’ [Check AIPG 2018]
(| ee) 17. ‘A’ [Cohen 10th ed 382]
e MTA is clearly the material of choice. MTA produce
[o an artificial barrier against which an obturatin
i material may be condensed.
<a e After placement of the MTA barrier, a radiographi
‘fe is made to confirm that the canal space close t
) the apex is adequately filled. A wet cotton pellet i
eo placed above the MTA to ensure setting and a we
we. sealing temporary restoration is placed.
y” The patient is recalled when the MTA has set «
ey least 24 hours for obturation and placement of th
r° permanent restoration.
Ay e If calcium hydroxide were placed, it would allo
; the tissue to form a biologic barrier. While calciu
Y hydroxide has been widely used, it has seriot
¢* : disadvantages. It has been shown to weaken tt
iv dentin and must be replaced at monthly interva
and removed some months after placement befo
ib final obturation.
o,

se 18. ‘A’ [Cohen 11* ed 20]
nd ¢ Craze lines are merely cracks in the enamel that do
Mm. not extend into the dentin and either occur naturally
2a, or develop after trauma. They are more prevalent in
adult teeth and usually occur more in the posterior
ris teeth. If light is transilluminated through the crown
of such a tooth, these craze lines may show up as
fine lines in the enamel with light being able to
transmit through them, indicating that the crack
ed is only superficial.
res e Directing a high-intensity light directly on the
of exterior surface of the tooth at the cementum-enamel
junction (CEJ) may reveal the extent of the fracture.
¢ The part of the tooth that is proximal to the light
source will absorb this light and glow, whereas
ed, the area beyond this fracture will not have light
E transmitted to it and will show as gray by comparison.
ged 149, ‘C’ [Cohen 11** ed 96]
tric e After a conventional IAN block injection, the
A onset of pulpal anesthesia occurs within 10 to 15
of minutes in most cases.
use e Slow onset can be defined as percentage of subjects
who achieved a nonresponsive EPT reading after 15
minutes. In mandibular teeth, slow onset occurs in
it 12% to 20% of patients.
‘ing
fl Aesthetic success:
an One way to define anesthetic success for nerve blocks is
oe the percentage of subjects who achieve two consecutive
de) nonresponsive readings on electrical pulp testing
within 15 minutes and continuously sustain this lack
of responsiveness for 60 minutes. In other words, the
objective has to achieve anesthesia within 15 minutes
and to have it last 1 hour
cee 20. ‘A’ [Cohen 11* ed 547]
ng e The electric pulp tester delivers a current sufficient
to overcome the resistance of enamel and dentin
phic and stimulate the sensory A delta fibers at the
e to dentin-pulp border zone.
at is e Smaller C fibers of the pulp do not respond to
well the conventional pulp tester because significantly
| more current is needed to stimulate them.
t at e Bender and associates found that in anterior teeth,
the the optimal placement site of the electrode is the
incisal edge, as the response threshold is lowest
low at that location and increases as the electrode is
cium moved toward the cervical region of the tooth.
oe 21. ‘BY [Cohen 11*"" ed 720, 20]
rvals © Because of the multitude of signs and symptoms that
afore fractured roots can present with, it is often difficult
to achieve an objective definitive diagnosis.
© As the cracks are difficult to find and their symptoms
can be so variable, the name cracked tooth syndrome",""
"Endodontics","12. RECENT PAPERS 2019-20 ENDODONTICS","15","After trauma immediate vitality test is done to check:","For baseline comparison","Pulpal necrosis","Internal hemorrhage","All of the above","A","[Source explanation — printed page(s) 6]
SRR rerereenere:
° The infection Spreads fi i GE
a teeth, perforating the ala oe a ene
Pus accumulates below di atal alveolar bone, and
itisimcethor sa e palatal mucoperiosteum.
infection ies 's tightly bound down in this area,
j ° It is import 's site is often very painful.
s the Son ORRE to be aware that the lateral incisor is
st source of palatal abscess.
ae - [Sturdevant 6th ed 189]
& iaiéiciurme cn New York City dentist, introduced
Ns abationaed us ) meee Use of rubber dam ensures
) clnasiaes tyness 0 teeth and improves the quality of
ms storative dentistry.
15. ‘A’ [McDonald 9th ed 405]
me ihe ae of the injured tooth should be performed,
: eeth in the immediate area, as well as those
i. in the opposing arch, should be tested. The best
- prediction of continued vitality of the pulp of a damaged
my, or traumatized tooth is the vital response to electric
a pulp testing at the time of the initial examination. A
7° negative response, however, is not reliable evidence of
pulp death because some teeth that give such a response
~~ soon after the injury may recover vitality after a time.
When the electric pulp tester is used, the dentis'
;~ should first determine the normal reading by testinc
: an uninjured tooth on the opposite side of the moutt
.> and recording the lowest number at which the toott
= responds. If the injured tooth requires more curren
1 than does a normal tooth, the pulp may be undergoin:
y degenerative change.
il 16. ‘B’ [Check AIPG 2018]
(| ee) 17. ‘A’ [Cohen 10th ed 382]
e MTA is clearly the material of choice. MTA produce
[o an artificial barrier against which an obturatin
i material may be condensed.
<a e After placement of the MTA barrier, a radiographi
‘fe is made to confirm that the canal space close t
) the apex is adequately filled. A wet cotton pellet i
eo placed above the MTA to ensure setting and a we
we. sealing temporary restoration is placed.
y” The patient is recalled when the MTA has set «
ey least 24 hours for obturation and placement of th
r° permanent restoration.
Ay e If calcium hydroxide were placed, it would allo
; the tissue to form a biologic barrier. While calciu
Y hydroxide has been widely used, it has seriot
¢* : disadvantages. It has been shown to weaken tt
iv dentin and must be replaced at monthly interva
and removed some months after placement befo
ib final obturation.
o,

se 18. ‘A’ [Cohen 11* ed 20]
nd ¢ Craze lines are merely cracks in the enamel that do
Mm. not extend into the dentin and either occur naturally
2a, or develop after trauma. They are more prevalent in
adult teeth and usually occur more in the posterior
ris teeth. If light is transilluminated through the crown
of such a tooth, these craze lines may show up as
fine lines in the enamel with light being able to
transmit through them, indicating that the crack
ed is only superficial.
res e Directing a high-intensity light directly on the
of exterior surface of the tooth at the cementum-enamel
junction (CEJ) may reveal the extent of the fracture.
¢ The part of the tooth that is proximal to the light
source will absorb this light and glow, whereas
ed, the area beyond this fracture will not have light
E transmitted to it and will show as gray by comparison.
ged 149, ‘C’ [Cohen 11** ed 96]
tric e After a conventional IAN block injection, the
A onset of pulpal anesthesia occurs within 10 to 15
of minutes in most cases.
use e Slow onset can be defined as percentage of subjects
who achieved a nonresponsive EPT reading after 15
minutes. In mandibular teeth, slow onset occurs in
it 12% to 20% of patients.
‘ing
fl Aesthetic success:
an One way to define anesthetic success for nerve blocks is
oe the percentage of subjects who achieve two consecutive
de) nonresponsive readings on electrical pulp testing
within 15 minutes and continuously sustain this lack
of responsiveness for 60 minutes. In other words, the
objective has to achieve anesthesia within 15 minutes
and to have it last 1 hour
cee 20. ‘A’ [Cohen 11* ed 547]
ng e The electric pulp tester delivers a current sufficient
to overcome the resistance of enamel and dentin
phic and stimulate the sensory A delta fibers at the
e to dentin-pulp border zone.
at is e Smaller C fibers of the pulp do not respond to
well the conventional pulp tester because significantly
| more current is needed to stimulate them.
t at e Bender and associates found that in anterior teeth,
the the optimal placement site of the electrode is the
incisal edge, as the response threshold is lowest
low at that location and increases as the electrode is
cium moved toward the cervical region of the tooth.
oe 21. ‘BY [Cohen 11*"" ed 720, 20]
rvals © Because of the multitude of signs and symptoms that
afore fractured roots can present with, it is often difficult
to achieve an objective definitive diagnosis.
© As the cracks are difficult to find and their symptoms
can be so variable, the name cracked tooth syndrome",""
"Endodontics","12. RECENT PAPERS 2019-20 ENDODONTICS","16","Dull throbbing pain of pulpal origin is carried out by:","Myelinated C fibers","Unmyelinated C fibers","Unmyelinated A fiberss","Myelinated A fibers","B","[Source explanation — printed page(s) 6]
SRR rerereenere:
° The infection Spreads fi i GE
a teeth, perforating the ala oe a ene
Pus accumulates below di atal alveolar bone, and
itisimcethor sa e palatal mucoperiosteum.
infection ies 's tightly bound down in this area,
j ° It is import 's site is often very painful.
s the Son ORRE to be aware that the lateral incisor is
st source of palatal abscess.
ae - [Sturdevant 6th ed 189]
& iaiéiciurme cn New York City dentist, introduced
Ns abationaed us ) meee Use of rubber dam ensures
) clnasiaes tyness 0 teeth and improves the quality of
ms storative dentistry.
15. ‘A’ [McDonald 9th ed 405]
me ihe ae of the injured tooth should be performed,
: eeth in the immediate area, as well as those
i. in the opposing arch, should be tested. The best
- prediction of continued vitality of the pulp of a damaged
my, or traumatized tooth is the vital response to electric
a pulp testing at the time of the initial examination. A
7° negative response, however, is not reliable evidence of
pulp death because some teeth that give such a response
~~ soon after the injury may recover vitality after a time.
When the electric pulp tester is used, the dentis'
;~ should first determine the normal reading by testinc
: an uninjured tooth on the opposite side of the moutt
.> and recording the lowest number at which the toott
= responds. If the injured tooth requires more curren
1 than does a normal tooth, the pulp may be undergoin:
y degenerative change.
il 16. ‘B’ [Check AIPG 2018]
(| ee) 17. ‘A’ [Cohen 10th ed 382]
e MTA is clearly the material of choice. MTA produce
[o an artificial barrier against which an obturatin
i material may be condensed.
<a e After placement of the MTA barrier, a radiographi
‘fe is made to confirm that the canal space close t
) the apex is adequately filled. A wet cotton pellet i
eo placed above the MTA to ensure setting and a we
we. sealing temporary restoration is placed.
y” The patient is recalled when the MTA has set «
ey least 24 hours for obturation and placement of th
r° permanent restoration.
Ay e If calcium hydroxide were placed, it would allo
; the tissue to form a biologic barrier. While calciu
Y hydroxide has been widely used, it has seriot
¢* : disadvantages. It has been shown to weaken tt
iv dentin and must be replaced at monthly interva
and removed some months after placement befo
ib final obturation.
o,

se 18. ‘A’ [Cohen 11* ed 20]
nd ¢ Craze lines are merely cracks in the enamel that do
Mm. not extend into the dentin and either occur naturally
2a, or develop after trauma. They are more prevalent in
adult teeth and usually occur more in the posterior
ris teeth. If light is transilluminated through the crown
of such a tooth, these craze lines may show up as
fine lines in the enamel with light being able to
transmit through them, indicating that the crack
ed is only superficial.
res e Directing a high-intensity light directly on the
of exterior surface of the tooth at the cementum-enamel
junction (CEJ) may reveal the extent of the fracture.
¢ The part of the tooth that is proximal to the light
source will absorb this light and glow, whereas
ed, the area beyond this fracture will not have light
E transmitted to it and will show as gray by comparison.
ged 149, ‘C’ [Cohen 11** ed 96]
tric e After a conventional IAN block injection, the
A onset of pulpal anesthesia occurs within 10 to 15
of minutes in most cases.
use e Slow onset can be defined as percentage of subjects
who achieved a nonresponsive EPT reading after 15
minutes. In mandibular teeth, slow onset occurs in
it 12% to 20% of patients.
‘ing
fl Aesthetic success:
an One way to define anesthetic success for nerve blocks is
oe the percentage of subjects who achieve two consecutive
de) nonresponsive readings on electrical pulp testing
within 15 minutes and continuously sustain this lack
of responsiveness for 60 minutes. In other words, the
objective has to achieve anesthesia within 15 minutes
and to have it last 1 hour
cee 20. ‘A’ [Cohen 11* ed 547]
ng e The electric pulp tester delivers a current sufficient
to overcome the resistance of enamel and dentin
phic and stimulate the sensory A delta fibers at the
e to dentin-pulp border zone.
at is e Smaller C fibers of the pulp do not respond to
well the conventional pulp tester because significantly
| more current is needed to stimulate them.
t at e Bender and associates found that in anterior teeth,
the the optimal placement site of the electrode is the
incisal edge, as the response threshold is lowest
low at that location and increases as the electrode is
cium moved toward the cervical region of the tooth.
oe 21. ‘BY [Cohen 11*"" ed 720, 20]
rvals © Because of the multitude of signs and symptoms that
afore fractured roots can present with, it is often difficult
to achieve an objective definitive diagnosis.
© As the cracks are difficult to find and their symptoms
can be so variable, the name cracked tooth syndrome",""
"Endodontics","12. RECENT PAPERS 2019-20 ENDODONTICS","17","MTA in apexification forms a part of:","Root end filling","Intracanal medicament","Sealer","Post endodontic restoration","A","[Source explanation — printed page(s) 6]
SRR rerereenere:
° The infection Spreads fi i GE
a teeth, perforating the ala oe a ene
Pus accumulates below di atal alveolar bone, and
itisimcethor sa e palatal mucoperiosteum.
infection ies 's tightly bound down in this area,
j ° It is import 's site is often very painful.
s the Son ORRE to be aware that the lateral incisor is
st source of palatal abscess.
ae - [Sturdevant 6th ed 189]
& iaiéiciurme cn New York City dentist, introduced
Ns abationaed us ) meee Use of rubber dam ensures
) clnasiaes tyness 0 teeth and improves the quality of
ms storative dentistry.
15. ‘A’ [McDonald 9th ed 405]
me ihe ae of the injured tooth should be performed,
: eeth in the immediate area, as well as those
i. in the opposing arch, should be tested. The best
- prediction of continued vitality of the pulp of a damaged
my, or traumatized tooth is the vital response to electric
a pulp testing at the time of the initial examination. A
7° negative response, however, is not reliable evidence of
pulp death because some teeth that give such a response
~~ soon after the injury may recover vitality after a time.
When the electric pulp tester is used, the dentis'
;~ should first determine the normal reading by testinc
: an uninjured tooth on the opposite side of the moutt
.> and recording the lowest number at which the toott
= responds. If the injured tooth requires more curren
1 than does a normal tooth, the pulp may be undergoin:
y degenerative change.
il 16. ‘B’ [Check AIPG 2018]
(| ee) 17. ‘A’ [Cohen 10th ed 382]
e MTA is clearly the material of choice. MTA produce
[o an artificial barrier against which an obturatin
i material may be condensed.
<a e After placement of the MTA barrier, a radiographi
‘fe is made to confirm that the canal space close t
) the apex is adequately filled. A wet cotton pellet i
eo placed above the MTA to ensure setting and a we
we. sealing temporary restoration is placed.
y” The patient is recalled when the MTA has set «
ey least 24 hours for obturation and placement of th
r° permanent restoration.
Ay e If calcium hydroxide were placed, it would allo
; the tissue to form a biologic barrier. While calciu
Y hydroxide has been widely used, it has seriot
¢* : disadvantages. It has been shown to weaken tt
iv dentin and must be replaced at monthly interva
and removed some months after placement befo
ib final obturation.
o,

se 18. ‘A’ [Cohen 11* ed 20]
nd ¢ Craze lines are merely cracks in the enamel that do
Mm. not extend into the dentin and either occur naturally
2a, or develop after trauma. They are more prevalent in
adult teeth and usually occur more in the posterior
ris teeth. If light is transilluminated through the crown
of such a tooth, these craze lines may show up as
fine lines in the enamel with light being able to
transmit through them, indicating that the crack
ed is only superficial.
res e Directing a high-intensity light directly on the
of exterior surface of the tooth at the cementum-enamel
junction (CEJ) may reveal the extent of the fracture.
¢ The part of the tooth that is proximal to the light
source will absorb this light and glow, whereas
ed, the area beyond this fracture will not have light
E transmitted to it and will show as gray by comparison.
ged 149, ‘C’ [Cohen 11** ed 96]
tric e After a conventional IAN block injection, the
A onset of pulpal anesthesia occurs within 10 to 15
of minutes in most cases.
use e Slow onset can be defined as percentage of subjects
who achieved a nonresponsive EPT reading after 15
minutes. In mandibular teeth, slow onset occurs in
it 12% to 20% of patients.
‘ing
fl Aesthetic success:
an One way to define anesthetic success for nerve blocks is
oe the percentage of subjects who achieve two consecutive
de) nonresponsive readings on electrical pulp testing
within 15 minutes and continuously sustain this lack
of responsiveness for 60 minutes. In other words, the
objective has to achieve anesthesia within 15 minutes
and to have it last 1 hour
cee 20. ‘A’ [Cohen 11* ed 547]
ng e The electric pulp tester delivers a current sufficient
to overcome the resistance of enamel and dentin
phic and stimulate the sensory A delta fibers at the
e to dentin-pulp border zone.
at is e Smaller C fibers of the pulp do not respond to
well the conventional pulp tester because significantly
| more current is needed to stimulate them.
t at e Bender and associates found that in anterior teeth,
the the optimal placement site of the electrode is the
incisal edge, as the response threshold is lowest
low at that location and increases as the electrode is
cium moved toward the cervical region of the tooth.
oe 21. ‘BY [Cohen 11*"" ed 720, 20]
rvals © Because of the multitude of signs and symptoms that
afore fractured roots can present with, it is often difficult
to achieve an objective definitive diagnosis.
© As the cracks are difficult to find and their symptoms
can be so variable, the name cracked tooth syndrome",""
"Endodontics","12. RECENT PAPERS 2019-20 ENDODONTICS","18","Craze line in enamel is seen on transillumination as -","Light will be transmitted through the crown with fine lines in enamel","Dark area beyond crack line due to air pressure voids","Green bank area due to food lodgement","None of the above","A","[Source explanation — printed page(s) 6]
SRR rerereenere:
° The infection Spreads fi i GE
a teeth, perforating the ala oe a ene
Pus accumulates below di atal alveolar bone, and
itisimcethor sa e palatal mucoperiosteum.
infection ies 's tightly bound down in this area,
j ° It is import 's site is often very painful.
s the Son ORRE to be aware that the lateral incisor is
st source of palatal abscess.
ae - [Sturdevant 6th ed 189]
& iaiéiciurme cn New York City dentist, introduced
Ns abationaed us ) meee Use of rubber dam ensures
) clnasiaes tyness 0 teeth and improves the quality of
ms storative dentistry.
15. ‘A’ [McDonald 9th ed 405]
me ihe ae of the injured tooth should be performed,
: eeth in the immediate area, as well as those
i. in the opposing arch, should be tested. The best
- prediction of continued vitality of the pulp of a damaged
my, or traumatized tooth is the vital response to electric
a pulp testing at the time of the initial examination. A
7° negative response, however, is not reliable evidence of
pulp death because some teeth that give such a response
~~ soon after the injury may recover vitality after a time.
When the electric pulp tester is used, the dentis'
;~ should first determine the normal reading by testinc
: an uninjured tooth on the opposite side of the moutt
.> and recording the lowest number at which the toott
= responds. If the injured tooth requires more curren
1 than does a normal tooth, the pulp may be undergoin:
y degenerative change.
il 16. ‘B’ [Check AIPG 2018]
(| ee) 17. ‘A’ [Cohen 10th ed 382]
e MTA is clearly the material of choice. MTA produce
[o an artificial barrier against which an obturatin
i material may be condensed.
<a e After placement of the MTA barrier, a radiographi
‘fe is made to confirm that the canal space close t
) the apex is adequately filled. A wet cotton pellet i
eo placed above the MTA to ensure setting and a we
we. sealing temporary restoration is placed.
y” The patient is recalled when the MTA has set «
ey least 24 hours for obturation and placement of th
r° permanent restoration.
Ay e If calcium hydroxide were placed, it would allo
; the tissue to form a biologic barrier. While calciu
Y hydroxide has been widely used, it has seriot
¢* : disadvantages. It has been shown to weaken tt
iv dentin and must be replaced at monthly interva
and removed some months after placement befo
ib final obturation.
o,

se 18. ‘A’ [Cohen 11* ed 20]
nd ¢ Craze lines are merely cracks in the enamel that do
Mm. not extend into the dentin and either occur naturally
2a, or develop after trauma. They are more prevalent in
adult teeth and usually occur more in the posterior
ris teeth. If light is transilluminated through the crown
of such a tooth, these craze lines may show up as
fine lines in the enamel with light being able to
transmit through them, indicating that the crack
ed is only superficial.
res e Directing a high-intensity light directly on the
of exterior surface of the tooth at the cementum-enamel
junction (CEJ) may reveal the extent of the fracture.
¢ The part of the tooth that is proximal to the light
source will absorb this light and glow, whereas
ed, the area beyond this fracture will not have light
E transmitted to it and will show as gray by comparison.
ged 149, ‘C’ [Cohen 11** ed 96]
tric e After a conventional IAN block injection, the
A onset of pulpal anesthesia occurs within 10 to 15
of minutes in most cases.
use e Slow onset can be defined as percentage of subjects
who achieved a nonresponsive EPT reading after 15
minutes. In mandibular teeth, slow onset occurs in
it 12% to 20% of patients.
‘ing
fl Aesthetic success:
an One way to define anesthetic success for nerve blocks is
oe the percentage of subjects who achieve two consecutive
de) nonresponsive readings on electrical pulp testing
within 15 minutes and continuously sustain this lack
of responsiveness for 60 minutes. In other words, the
objective has to achieve anesthesia within 15 minutes
and to have it last 1 hour
cee 20. ‘A’ [Cohen 11* ed 547]
ng e The electric pulp tester delivers a current sufficient
to overcome the resistance of enamel and dentin
phic and stimulate the sensory A delta fibers at the
e to dentin-pulp border zone.
at is e Smaller C fibers of the pulp do not respond to
well the conventional pulp tester because significantly
| more current is needed to stimulate them.
t at e Bender and associates found that in anterior teeth,
the the optimal placement site of the electrode is the
incisal edge, as the response threshold is lowest
low at that location and increases as the electrode is
cium moved toward the cervical region of the tooth.
oe 21. ‘BY [Cohen 11*"" ed 720, 20]
rvals © Because of the multitude of signs and symptoms that
afore fractured roots can present with, it is often difficult
to achieve an objective definitive diagnosis.
© As the cracks are difficult to find and their symptoms
can be so variable, the name cracked tooth syndrome",""
"Endodontics","12. RECENT PAPERS 2019-20 ENDODONTICS","19","Aestheticizing pulp of first molar with inferior nerve block using lignocaine takes how much time?","3-5 minutes","7 - 10 minutes","12 - 15 minutes","30 - 40 seconds","C","[Source explanation — printed page(s) 6]
SRR rerereenere:
° The infection Spreads fi i GE
a teeth, perforating the ala oe a ene
Pus accumulates below di atal alveolar bone, and
itisimcethor sa e palatal mucoperiosteum.
infection ies 's tightly bound down in this area,
j ° It is import 's site is often very painful.
s the Son ORRE to be aware that the lateral incisor is
st source of palatal abscess.
ae - [Sturdevant 6th ed 189]
& iaiéiciurme cn New York City dentist, introduced
Ns abationaed us ) meee Use of rubber dam ensures
) clnasiaes tyness 0 teeth and improves the quality of
ms storative dentistry.
15. ‘A’ [McDonald 9th ed 405]
me ihe ae of the injured tooth should be performed,
: eeth in the immediate area, as well as those
i. in the opposing arch, should be tested. The best
- prediction of continued vitality of the pulp of a damaged
my, or traumatized tooth is the vital response to electric
a pulp testing at the time of the initial examination. A
7° negative response, however, is not reliable evidence of
pulp death because some teeth that give such a response
~~ soon after the injury may recover vitality after a time.
When the electric pulp tester is used, the dentis'
;~ should first determine the normal reading by testinc
: an uninjured tooth on the opposite side of the moutt
.> and recording the lowest number at which the toott
= responds. If the injured tooth requires more curren
1 than does a normal tooth, the pulp may be undergoin:
y degenerative change.
il 16. ‘B’ [Check AIPG 2018]
(| ee) 17. ‘A’ [Cohen 10th ed 382]
e MTA is clearly the material of choice. MTA produce
[o an artificial barrier against which an obturatin
i material may be condensed.
<a e After placement of the MTA barrier, a radiographi
‘fe is made to confirm that the canal space close t
) the apex is adequately filled. A wet cotton pellet i
eo placed above the MTA to ensure setting and a we
we. sealing temporary restoration is placed.
y” The patient is recalled when the MTA has set «
ey least 24 hours for obturation and placement of th
r° permanent restoration.
Ay e If calcium hydroxide were placed, it would allo
; the tissue to form a biologic barrier. While calciu
Y hydroxide has been widely used, it has seriot
¢* : disadvantages. It has been shown to weaken tt
iv dentin and must be replaced at monthly interva
and removed some months after placement befo
ib final obturation.
o,

se 18. ‘A’ [Cohen 11* ed 20]
nd ¢ Craze lines are merely cracks in the enamel that do
Mm. not extend into the dentin and either occur naturally
2a, or develop after trauma. They are more prevalent in
adult teeth and usually occur more in the posterior
ris teeth. If light is transilluminated through the crown
of such a tooth, these craze lines may show up as
fine lines in the enamel with light being able to
transmit through them, indicating that the crack
ed is only superficial.
res e Directing a high-intensity light directly on the
of exterior surface of the tooth at the cementum-enamel
junction (CEJ) may reveal the extent of the fracture.
¢ The part of the tooth that is proximal to the light
source will absorb this light and glow, whereas
ed, the area beyond this fracture will not have light
E transmitted to it and will show as gray by comparison.
ged 149, ‘C’ [Cohen 11** ed 96]
tric e After a conventional IAN block injection, the
A onset of pulpal anesthesia occurs within 10 to 15
of minutes in most cases.
use e Slow onset can be defined as percentage of subjects
who achieved a nonresponsive EPT reading after 15
minutes. In mandibular teeth, slow onset occurs in
it 12% to 20% of patients.
‘ing
fl Aesthetic success:
an One way to define anesthetic success for nerve blocks is
oe the percentage of subjects who achieve two consecutive
de) nonresponsive readings on electrical pulp testing
within 15 minutes and continuously sustain this lack
of responsiveness for 60 minutes. In other words, the
objective has to achieve anesthesia within 15 minutes
and to have it last 1 hour
cee 20. ‘A’ [Cohen 11* ed 547]
ng e The electric pulp tester delivers a current sufficient
to overcome the resistance of enamel and dentin
phic and stimulate the sensory A delta fibers at the
e to dentin-pulp border zone.
at is e Smaller C fibers of the pulp do not respond to
well the conventional pulp tester because significantly
| more current is needed to stimulate them.
t at e Bender and associates found that in anterior teeth,
the the optimal placement site of the electrode is the
incisal edge, as the response threshold is lowest
low at that location and increases as the electrode is
cium moved toward the cervical region of the tooth.
oe 21. ‘BY [Cohen 11*"" ed 720, 20]
rvals © Because of the multitude of signs and symptoms that
afore fractured roots can present with, it is often difficult
to achieve an objective definitive diagnosis.
© As the cracks are difficult to find and their symptoms
can be so variable, the name cracked tooth syndrome",""
"Endodontics","12. RECENT PAPERS 2019-20 ENDODONTICS","20","In electric pulp testing, which nerve fibres will get activated","A delta","C fibre","Omega","Beta","A","[Source explanation — printed page(s) 6]
SRR rerereenere:
° The infection Spreads fi i GE
a teeth, perforating the ala oe a ene
Pus accumulates below di atal alveolar bone, and
itisimcethor sa e palatal mucoperiosteum.
infection ies 's tightly bound down in this area,
j ° It is import 's site is often very painful.
s the Son ORRE to be aware that the lateral incisor is
st source of palatal abscess.
ae - [Sturdevant 6th ed 189]
& iaiéiciurme cn New York City dentist, introduced
Ns abationaed us ) meee Use of rubber dam ensures
) clnasiaes tyness 0 teeth and improves the quality of
ms storative dentistry.
15. ‘A’ [McDonald 9th ed 405]
me ihe ae of the injured tooth should be performed,
: eeth in the immediate area, as well as those
i. in the opposing arch, should be tested. The best
- prediction of continued vitality of the pulp of a damaged
my, or traumatized tooth is the vital response to electric
a pulp testing at the time of the initial examination. A
7° negative response, however, is not reliable evidence of
pulp death because some teeth that give such a response
~~ soon after the injury may recover vitality after a time.
When the electric pulp tester is used, the dentis'
;~ should first determine the normal reading by testinc
: an uninjured tooth on the opposite side of the moutt
.> and recording the lowest number at which the toott
= responds. If the injured tooth requires more curren
1 than does a normal tooth, the pulp may be undergoin:
y degenerative change.
il 16. ‘B’ [Check AIPG 2018]
(| ee) 17. ‘A’ [Cohen 10th ed 382]
e MTA is clearly the material of choice. MTA produce
[o an artificial barrier against which an obturatin
i material may be condensed.
<a e After placement of the MTA barrier, a radiographi
‘fe is made to confirm that the canal space close t
) the apex is adequately filled. A wet cotton pellet i
eo placed above the MTA to ensure setting and a we
we. sealing temporary restoration is placed.
y” The patient is recalled when the MTA has set «
ey least 24 hours for obturation and placement of th
r° permanent restoration.
Ay e If calcium hydroxide were placed, it would allo
; the tissue to form a biologic barrier. While calciu
Y hydroxide has been widely used, it has seriot
¢* : disadvantages. It has been shown to weaken tt
iv dentin and must be replaced at monthly interva
and removed some months after placement befo
ib final obturation.
o,

se 18. ‘A’ [Cohen 11* ed 20]
nd ¢ Craze lines are merely cracks in the enamel that do
Mm. not extend into the dentin and either occur naturally
2a, or develop after trauma. They are more prevalent in
adult teeth and usually occur more in the posterior
ris teeth. If light is transilluminated through the crown
of such a tooth, these craze lines may show up as
fine lines in the enamel with light being able to
transmit through them, indicating that the crack
ed is only superficial.
res e Directing a high-intensity light directly on the
of exterior surface of the tooth at the cementum-enamel
junction (CEJ) may reveal the extent of the fracture.
¢ The part of the tooth that is proximal to the light
source will absorb this light and glow, whereas
ed, the area beyond this fracture will not have light
E transmitted to it and will show as gray by comparison.
ged 149, ‘C’ [Cohen 11** ed 96]
tric e After a conventional IAN block injection, the
A onset of pulpal anesthesia occurs within 10 to 15
of minutes in most cases.
use e Slow onset can be defined as percentage of subjects
who achieved a nonresponsive EPT reading after 15
minutes. In mandibular teeth, slow onset occurs in
it 12% to 20% of patients.
‘ing
fl Aesthetic success:
an One way to define anesthetic success for nerve blocks is
oe the percentage of subjects who achieve two consecutive
de) nonresponsive readings on electrical pulp testing
within 15 minutes and continuously sustain this lack
of responsiveness for 60 minutes. In other words, the
objective has to achieve anesthesia within 15 minutes
and to have it last 1 hour
cee 20. ‘A’ [Cohen 11* ed 547]
ng e The electric pulp tester delivers a current sufficient
to overcome the resistance of enamel and dentin
phic and stimulate the sensory A delta fibers at the
e to dentin-pulp border zone.
at is e Smaller C fibers of the pulp do not respond to
well the conventional pulp tester because significantly
| more current is needed to stimulate them.
t at e Bender and associates found that in anterior teeth,
the the optimal placement site of the electrode is the
incisal edge, as the response threshold is lowest
low at that location and increases as the electrode is
cium moved toward the cervical region of the tooth.
oe 21. ‘BY [Cohen 11*"" ed 720, 20]
rvals © Because of the multitude of signs and symptoms that
afore fractured roots can present with, it is often difficult
to achieve an objective definitive diagnosis.
© As the cracks are difficult to find and their symptoms
can be so variable, the name cracked tooth syndrome",""
"Endodontics","12. RECENT PAPERS 2019-20 ENDODONTICS","21","Diagnosis of Cracked tooth syndrome is best done by-","Radiograph","Subjective symptoms and vertical percussion","Palpation and vertical percussion","Pulp testing","B","[Source explanation — printed page(s) 6]
SRR rerereenere:
° The infection Spreads fi i GE
a teeth, perforating the ala oe a ene
Pus accumulates below di atal alveolar bone, and
itisimcethor sa e palatal mucoperiosteum.
infection ies 's tightly bound down in this area,
j ° It is import 's site is often very painful.
s the Son ORRE to be aware that the lateral incisor is
st source of palatal abscess.
ae - [Sturdevant 6th ed 189]
& iaiéiciurme cn New York City dentist, introduced
Ns abationaed us ) meee Use of rubber dam ensures
) clnasiaes tyness 0 teeth and improves the quality of
ms storative dentistry.
15. ‘A’ [McDonald 9th ed 405]
me ihe ae of the injured tooth should be performed,
: eeth in the immediate area, as well as those
i. in the opposing arch, should be tested. The best
- prediction of continued vitality of the pulp of a damaged
my, or traumatized tooth is the vital response to electric
a pulp testing at the time of the initial examination. A
7° negative response, however, is not reliable evidence of
pulp death because some teeth that give such a response
~~ soon after the injury may recover vitality after a time.
When the electric pulp tester is used, the dentis'
;~ should first determine the normal reading by testinc
: an uninjured tooth on the opposite side of the moutt
.> and recording the lowest number at which the toott
= responds. If the injured tooth requires more curren
1 than does a normal tooth, the pulp may be undergoin:
y degenerative change.
il 16. ‘B’ [Check AIPG 2018]
(| ee) 17. ‘A’ [Cohen 10th ed 382]
e MTA is clearly the material of choice. MTA produce
[o an artificial barrier against which an obturatin
i material may be condensed.
<a e After placement of the MTA barrier, a radiographi
‘fe is made to confirm that the canal space close t
) the apex is adequately filled. A wet cotton pellet i
eo placed above the MTA to ensure setting and a we
we. sealing temporary restoration is placed.
y” The patient is recalled when the MTA has set «
ey least 24 hours for obturation and placement of th
r° permanent restoration.
Ay e If calcium hydroxide were placed, it would allo
; the tissue to form a biologic barrier. While calciu
Y hydroxide has been widely used, it has seriot
¢* : disadvantages. It has been shown to weaken tt
iv dentin and must be replaced at monthly interva
and removed some months after placement befo
ib final obturation.
o,

se 18. ‘A’ [Cohen 11* ed 20]
nd ¢ Craze lines are merely cracks in the enamel that do
Mm. not extend into the dentin and either occur naturally
2a, or develop after trauma. They are more prevalent in
adult teeth and usually occur more in the posterior
ris teeth. If light is transilluminated through the crown
of such a tooth, these craze lines may show up as
fine lines in the enamel with light being able to
transmit through them, indicating that the crack
ed is only superficial.
res e Directing a high-intensity light directly on the
of exterior surface of the tooth at the cementum-enamel
junction (CEJ) may reveal the extent of the fracture.
¢ The part of the tooth that is proximal to the light
source will absorb this light and glow, whereas
ed, the area beyond this fracture will not have light
E transmitted to it and will show as gray by comparison.
ged 149, ‘C’ [Cohen 11** ed 96]
tric e After a conventional IAN block injection, the
A onset of pulpal anesthesia occurs within 10 to 15
of minutes in most cases.
use e Slow onset can be defined as percentage of subjects
who achieved a nonresponsive EPT reading after 15
minutes. In mandibular teeth, slow onset occurs in
it 12% to 20% of patients.
‘ing
fl Aesthetic success:
an One way to define anesthetic success for nerve blocks is
oe the percentage of subjects who achieve two consecutive
de) nonresponsive readings on electrical pulp testing
within 15 minutes and continuously sustain this lack
of responsiveness for 60 minutes. In other words, the
objective has to achieve anesthesia within 15 minutes
and to have it last 1 hour
cee 20. ‘A’ [Cohen 11* ed 547]
ng e The electric pulp tester delivers a current sufficient
to overcome the resistance of enamel and dentin
phic and stimulate the sensory A delta fibers at the
e to dentin-pulp border zone.
at is e Smaller C fibers of the pulp do not respond to
well the conventional pulp tester because significantly
| more current is needed to stimulate them.
t at e Bender and associates found that in anterior teeth,
the the optimal placement site of the electrode is the
incisal edge, as the response threshold is lowest
low at that location and increases as the electrode is
cium moved toward the cervical region of the tooth.
oe 21. ‘BY [Cohen 11*"" ed 720, 20]
rvals © Because of the multitude of signs and symptoms that
afore fractured roots can present with, it is often difficult
to achieve an objective definitive diagnosis.
© As the cracks are difficult to find and their symptoms
can be so variable, the name cracked tooth syndrome",""
"Endodontics","12. RECENT PAPERS 2019-20 ENDODONTICS","22","Best emergency treatment for symptomatic irreversible pulpitis in posterior mandibular tooth is-","Pulpectomy","MTA","Largest canal pulpectomy","Pulpotomy","D","[Source explanation — printed page(s) 5]
7 Dental Pulse Vol.-2 'h Se
has been suggested, even though it is not truly a 24.
syndrome.

e Cracks in vital teeth often exhibit a sudden and
sharp pain, especially during mastication. Cracks in
nonvital or obturated teeth tend to have more of a
“dull ache” but can still be sensitive to mastication.

e  Acracked cusp may be diagnosed, to a large extent,
on the basis of the patient history. To locate the
affected tooth, a biting test should be performed
using a Tooth Slooth.

e The application of forces to a cracked cusp will
generate a sharp pain, which may occur upon
pressure or release. A cracked tooth or fractured cusp
will typically elicit pain only when the percussion
or bite test is applied in a certain direction to one
cusp or section of the tooth

|
22. ‘D’ [Cohen 11* ed 708]
Most endodontists and endodontic textbooks
recommend the emergency management of symptomatic
irreversible pulpitis to involve the initiation of root
canal treatment, with complete pulp removal and total
cleaning of the root canal system. Unfortunately, in an
emergency situation, the allotted time necessary for oe
this treatment is often an issue. Given the potential
time constraints and inevitable differences in skill level
between clinicians, it may not be feasible to complete
the total canal cleaning at the initial emergency visit.
| Subsequently, especially with multirooted teeth, a
pulpotomy (removal of the coronal pulp or tissue from
the widest canal) has been advocated for emergency
treatment of irreversible pulpitis. In a clinical study of
: various emergency procedures, it has been demonstrated
that this treatment is highly effective for alleviating

acute dental pain due to irreversible pulpitis. 26

i In question they have asked specifically about posterior
teeth (multiple canals); In such case emergency

treatment will be pulpotomy only. Recent studies suggest 27

pulpotomy results in complete pain removal.

23. ‘C’ [Ingle 7t* ed 786]

¢ Biodentine is a new tricalcium silicate (Ca,Si0,)
based inorganic restorative commercial cement and
advertised as ‘bioactive dentine’.

e Biodentine has been recently introduced as the “the
first all-in-one, bioactive and biocompatible material
for damaged dentin replacement”. Manufacturers
claim that Biodentine has noticeably shorter setting
time in contrast to other silicate cements such as
Mineral Trioxide Aggregate (MTA) and also has
better mechanical and handling properties.

e Biodentine have setting time significantly shorter
than MTA.

¢ —Inchemical composition, it is different from MTA as
it has no gypsum and less water.

24. ’B’ [Cohen 11 787) er
Extraoral Time Less Than 60 Minutes and Closed Apex: sal
., eae exists CP revascularization of teeth an al

apices; tl ii
should ie leita te oS a il
at vie i. Herapy is initiated at this nian,
, the pulp s elena :

atirimaly Hie be necrotic without (or with a
e Endodontic therapy with : a ||

interappointment antibacterial tee cg a :

relatively short Period (1 to 2 weeks) is sufficient to a ii

ensure effective disinfection of the canal. a
° Long-term calcium hydroxide treatment should :

always be considered if the injury occurred more “ny

than 2 weeks before initiation of the endodontic .

treatment or especially if radiographic evidence of wal

resorption is present.
RCT of mature teeth should be performed as soon as ~ ah
possible after replantation and should not be delayed —
any more than 14 days - Endodontic and dental trauma- a “pp
manual by Paul V Abott

€
25. ‘WN [Cohen 11* ed 799] _ =
e A vertical root fracture (VRF) is a longitudinally “Eh
oriented complete or incomplete fracture initiated .
in the root at any level and is usually directed “th
buccolingually. Vertical root fracture—cracks begin =
in the root and move up toward chewing surface. “i
e Split tooth - cracks down through the root,
separating a section of tooth. Split tooth occurs “i
mesiodistally. This is often the result of an untreated
cracked tooth. b
26. ‘B’ [Check AIPG 2018-19 questions] “Tl
Biorace endo file comes under second generation of “ll
rotary files. =
27. ‘KN’ [Ingle 5‘"" ed 818/ Cohen 11%"" ed 777] “""
General treatment of root fracture: “y
e If there is no mobility and the tooth is symptomless, =
the fracture is likely to be in the apical one-third of “y
the root, and no treatment is necessary. €
e If the coronal fragment is mobile, treatment a
is indicated. The initial treatment consists of
repositioning the coronal segment (if it is 7
displaced) and then stabilizing the tooth to allow “
healing of the periodontal ligament supporting the
coronal segment. %
e Repositioning can be as simple as pushing the «
tooth into place with finger pressure, or orthodontic q
intervention may be required to move the displaced
segment. ; »
e Splinting is best accomplished by incorporating a
thin orthodontic wire into labially bonded composite be
resin. The splint should allow for functional
movement of the tooth to promote healing, and the 4",""
"Endodontics","12. RECENT PAPERS 2019-20 ENDODONTICS","23","Setting time of biodentin is-","3-6 minutes","6-9 minutes","9-12 minutes","12 - 15 minutes","C","[Source explanation — printed page(s) 5]
7 Dental Pulse Vol.-2 'h Se
has been suggested, even though it is not truly a 24.
syndrome.

e Cracks in vital teeth often exhibit a sudden and
sharp pain, especially during mastication. Cracks in
nonvital or obturated teeth tend to have more of a
“dull ache” but can still be sensitive to mastication.

e  Acracked cusp may be diagnosed, to a large extent,
on the basis of the patient history. To locate the
affected tooth, a biting test should be performed
using a Tooth Slooth.

e The application of forces to a cracked cusp will
generate a sharp pain, which may occur upon
pressure or release. A cracked tooth or fractured cusp
will typically elicit pain only when the percussion
or bite test is applied in a certain direction to one
cusp or section of the tooth

|
22. ‘D’ [Cohen 11* ed 708]
Most endodontists and endodontic textbooks
recommend the emergency management of symptomatic
irreversible pulpitis to involve the initiation of root
canal treatment, with complete pulp removal and total
cleaning of the root canal system. Unfortunately, in an
emergency situation, the allotted time necessary for oe
this treatment is often an issue. Given the potential
time constraints and inevitable differences in skill level
between clinicians, it may not be feasible to complete
the total canal cleaning at the initial emergency visit.
| Subsequently, especially with multirooted teeth, a
pulpotomy (removal of the coronal pulp or tissue from
the widest canal) has been advocated for emergency
treatment of irreversible pulpitis. In a clinical study of
: various emergency procedures, it has been demonstrated
that this treatment is highly effective for alleviating

acute dental pain due to irreversible pulpitis. 26

i In question they have asked specifically about posterior
teeth (multiple canals); In such case emergency

treatment will be pulpotomy only. Recent studies suggest 27

pulpotomy results in complete pain removal.

23. ‘C’ [Ingle 7t* ed 786]

¢ Biodentine is a new tricalcium silicate (Ca,Si0,)
based inorganic restorative commercial cement and
advertised as ‘bioactive dentine’.

e Biodentine has been recently introduced as the “the
first all-in-one, bioactive and biocompatible material
for damaged dentin replacement”. Manufacturers
claim that Biodentine has noticeably shorter setting
time in contrast to other silicate cements such as
Mineral Trioxide Aggregate (MTA) and also has
better mechanical and handling properties.

e Biodentine have setting time significantly shorter
than MTA.

¢ —Inchemical composition, it is different from MTA as
it has no gypsum and less water.

24. ’B’ [Cohen 11 787) er
Extraoral Time Less Than 60 Minutes and Closed Apex: sal
., eae exists CP revascularization of teeth an al

apices; tl ii
should ie leita te oS a il
at vie i. Herapy is initiated at this nian,
, the pulp s elena :

atirimaly Hie be necrotic without (or with a
e Endodontic therapy with : a ||

interappointment antibacterial tee cg a :

relatively short Period (1 to 2 weeks) is sufficient to a ii

ensure effective disinfection of the canal. a
° Long-term calcium hydroxide treatment should :

always be considered if the injury occurred more “ny

than 2 weeks before initiation of the endodontic .

treatment or especially if radiographic evidence of wal

resorption is present.
RCT of mature teeth should be performed as soon as ~ ah
possible after replantation and should not be delayed —
any more than 14 days - Endodontic and dental trauma- a “pp
manual by Paul V Abott

€
25. ‘WN [Cohen 11* ed 799] _ =
e A vertical root fracture (VRF) is a longitudinally “Eh
oriented complete or incomplete fracture initiated .
in the root at any level and is usually directed “th
buccolingually. Vertical root fracture—cracks begin =
in the root and move up toward chewing surface. “i
e Split tooth - cracks down through the root,
separating a section of tooth. Split tooth occurs “i
mesiodistally. This is often the result of an untreated
cracked tooth. b
26. ‘B’ [Check AIPG 2018-19 questions] “Tl
Biorace endo file comes under second generation of “ll
rotary files. =
27. ‘KN’ [Ingle 5‘"" ed 818/ Cohen 11%"" ed 777] “""
General treatment of root fracture: “y
e If there is no mobility and the tooth is symptomless, =
the fracture is likely to be in the apical one-third of “y
the root, and no treatment is necessary. €
e If the coronal fragment is mobile, treatment a
is indicated. The initial treatment consists of
repositioning the coronal segment (if it is 7
displaced) and then stabilizing the tooth to allow “
healing of the periodontal ligament supporting the
coronal segment. %
e Repositioning can be as simple as pushing the «
tooth into place with finger pressure, or orthodontic q
intervention may be required to move the displaced
segment. ; »
e Splinting is best accomplished by incorporating a
thin orthodontic wire into labially bonded composite be
resin. The splint should allow for functional
movement of the tooth to promote healing, and the 4",""
"Endodontics","12. RECENT PAPERS 2019-20 ENDODONTICS","24","When should be the RCT performed for a patient who had tooth avulsion and reimplantation within 20 minutes of avulsion.","After 21 days","After 7 days","After 14 days","After 15 days","B","[Source explanation — printed page(s) 5]
7 Dental Pulse Vol.-2 'h Se
has been suggested, even though it is not truly a 24.
syndrome.

e Cracks in vital teeth often exhibit a sudden and
sharp pain, especially during mastication. Cracks in
nonvital or obturated teeth tend to have more of a
“dull ache” but can still be sensitive to mastication.

e  Acracked cusp may be diagnosed, to a large extent,
on the basis of the patient history. To locate the
affected tooth, a biting test should be performed
using a Tooth Slooth.

e The application of forces to a cracked cusp will
generate a sharp pain, which may occur upon
pressure or release. A cracked tooth or fractured cusp
will typically elicit pain only when the percussion
or bite test is applied in a certain direction to one
cusp or section of the tooth

|
22. ‘D’ [Cohen 11* ed 708]
Most endodontists and endodontic textbooks
recommend the emergency management of symptomatic
irreversible pulpitis to involve the initiation of root
canal treatment, with complete pulp removal and total
cleaning of the root canal system. Unfortunately, in an
emergency situation, the allotted time necessary for oe
this treatment is often an issue. Given the potential
time constraints and inevitable differences in skill level
between clinicians, it may not be feasible to complete
the total canal cleaning at the initial emergency visit.
| Subsequently, especially with multirooted teeth, a
pulpotomy (removal of the coronal pulp or tissue from
the widest canal) has been advocated for emergency
treatment of irreversible pulpitis. In a clinical study of
: various emergency procedures, it has been demonstrated
that this treatment is highly effective for alleviating

acute dental pain due to irreversible pulpitis. 26

i In question they have asked specifically about posterior
teeth (multiple canals); In such case emergency

treatment will be pulpotomy only. Recent studies suggest 27

pulpotomy results in complete pain removal.

23. ‘C’ [Ingle 7t* ed 786]

¢ Biodentine is a new tricalcium silicate (Ca,Si0,)
based inorganic restorative commercial cement and
advertised as ‘bioactive dentine’.

e Biodentine has been recently introduced as the “the
first all-in-one, bioactive and biocompatible material
for damaged dentin replacement”. Manufacturers
claim that Biodentine has noticeably shorter setting
time in contrast to other silicate cements such as
Mineral Trioxide Aggregate (MTA) and also has
better mechanical and handling properties.

e Biodentine have setting time significantly shorter
than MTA.

¢ —Inchemical composition, it is different from MTA as
it has no gypsum and less water.

24. ’B’ [Cohen 11 787) er
Extraoral Time Less Than 60 Minutes and Closed Apex: sal
., eae exists CP revascularization of teeth an al

apices; tl ii
should ie leita te oS a il
at vie i. Herapy is initiated at this nian,
, the pulp s elena :

atirimaly Hie be necrotic without (or with a
e Endodontic therapy with : a ||

interappointment antibacterial tee cg a :

relatively short Period (1 to 2 weeks) is sufficient to a ii

ensure effective disinfection of the canal. a
° Long-term calcium hydroxide treatment should :

always be considered if the injury occurred more “ny

than 2 weeks before initiation of the endodontic .

treatment or especially if radiographic evidence of wal

resorption is present.
RCT of mature teeth should be performed as soon as ~ ah
possible after replantation and should not be delayed —
any more than 14 days - Endodontic and dental trauma- a “pp
manual by Paul V Abott

€
25. ‘WN [Cohen 11* ed 799] _ =
e A vertical root fracture (VRF) is a longitudinally “Eh
oriented complete or incomplete fracture initiated .
in the root at any level and is usually directed “th
buccolingually. Vertical root fracture—cracks begin =
in the root and move up toward chewing surface. “i
e Split tooth - cracks down through the root,
separating a section of tooth. Split tooth occurs “i
mesiodistally. This is often the result of an untreated
cracked tooth. b
26. ‘B’ [Check AIPG 2018-19 questions] “Tl
Biorace endo file comes under second generation of “ll
rotary files. =
27. ‘KN’ [Ingle 5‘"" ed 818/ Cohen 11%"" ed 777] “""
General treatment of root fracture: “y
e If there is no mobility and the tooth is symptomless, =
the fracture is likely to be in the apical one-third of “y
the root, and no treatment is necessary. €
e If the coronal fragment is mobile, treatment a
is indicated. The initial treatment consists of
repositioning the coronal segment (if it is 7
displaced) and then stabilizing the tooth to allow “
healing of the periodontal ligament supporting the
coronal segment. %
e Repositioning can be as simple as pushing the «
tooth into place with finger pressure, or orthodontic q
intervention may be required to move the displaced
segment. ; »
e Splinting is best accomplished by incorporating a
thin orthodontic wire into labially bonded composite be
resin. The splint should allow for functional
movement of the tooth to promote healing, and the 4",""
"Endodontics","12. RECENT PAPERS 2019-20 ENDODONTICS","25","Direction of vertical root fracture is mostly in","Buccolingual plane","Mesio - distal plane","Horizontal plane","Point of least resistance","A","[Source explanation — printed page(s) 5]
7 Dental Pulse Vol.-2 'h Se
has been suggested, even though it is not truly a 24.
syndrome.

e Cracks in vital teeth often exhibit a sudden and
sharp pain, especially during mastication. Cracks in
nonvital or obturated teeth tend to have more of a
“dull ache” but can still be sensitive to mastication.

e  Acracked cusp may be diagnosed, to a large extent,
on the basis of the patient history. To locate the
affected tooth, a biting test should be performed
using a Tooth Slooth.

e The application of forces to a cracked cusp will
generate a sharp pain, which may occur upon
pressure or release. A cracked tooth or fractured cusp
will typically elicit pain only when the percussion
or bite test is applied in a certain direction to one
cusp or section of the tooth

|
22. ‘D’ [Cohen 11* ed 708]
Most endodontists and endodontic textbooks
recommend the emergency management of symptomatic
irreversible pulpitis to involve the initiation of root
canal treatment, with complete pulp removal and total
cleaning of the root canal system. Unfortunately, in an
emergency situation, the allotted time necessary for oe
this treatment is often an issue. Given the potential
time constraints and inevitable differences in skill level
between clinicians, it may not be feasible to complete
the total canal cleaning at the initial emergency visit.
| Subsequently, especially with multirooted teeth, a
pulpotomy (removal of the coronal pulp or tissue from
the widest canal) has been advocated for emergency
treatment of irreversible pulpitis. In a clinical study of
: various emergency procedures, it has been demonstrated
that this treatment is highly effective for alleviating

acute dental pain due to irreversible pulpitis. 26

i In question they have asked specifically about posterior
teeth (multiple canals); In such case emergency

treatment will be pulpotomy only. Recent studies suggest 27

pulpotomy results in complete pain removal.

23. ‘C’ [Ingle 7t* ed 786]

¢ Biodentine is a new tricalcium silicate (Ca,Si0,)
based inorganic restorative commercial cement and
advertised as ‘bioactive dentine’.

e Biodentine has been recently introduced as the “the
first all-in-one, bioactive and biocompatible material
for damaged dentin replacement”. Manufacturers
claim that Biodentine has noticeably shorter setting
time in contrast to other silicate cements such as
Mineral Trioxide Aggregate (MTA) and also has
better mechanical and handling properties.

e Biodentine have setting time significantly shorter
than MTA.

¢ —Inchemical composition, it is different from MTA as
it has no gypsum and less water.

24. ’B’ [Cohen 11 787) er
Extraoral Time Less Than 60 Minutes and Closed Apex: sal
., eae exists CP revascularization of teeth an al

apices; tl ii
should ie leita te oS a il
at vie i. Herapy is initiated at this nian,
, the pulp s elena :

atirimaly Hie be necrotic without (or with a
e Endodontic therapy with : a ||

interappointment antibacterial tee cg a :

relatively short Period (1 to 2 weeks) is sufficient to a ii

ensure effective disinfection of the canal. a
° Long-term calcium hydroxide treatment should :

always be considered if the injury occurred more “ny

than 2 weeks before initiation of the endodontic .

treatment or especially if radiographic evidence of wal

resorption is present.
RCT of mature teeth should be performed as soon as ~ ah
possible after replantation and should not be delayed —
any more than 14 days - Endodontic and dental trauma- a “pp
manual by Paul V Abott

€
25. ‘WN [Cohen 11* ed 799] _ =
e A vertical root fracture (VRF) is a longitudinally “Eh
oriented complete or incomplete fracture initiated .
in the root at any level and is usually directed “th
buccolingually. Vertical root fracture—cracks begin =
in the root and move up toward chewing surface. “i
e Split tooth - cracks down through the root,
separating a section of tooth. Split tooth occurs “i
mesiodistally. This is often the result of an untreated
cracked tooth. b
26. ‘B’ [Check AIPG 2018-19 questions] “Tl
Biorace endo file comes under second generation of “ll
rotary files. =
27. ‘KN’ [Ingle 5‘"" ed 818/ Cohen 11%"" ed 777] “""
General treatment of root fracture: “y
e If there is no mobility and the tooth is symptomless, =
the fracture is likely to be in the apical one-third of “y
the root, and no treatment is necessary. €
e If the coronal fragment is mobile, treatment a
is indicated. The initial treatment consists of
repositioning the coronal segment (if it is 7
displaced) and then stabilizing the tooth to allow “
healing of the periodontal ligament supporting the
coronal segment. %
e Repositioning can be as simple as pushing the «
tooth into place with finger pressure, or orthodontic q
intervention may be required to move the displaced
segment. ; »
e Splinting is best accomplished by incorporating a
thin orthodontic wire into labially bonded composite be
resin. The splint should allow for functional
movement of the tooth to promote healing, and the 4",""
"Endodontics","12. RECENT PAPERS 2019-20 ENDODONTICS","26","Biorace endo file is -","1st generation","2nd generation","3rd generation","4th generation","B","[Source explanation — printed page(s) 5]
7 Dental Pulse Vol.-2 'h Se
has been suggested, even though it is not truly a 24.
syndrome.

e Cracks in vital teeth often exhibit a sudden and
sharp pain, especially during mastication. Cracks in
nonvital or obturated teeth tend to have more of a
“dull ache” but can still be sensitive to mastication.

e  Acracked cusp may be diagnosed, to a large extent,
on the basis of the patient history. To locate the
affected tooth, a biting test should be performed
using a Tooth Slooth.

e The application of forces to a cracked cusp will
generate a sharp pain, which may occur upon
pressure or release. A cracked tooth or fractured cusp
will typically elicit pain only when the percussion
or bite test is applied in a certain direction to one
cusp or section of the tooth

|
22. ‘D’ [Cohen 11* ed 708]
Most endodontists and endodontic textbooks
recommend the emergency management of symptomatic
irreversible pulpitis to involve the initiation of root
canal treatment, with complete pulp removal and total
cleaning of the root canal system. Unfortunately, in an
emergency situation, the allotted time necessary for oe
this treatment is often an issue. Given the potential
time constraints and inevitable differences in skill level
between clinicians, it may not be feasible to complete
the total canal cleaning at the initial emergency visit.
| Subsequently, especially with multirooted teeth, a
pulpotomy (removal of the coronal pulp or tissue from
the widest canal) has been advocated for emergency
treatment of irreversible pulpitis. In a clinical study of
: various emergency procedures, it has been demonstrated
that this treatment is highly effective for alleviating

acute dental pain due to irreversible pulpitis. 26

i In question they have asked specifically about posterior
teeth (multiple canals); In such case emergency

treatment will be pulpotomy only. Recent studies suggest 27

pulpotomy results in complete pain removal.

23. ‘C’ [Ingle 7t* ed 786]

¢ Biodentine is a new tricalcium silicate (Ca,Si0,)
based inorganic restorative commercial cement and
advertised as ‘bioactive dentine’.

e Biodentine has been recently introduced as the “the
first all-in-one, bioactive and biocompatible material
for damaged dentin replacement”. Manufacturers
claim that Biodentine has noticeably shorter setting
time in contrast to other silicate cements such as
Mineral Trioxide Aggregate (MTA) and also has
better mechanical and handling properties.

e Biodentine have setting time significantly shorter
than MTA.

¢ —Inchemical composition, it is different from MTA as
it has no gypsum and less water.

24. ’B’ [Cohen 11 787) er
Extraoral Time Less Than 60 Minutes and Closed Apex: sal
., eae exists CP revascularization of teeth an al

apices; tl ii
should ie leita te oS a il
at vie i. Herapy is initiated at this nian,
, the pulp s elena :

atirimaly Hie be necrotic without (or with a
e Endodontic therapy with : a ||

interappointment antibacterial tee cg a :

relatively short Period (1 to 2 weeks) is sufficient to a ii

ensure effective disinfection of the canal. a
° Long-term calcium hydroxide treatment should :

always be considered if the injury occurred more “ny

than 2 weeks before initiation of the endodontic .

treatment or especially if radiographic evidence of wal

resorption is present.
RCT of mature teeth should be performed as soon as ~ ah
possible after replantation and should not be delayed —
any more than 14 days - Endodontic and dental trauma- a “pp
manual by Paul V Abott

€
25. ‘WN [Cohen 11* ed 799] _ =
e A vertical root fracture (VRF) is a longitudinally “Eh
oriented complete or incomplete fracture initiated .
in the root at any level and is usually directed “th
buccolingually. Vertical root fracture—cracks begin =
in the root and move up toward chewing surface. “i
e Split tooth - cracks down through the root,
separating a section of tooth. Split tooth occurs “i
mesiodistally. This is often the result of an untreated
cracked tooth. b
26. ‘B’ [Check AIPG 2018-19 questions] “Tl
Biorace endo file comes under second generation of “ll
rotary files. =
27. ‘KN’ [Ingle 5‘"" ed 818/ Cohen 11%"" ed 777] “""
General treatment of root fracture: “y
e If there is no mobility and the tooth is symptomless, =
the fracture is likely to be in the apical one-third of “y
the root, and no treatment is necessary. €
e If the coronal fragment is mobile, treatment a
is indicated. The initial treatment consists of
repositioning the coronal segment (if it is 7
displaced) and then stabilizing the tooth to allow “
healing of the periodontal ligament supporting the
coronal segment. %
e Repositioning can be as simple as pushing the «
tooth into place with finger pressure, or orthodontic q
intervention may be required to move the displaced
segment. ; »
e Splinting is best accomplished by incorporating a
thin orthodontic wire into labially bonded composite be
resin. The splint should allow for functional
movement of the tooth to promote healing, and the 4",""
"Endodontics","12. RECENT PAPERS 2019-20 ENDODONTICS","27","Root fracture for middle third of tooth is generally treated by-","Reposition and splint","RCT and internal splint","RCT and internal repair using MTA","Extraction","A","[Source explanation — printed page(s) 5]
7 Dental Pulse Vol.-2 'h Se
has been suggested, even though it is not truly a 24.
syndrome.

e Cracks in vital teeth often exhibit a sudden and
sharp pain, especially during mastication. Cracks in
nonvital or obturated teeth tend to have more of a
“dull ache” but can still be sensitive to mastication.

e  Acracked cusp may be diagnosed, to a large extent,
on the basis of the patient history. To locate the
affected tooth, a biting test should be performed
using a Tooth Slooth.

e The application of forces to a cracked cusp will
generate a sharp pain, which may occur upon
pressure or release. A cracked tooth or fractured cusp
will typically elicit pain only when the percussion
or bite test is applied in a certain direction to one
cusp or section of the tooth

|
22. ‘D’ [Cohen 11* ed 708]
Most endodontists and endodontic textbooks
recommend the emergency management of symptomatic
irreversible pulpitis to involve the initiation of root
canal treatment, with complete pulp removal and total
cleaning of the root canal system. Unfortunately, in an
emergency situation, the allotted time necessary for oe
this treatment is often an issue. Given the potential
time constraints and inevitable differences in skill level
between clinicians, it may not be feasible to complete
the total canal cleaning at the initial emergency visit.
| Subsequently, especially with multirooted teeth, a
pulpotomy (removal of the coronal pulp or tissue from
the widest canal) has been advocated for emergency
treatment of irreversible pulpitis. In a clinical study of
: various emergency procedures, it has been demonstrated
that this treatment is highly effective for alleviating

acute dental pain due to irreversible pulpitis. 26

i In question they have asked specifically about posterior
teeth (multiple canals); In such case emergency

treatment will be pulpotomy only. Recent studies suggest 27

pulpotomy results in complete pain removal.

23. ‘C’ [Ingle 7t* ed 786]

¢ Biodentine is a new tricalcium silicate (Ca,Si0,)
based inorganic restorative commercial cement and
advertised as ‘bioactive dentine’.

e Biodentine has been recently introduced as the “the
first all-in-one, bioactive and biocompatible material
for damaged dentin replacement”. Manufacturers
claim that Biodentine has noticeably shorter setting
time in contrast to other silicate cements such as
Mineral Trioxide Aggregate (MTA) and also has
better mechanical and handling properties.

e Biodentine have setting time significantly shorter
than MTA.

¢ —Inchemical composition, it is different from MTA as
it has no gypsum and less water.

24. ’B’ [Cohen 11 787) er
Extraoral Time Less Than 60 Minutes and Closed Apex: sal
., eae exists CP revascularization of teeth an al

apices; tl ii
should ie leita te oS a il
at vie i. Herapy is initiated at this nian,
, the pulp s elena :

atirimaly Hie be necrotic without (or with a
e Endodontic therapy with : a ||

interappointment antibacterial tee cg a :

relatively short Period (1 to 2 weeks) is sufficient to a ii

ensure effective disinfection of the canal. a
° Long-term calcium hydroxide treatment should :

always be considered if the injury occurred more “ny

than 2 weeks before initiation of the endodontic .

treatment or especially if radiographic evidence of wal

resorption is present.
RCT of mature teeth should be performed as soon as ~ ah
possible after replantation and should not be delayed —
any more than 14 days - Endodontic and dental trauma- a “pp
manual by Paul V Abott

€
25. ‘WN [Cohen 11* ed 799] _ =
e A vertical root fracture (VRF) is a longitudinally “Eh
oriented complete or incomplete fracture initiated .
in the root at any level and is usually directed “th
buccolingually. Vertical root fracture—cracks begin =
in the root and move up toward chewing surface. “i
e Split tooth - cracks down through the root,
separating a section of tooth. Split tooth occurs “i
mesiodistally. This is often the result of an untreated
cracked tooth. b
26. ‘B’ [Check AIPG 2018-19 questions] “Tl
Biorace endo file comes under second generation of “ll
rotary files. =
27. ‘KN’ [Ingle 5‘"" ed 818/ Cohen 11%"" ed 777] “""
General treatment of root fracture: “y
e If there is no mobility and the tooth is symptomless, =
the fracture is likely to be in the apical one-third of “y
the root, and no treatment is necessary. €
e If the coronal fragment is mobile, treatment a
is indicated. The initial treatment consists of
repositioning the coronal segment (if it is 7
displaced) and then stabilizing the tooth to allow “
healing of the periodontal ligament supporting the
coronal segment. %
e Repositioning can be as simple as pushing the «
tooth into place with finger pressure, or orthodontic q
intervention may be required to move the displaced
segment. ; »
e Splinting is best accomplished by incorporating a
thin orthodontic wire into labially bonded composite be
resin. The splint should allow for functional
movement of the tooth to promote healing, and the 4",""
"Endodontics","12. RECENT PAPERS 2019-20 ENDODONTICS","28","Which root conditioning is contraindicated with MTA","EDTA","Citric acid","Tetracycline","Polyacrylic acid","A","[Source explanation — printed page(s) 8]
aie 5 * : eames
“s LeNSHT stabilization time is 4 to 6 weeks,
_ e eae initial treatment by reduction and
sta ‘lization, repair by calcific and/or fibrous
deposition is very likely. About 80% of properly
treated root fractures heal successfully,
N Managing the complication of root fracture if any 2!
(option B &C):
, e Fractures that do not heal need additional
endodontic treatment as permanent pulpal necrosis
occurs in 25% of root fractures.
le e Initially it is likely that in many cases the pulp
in the coronal segment will become necrotic after
ie the injury; however, because of a very large apical
opening in the coronal segment, revascularization
le is possible if the segments are well reapproximated.
e In most cases, permanent necrosis occurs in the 31
te coronal segment, with only the apical segment
remaining vital. Therefore, endodontic treatment _
mw is indicated in the coronal root segment unless -
fi periapical pathology is seen in the apical segment.
;~ e In most cases the pulpal lumen is wide at the
I apical extent of the coronal segment, and long-term
Fa calcium hydroxide treatment or an MTA apical plug
: is indicated. The coronal segment is filled after a
. hard tissue barrier has formed apically in the coronal
+ segment and periradicular healing has taken place.
q e The use of an intraradicular splint has been
soe) recommended by Weine et al. when both segments
r are treated endodontically. Following root canal
iy filling, a post space is prepared in the canal to
i. extend from the coronal segment into the apical
ae one, allowing placement of a rigid-type post
{ : (cobalt-chromium alloy [vitallium]) to stabilize the
,*) two root segments.
Jo 28. ‘W [Cohen 11"" ed 417]
fa) e Three solutions have been advocated for root
i surface modification: citric acid, tetracycline, and
t wn ethylenediamine tetraacetic acid (EDTA). All three
} solutions have enhanced fibroblast attachment to the
a) root surface in vitro. However, citric acid is the only
t solution tested in an endodontic surgical application.
=») e Based on periodontal research, if a root surface
if . conditioning agent were to be used during
att © periradicular surgery, EDTA might be the most
t appropriate solution. However, the manufacturer
»)
ff $ 31. ‘D’ [Cohen 11* ed 137]
y ¢ Vertucci’s classification:
* fx Type I: A single canal extends from the pulp chambe
PS 4 Type Il: _| Two separate canals leave the pulp chamber «
J Y “a Type III: | One canal leaves the pulp chamber and divic
2 i, : canal (1-2-1).
i] J Type IV: _| Two separate, distinct canals extend from the

SRT RINT TERS 7 eee e ee
A __ ENDODONTICS ge Mee
‘on oo, ice
advised against the use of cove) as es
trioxide aggregate (MTA) © EDTA when mineral ao ae
filling material, because ‘eh Used as a root-end oe
j u ay interf i se
hard tissue- Producing effect of ata, ere with the sae
29. ‘B’ [Cohen 11th eq 777) oe
Teeth wi ¢ —
Weenie te and extrusive luxation should be ee le
th ‘ SOON as possible. In lateral luxation sg SS
€ apex might be perforati ‘ “ Rane
ating the facial bone plate, and sneer
the tooth must be slightly and gently pulled dow ae
loosen before it is repositi Eee as oo Sa Seas
C posi joned in its original position. PPI ces
sae TADT (The International Association of Dental .
raumatology) guidelines call for 2 weeks of physiologic 5
splinting in cases of extrusion luxation and 4 weeks for pete
lateral luxation 2:
30. ‘C’ [An overview of classification of dental trauma. aS
IAIM, 2015; 2(9): 157-164/ Classification of Injuries ioe
to the hard-dental tissues and pulp by Andreasen 2 ySpaermere
- (1981)] os
873.60 | Enamel fracture
873.61 | Coronal fracture without pulp exposure ae = fee
873.62 | Coronal fracture with pulp exposure =
873.63 | Root fracture x
873.64 | Crown root fracture a
873.66 | Tooth luxation or
873.67 | Intrusion and extrusion =
873.69 | Other injuries a!
2 Uncomplicated crown fracture (N 873.61): A fracture <e
contained to the enamel or involving enamel and : = S
dentin, but not exposing the pulp =
e Complicated crown fracture (N 873.620): A fracture
involving enamel and dentin and exposing the pulp.
e Uncomplicated crown root fracture (N 873.64): A :
fracture involving enamel, dentin and cementum
but not involving the pulp. S
e Complicated crown root fracture (N 873.64): A
fracture involving enamel, dentin and cementum
and exposing pulp.
e Root fracture: A fracture involving dentin, cementum sie
and the pulp.
ber to the apex (1).
or and join short of the apex to form one canal (2-1). .
vides into two in the root; the two then merge to exit as 0
the pulp chamber to the apex (2).",""
"Endodontics","12. RECENT PAPERS 2019-20 ENDODONTICS","29","Lateral luxation should be treated with what type of splinting?","Rigid","Flexible","Non rigid","No splint required","B","[Source explanation — printed page(s) 8]
aie 5 * : eames
“s LeNSHT stabilization time is 4 to 6 weeks,
_ e eae initial treatment by reduction and
sta ‘lization, repair by calcific and/or fibrous
deposition is very likely. About 80% of properly
treated root fractures heal successfully,
N Managing the complication of root fracture if any 2!
(option B &C):
, e Fractures that do not heal need additional
endodontic treatment as permanent pulpal necrosis
occurs in 25% of root fractures.
le e Initially it is likely that in many cases the pulp
in the coronal segment will become necrotic after
ie the injury; however, because of a very large apical
opening in the coronal segment, revascularization
le is possible if the segments are well reapproximated.
e In most cases, permanent necrosis occurs in the 31
te coronal segment, with only the apical segment
remaining vital. Therefore, endodontic treatment _
mw is indicated in the coronal root segment unless -
fi periapical pathology is seen in the apical segment.
;~ e In most cases the pulpal lumen is wide at the
I apical extent of the coronal segment, and long-term
Fa calcium hydroxide treatment or an MTA apical plug
: is indicated. The coronal segment is filled after a
. hard tissue barrier has formed apically in the coronal
+ segment and periradicular healing has taken place.
q e The use of an intraradicular splint has been
soe) recommended by Weine et al. when both segments
r are treated endodontically. Following root canal
iy filling, a post space is prepared in the canal to
i. extend from the coronal segment into the apical
ae one, allowing placement of a rigid-type post
{ : (cobalt-chromium alloy [vitallium]) to stabilize the
,*) two root segments.
Jo 28. ‘W [Cohen 11"" ed 417]
fa) e Three solutions have been advocated for root
i surface modification: citric acid, tetracycline, and
t wn ethylenediamine tetraacetic acid (EDTA). All three
} solutions have enhanced fibroblast attachment to the
a) root surface in vitro. However, citric acid is the only
t solution tested in an endodontic surgical application.
=») e Based on periodontal research, if a root surface
if . conditioning agent were to be used during
att © periradicular surgery, EDTA might be the most
t appropriate solution. However, the manufacturer
»)
ff $ 31. ‘D’ [Cohen 11* ed 137]
y ¢ Vertucci’s classification:
* fx Type I: A single canal extends from the pulp chambe
PS 4 Type Il: _| Two separate canals leave the pulp chamber «
J Y “a Type III: | One canal leaves the pulp chamber and divic
2 i, : canal (1-2-1).
i] J Type IV: _| Two separate, distinct canals extend from the

SRT RINT TERS 7 eee e ee
A __ ENDODONTICS ge Mee
‘on oo, ice
advised against the use of cove) as es
trioxide aggregate (MTA) © EDTA when mineral ao ae
filling material, because ‘eh Used as a root-end oe
j u ay interf i se
hard tissue- Producing effect of ata, ere with the sae
29. ‘B’ [Cohen 11th eq 777) oe
Teeth wi ¢ —
Weenie te and extrusive luxation should be ee le
th ‘ SOON as possible. In lateral luxation sg SS
€ apex might be perforati ‘ “ Rane
ating the facial bone plate, and sneer
the tooth must be slightly and gently pulled dow ae
loosen before it is repositi Eee as oo Sa Seas
C posi joned in its original position. PPI ces
sae TADT (The International Association of Dental .
raumatology) guidelines call for 2 weeks of physiologic 5
splinting in cases of extrusion luxation and 4 weeks for pete
lateral luxation 2:
30. ‘C’ [An overview of classification of dental trauma. aS
IAIM, 2015; 2(9): 157-164/ Classification of Injuries ioe
to the hard-dental tissues and pulp by Andreasen 2 ySpaermere
- (1981)] os
873.60 | Enamel fracture
873.61 | Coronal fracture without pulp exposure ae = fee
873.62 | Coronal fracture with pulp exposure =
873.63 | Root fracture x
873.64 | Crown root fracture a
873.66 | Tooth luxation or
873.67 | Intrusion and extrusion =
873.69 | Other injuries a!
2 Uncomplicated crown fracture (N 873.61): A fracture <e
contained to the enamel or involving enamel and : = S
dentin, but not exposing the pulp =
e Complicated crown fracture (N 873.620): A fracture
involving enamel and dentin and exposing the pulp.
e Uncomplicated crown root fracture (N 873.64): A :
fracture involving enamel, dentin and cementum
but not involving the pulp. S
e Complicated crown root fracture (N 873.64): A
fracture involving enamel, dentin and cementum
and exposing pulp.
e Root fracture: A fracture involving dentin, cementum sie
and the pulp.
ber to the apex (1).
or and join short of the apex to form one canal (2-1). .
vides into two in the root; the two then merge to exit as 0
the pulp chamber to the apex (2).",""
"Endodontics","12. RECENT PAPERS 2019-20 ENDODONTICS","30","In uncomplicated crown fracture, which all are involved? A. Enamel B. Dentin C. Cementum D. Pulp","A, B and C","A, B, C and D","A and B","A, B and D","C","<table border=""1"" cellpadding=""6"" cellspacing=""0"" style=""border-collapse:collapse;width:100%;font-size:13px""><tr style=""background:#e75480;color:#fff;font-weight:bold""><td>WHO classification (1970)</td><td>Description</td></tr><tr><td>873.60</td><td>Enamel fracture</td></tr><tr><td>873.61</td><td>Coronal fracture without pulp exposure</td></tr><tr><td>873.62</td><td>Coronal fracture with pulp exposure</td></tr><tr><td>873.63</td><td>Root fracture</td></tr><tr><td>873.64</td><td>Crown root fracture</td></tr><tr><td>873.66</td><td>Tooth luxation</td></tr><tr><td>873.67</td><td>Intrusion and extrusion</td></tr><tr><td>873.68</td><td>avulsion</td></tr><tr><td>873.69</td><td>Other injuries</td></tr></table>","Requires image/diagram: source question or explanation contains a figure/image (printed page 755)."
"Endodontics","12. RECENT PAPERS 2019-20 ENDODONTICS","31","Vertucci classification 3?","1","2-2","1-2","1-2-1","D","[Source explanation — printed page(s) 7, 8]
Type V: One canal leaves the pulp chamber and divides
{ separate apical foramina (1-2).
Type VI: Two separate canals leave the pulp chamber, m
j to exit as two distinct canals (2-1-2).
Type VII: | One canal leaves the pulp chamber, divides anc
into two distinct canals short of the apex (1-2:
Type VIII: | Three separate, distinct canals extend from the
! When a single canal emerges from the pulp chamber an:
foramina, it is classified as:
y a) Vertucci type 2 b) Vertucci type 3 c) Vert
| Vertucc
Type 1 Type 2 Type 3 Type 4
| 1-1 2-1 1-2-1 2-2
1
|
: Note:
The only tooth that showed all eight possible configurations
| 32. ‘B’ [Cohen 11% ed 295]
| Physical Properties of Tricalci
| : ISO 6876-2001 ADA
57 Requirement | “i Vi""8
| Film thickness (um) 16
i ;
| Dimensional stability | -1% to + 0.1% -0.04
Working time (hours) 4:00, 5:30
Setting time (hours) 11:30, 5:1
33. ‘B’ [Cohen 11* ed 121]
| Type I Type II Type III Ty}
Isthmus classifications by Kim And Colleagues.
¢ Type J is an incomplete isthmus; it is faint communicat
e Type II is characterized by two canals with a definite c
¢ Type III is a very short, complete isthmus between twc
| ¢ Type IV is a complete or incomplete isthmus between t
| e Type V is marked by two or three canal openings witho

k=. —
des short of the apex into two separate, distinct canals with mel
merge in the body of the root, and separate short of the apex ‘ —
and then rejoins in the body of the root, and finally separates —_ F
v2e1-2), “=
the pulp chamber to the apex (3). ml
and divides into two separate canals with separate apical v=
(AIIMS MAY 2024) ~m
ertucci type 4 d) Vertucci type 5 € ii
cci 1984 ~“n
}
Type 5 Type 6 Type 7 Type 8 a
1-2 2-1-2 1-2-1-2 3-3 wi
i
|
yns was the maxillary second premolar. ~
Icium Silicate Root Canal Sealers _
fs Endosequence | MTA Plus -
NET an ex BC Sealer White, Gray “hi
=) (a
wn
fl
OR ae |(2e80) 2S ucies 10:00 “i
sy) 2!
Type IV Type V *
cation between two canals. {
e connection between them (complete isthmus)
two canals.
n three or more canals e
hout visible connections.
a


aie 5 * : eames
“s LeNSHT stabilization time is 4 to 6 weeks,
_ e eae initial treatment by reduction and
sta ‘lization, repair by calcific and/or fibrous
deposition is very likely. About 80% of properly
treated root fractures heal successfully,
N Managing the complication of root fracture if any 2!
(option B &C):
, e Fractures that do not heal need additional
endodontic treatment as permanent pulpal necrosis
occurs in 25% of root fractures.
le e Initially it is likely that in many cases the pulp
in the coronal segment will become necrotic after
ie the injury; however, because of a very large apical
opening in the coronal segment, revascularization
le is possible if the segments are well reapproximated.
e In most cases, permanent necrosis occurs in the 31
te coronal segment, with only the apical segment
remaining vital. Therefore, endodontic treatment _
mw is indicated in the coronal root segment unless -
fi periapical pathology is seen in the apical segment.
;~ e In most cases the pulpal lumen is wide at the
I apical extent of the coronal segment, and long-term
Fa calcium hydroxide treatment or an MTA apical plug
: is indicated. The coronal segment is filled after a
. hard tissue barrier has formed apically in the coronal
+ segment and periradicular healing has taken place.
q e The use of an intraradicular splint has been
soe) recommended by Weine et al. when both segments
r are treated endodontically. Following root canal
iy filling, a post space is prepared in the canal to
i. extend from the coronal segment into the apical
ae one, allowing placement of a rigid-type post
{ : (cobalt-chromium alloy [vitallium]) to stabilize the
,*) two root segments.
Jo 28. ‘W [Cohen 11"" ed 417]
fa) e Three solutions have been advocated for root
i surface modification: citric acid, tetracycline, and
t wn ethylenediamine tetraacetic acid (EDTA). All three
} solutions have enhanced fibroblast attachment to the
a) root surface in vitro. However, citric acid is the only
t solution tested in an endodontic surgical application.
=») e Based on periodontal research, if a root surface
if . conditioning agent were to be used during
att © periradicular surgery, EDTA might be the most
t appropriate solution. However, the manufacturer
»)
ff $ 31. ‘D’ [Cohen 11* ed 137]
y ¢ Vertucci’s classification:
* fx Type I: A single canal extends from the pulp chambe
PS 4 Type Il: _| Two separate canals leave the pulp chamber «
J Y “a Type III: | One canal leaves the pulp chamber and divic
2 i, : canal (1-2-1).
i] J Type IV: _| Two separate, distinct canals extend from the

SRT RINT TERS 7 eee e ee
A __ ENDODONTICS ge Mee
‘on oo, ice
advised against the use of cove) as es
trioxide aggregate (MTA) © EDTA when mineral ao ae
filling material, because ‘eh Used as a root-end oe
j u ay interf i se
hard tissue- Producing effect of ata, ere with the sae
29. ‘B’ [Cohen 11th eq 777) oe
Teeth wi ¢ —
Weenie te and extrusive luxation should be ee le
th ‘ SOON as possible. In lateral luxation sg SS
€ apex might be perforati ‘ “ Rane
ating the facial bone plate, and sneer
the tooth must be slightly and gently pulled dow ae
loosen before it is repositi Eee as oo Sa Seas
C posi joned in its original position. PPI ces
sae TADT (The International Association of Dental .
raumatology) guidelines call for 2 weeks of physiologic 5
splinting in cases of extrusion luxation and 4 weeks for pete
lateral luxation 2:
30. ‘C’ [An overview of classification of dental trauma. aS
IAIM, 2015; 2(9): 157-164/ Classification of Injuries ioe
to the hard-dental tissues and pulp by Andreasen 2 ySpaermere
- (1981)] os
873.60 | Enamel fracture
873.61 | Coronal fracture without pulp exposure ae = fee
873.62 | Coronal fracture with pulp exposure =
873.63 | Root fracture x
873.64 | Crown root fracture a
873.66 | Tooth luxation or
873.67 | Intrusion and extrusion =
873.69 | Other injuries a!
2 Uncomplicated crown fracture (N 873.61): A fracture <e
contained to the enamel or involving enamel and : = S
dentin, but not exposing the pulp =
e Complicated crown fracture (N 873.620): A fracture
involving enamel and dentin and exposing the pulp.
e Uncomplicated crown root fracture (N 873.64): A :
fracture involving enamel, dentin and cementum
but not involving the pulp. S
e Complicated crown root fracture (N 873.64): A
fracture involving enamel, dentin and cementum
and exposing pulp.
e Root fracture: A fracture involving dentin, cementum sie
and the pulp.
ber to the apex (1).
or and join short of the apex to form one canal (2-1). .
vides into two in the root; the two then merge to exit as 0
the pulp chamber to the apex (2).",""
"Endodontics","12. RECENT PAPERS 2019-20 ENDODONTICS","32","Maximum Film thickness of sealer","25","< 50","75","90","B","<table border=""1"" cellpadding=""6"" cellspacing=""0"" style=""border-collapse:collapse;width:100%;font-size:13px""><tr style=""background:#e75480;color:#fff;font-weight:bold""><td>Quality</td><td>ISO 6876-2001 ADA 57 Requirement</td><td>AH Plus</td><td>NITA Fillapex</td><td>Endosequence BC Sealer</td><td>MTA Plus White, Gray</td></tr><tr><td>Flow (mm)</td><td>>20</td><td>21, 40</td><td>25, 29</td><td>23</td><td>31</td></tr><tr><td>Film thickness (μm)</td><td><50</td><td>16</td><td>24</td><td>22</td><td>47</td></tr><tr><td>Solubility</td><td><3%</td><td>0.1</td><td>1.1</td><td>2.9</td><td>1.9</td></tr><tr><td>Dimensional stability</td><td>-1% to + 0.1%</td><td>-0.04</td><td>-0.7</td><td>+0.09</td><td>+0.05</td></tr><tr><td>Radiopacity</td><td>>3 mm AL</td><td></td><td></td><td></td><td>4.9, 5.5</td></tr><tr><td>Working time (hours)</td><td>No requirement</td><td>4:00, 5:30</td><td>0:45, 0:30</td><td>2:40</td><td>0:20</td></tr><tr><td>Setting time (hours)</td><td>No requirement</td><td>11:30, 5:10</td><td>2:30, 2:15</td><td>>24</td><td>10:00</td></tr></table>",""
"Endodontics","12. RECENT PAPERS 2019-20 ENDODONTICS","33","According to Kims classification, define the root canal morphology shown in the image.","Type 1","Type 2","Type 3","Type 4","B","[Source explanation — printed page(s) 7]
Type V: One canal leaves the pulp chamber and divides
{ separate apical foramina (1-2).
Type VI: Two separate canals leave the pulp chamber, m
j to exit as two distinct canals (2-1-2).
Type VII: | One canal leaves the pulp chamber, divides anc
into two distinct canals short of the apex (1-2:
Type VIII: | Three separate, distinct canals extend from the
! When a single canal emerges from the pulp chamber an:
foramina, it is classified as:
y a) Vertucci type 2 b) Vertucci type 3 c) Vert
| Vertucc
Type 1 Type 2 Type 3 Type 4
| 1-1 2-1 1-2-1 2-2
1
|
: Note:
The only tooth that showed all eight possible configurations
| 32. ‘B’ [Cohen 11% ed 295]
| Physical Properties of Tricalci
| : ISO 6876-2001 ADA
57 Requirement | “i Vi""8
| Film thickness (um) 16
i ;
| Dimensional stability | -1% to + 0.1% -0.04
Working time (hours) 4:00, 5:30
Setting time (hours) 11:30, 5:1
33. ‘B’ [Cohen 11* ed 121]
| Type I Type II Type III Ty}
Isthmus classifications by Kim And Colleagues.
¢ Type J is an incomplete isthmus; it is faint communicat
e Type II is characterized by two canals with a definite c
¢ Type III is a very short, complete isthmus between twc
| ¢ Type IV is a complete or incomplete isthmus between t
| e Type V is marked by two or three canal openings witho

k=. —
des short of the apex into two separate, distinct canals with mel
merge in the body of the root, and separate short of the apex ‘ —
and then rejoins in the body of the root, and finally separates —_ F
v2e1-2), “=
the pulp chamber to the apex (3). ml
and divides into two separate canals with separate apical v=
(AIIMS MAY 2024) ~m
ertucci type 4 d) Vertucci type 5 € ii
cci 1984 ~“n
}
Type 5 Type 6 Type 7 Type 8 a
1-2 2-1-2 1-2-1-2 3-3 wi
i
|
yns was the maxillary second premolar. ~
Icium Silicate Root Canal Sealers _
fs Endosequence | MTA Plus -
NET an ex BC Sealer White, Gray “hi
=) (a
wn
fl
OR ae |(2e80) 2S ucies 10:00 “i
sy) 2!
Type IV Type V *
cation between two canals. {
e connection between them (complete isthmus)
two canals.
n three or more canals e
hout visible connections.
a","Requires image/diagram: source question or explanation contains a figure/image (printed page 756)."
"Endodontics","12. RECENT PAPERS 2019-20 ENDODONTICS","34","A child has fallen from stairs; his maxillary central incisor was broken. What is the diagnosis?","Ellis class I","Ellis class II","Ellis class IV","Ellis class III","D","[Source explanation — printed page(s) 9]
i a
v ee eee
i 34. “py [Check - Se
e Traumatology section
The picture shows expo
class IIT. Posure of pulp and so it its El
SeeGlass Tit. Extensi
ns * :
7 Considerable dene ie ae he Wier
and exposing the dental pulp
35.9"" ""Ae [Cohen 11th ed 157]
eaeint i
tees ne ane avy should have all orific
L Irely on the pulp floor
n extend into an axial wall, p and should n
e ; : is.
aaa of an orifice into the axial wall create:
i ie hole effect which indicates internal unc
€nsion and impedes straight-line access,
e 5
_ such cases the orifice must be repositioned on
the pulp floor without interference from axial wal
i Mouse hole Orifice that lies on fl
; completely
ie 36. ‘C’ [Rubber Dam In Endodontics - An Overview Of Rece
Advances, International Journal of Clinical Dentist
i ISSN: 1939-5833 Volume 6, Number 4]
e The Isolite is a new dental device that simultaneous
delivers continuous throat protection, illuminatio
“""— retraction and isolation.
oe e It has a unique soft, flexible mouthpiece whi
isolates maxillary and mandibular quadran
oe simultaneously, retracts and protects the soft tissu
from accidental damage from high speed turbine
: (~) delivers shadow-less illumination and continuous
aspirates fluids and prevents the aspiration
“Ti foreign objects.
‘ ‘ e It can be particularly useful in young people wi
© incompletely erupted teeth. Using Isolite, a co
a build up during endodontic treatment can be dor
© immediately by placing a matrix or core-forme
ne and thus completing the process in one step. Th
ve reduces the amount of time and number of ste,
re needed as compared to conventional rubber dam.
|

A __enpovontics re ve
ulp. ie fg qt =
ifices 4 a
d not y ‘ 44 ; :
ites a \ * Fiadil ill ik
under i
37. ‘B’ [Ingle 7"" ed, 551]
onto ° All electronic apex locators (EAL) measure major
walls. apical foramen accurately. The zero point or “0.0”
denotes major foramen (apical foramen) and
“0.5” denotes at or near apical constriction.
' e It is stated that apex locator can locate major
foramen.
e Apical constriction is an ideal spot for working
> length in endodontic treatment which is 0.5 to 1mm
. away from major foramen. So, it is recommended to
locate major foramen by EAL and then 1 mm was
floor subtracted in order to determine precise working
length.
e Zero reading means that the file tip is in contact with
AN: the PDL. This does not mean that the constriction
istry is located; rather it means that the instrument is
- within the canal and close to the PDL.
ously ire nave
tion, fe on 1
jhich fj coca
4 2.0
rants a &
ae he Ai 4 E> 17 Ces) = Blue
ines, 5 cats & 1.5 ©) = Green
ously ag IG @& 1
Aah we | |@@] [10 HC =Yellow
le >| /o75 :
‘ : @D = Red
ith cee Coy fos |
ss 4 SP bas
done . Gove
rmer, BEG 0 edness
Apical Foramen |0.0mm
Middle of the | Region adjacent to
yellow area | the apical foramen
Middle of the | Apical constriction
green area
Middle of the | Beginning of the
blue area apical region","Requires image/diagram: source question or explanation contains a figure/image (printed page 757)."
"Endodontics","12. RECENT PAPERS 2019-20 ENDODONTICS","35","While doing access cavity preparation, the access cavity should have all orifices positioned entirely on the pulp floor and should not extend into an axial wall; this is done?","To prevent Mouse hole effect","In Calcified canals","In curved canals","In grossly decayed tooth","A","[Source explanation — printed page(s) 9]
i a
v ee eee
i 34. “py [Check - Se
e Traumatology section
The picture shows expo
class IIT. Posure of pulp and so it its El
SeeGlass Tit. Extensi
ns * :
7 Considerable dene ie ae he Wier
and exposing the dental pulp
35.9"" ""Ae [Cohen 11th ed 157]
eaeint i
tees ne ane avy should have all orific
L Irely on the pulp floor
n extend into an axial wall, p and should n
e ; : is.
aaa of an orifice into the axial wall create:
i ie hole effect which indicates internal unc
€nsion and impedes straight-line access,
e 5
_ such cases the orifice must be repositioned on
the pulp floor without interference from axial wal
i Mouse hole Orifice that lies on fl
; completely
ie 36. ‘C’ [Rubber Dam In Endodontics - An Overview Of Rece
Advances, International Journal of Clinical Dentist
i ISSN: 1939-5833 Volume 6, Number 4]
e The Isolite is a new dental device that simultaneous
delivers continuous throat protection, illuminatio
“""— retraction and isolation.
oe e It has a unique soft, flexible mouthpiece whi
isolates maxillary and mandibular quadran
oe simultaneously, retracts and protects the soft tissu
from accidental damage from high speed turbine
: (~) delivers shadow-less illumination and continuous
aspirates fluids and prevents the aspiration
“Ti foreign objects.
‘ ‘ e It can be particularly useful in young people wi
© incompletely erupted teeth. Using Isolite, a co
a build up during endodontic treatment can be dor
© immediately by placing a matrix or core-forme
ne and thus completing the process in one step. Th
ve reduces the amount of time and number of ste,
re needed as compared to conventional rubber dam.
|

A __enpovontics re ve
ulp. ie fg qt =
ifices 4 a
d not y ‘ 44 ; :
ites a \ * Fiadil ill ik
under i
37. ‘B’ [Ingle 7"" ed, 551]
onto ° All electronic apex locators (EAL) measure major
walls. apical foramen accurately. The zero point or “0.0”
denotes major foramen (apical foramen) and
“0.5” denotes at or near apical constriction.
' e It is stated that apex locator can locate major
foramen.
e Apical constriction is an ideal spot for working
> length in endodontic treatment which is 0.5 to 1mm
. away from major foramen. So, it is recommended to
locate major foramen by EAL and then 1 mm was
floor subtracted in order to determine precise working
length.
e Zero reading means that the file tip is in contact with
AN: the PDL. This does not mean that the constriction
istry is located; rather it means that the instrument is
- within the canal and close to the PDL.
ously ire nave
tion, fe on 1
jhich fj coca
4 2.0
rants a &
ae he Ai 4 E> 17 Ces) = Blue
ines, 5 cats & 1.5 ©) = Green
ously ag IG @& 1
Aah we | |@@] [10 HC =Yellow
le >| /o75 :
‘ : @D = Red
ith cee Coy fos |
ss 4 SP bas
done . Gove
rmer, BEG 0 edness
Apical Foramen |0.0mm
Middle of the | Region adjacent to
yellow area | the apical foramen
Middle of the | Apical constriction
green area
Middle of the | Beginning of the
blue area apical region",""
"Endodontics","12. RECENT PAPERS 2019-20 ENDODONTICS","36","What is isolite?","LED curing device","Bleaching system","Isolating system","Irrigant solution","C","[Source explanation — printed page(s) 9]
i a
v ee eee
i 34. “py [Check - Se
e Traumatology section
The picture shows expo
class IIT. Posure of pulp and so it its El
SeeGlass Tit. Extensi
ns * :
7 Considerable dene ie ae he Wier
and exposing the dental pulp
35.9"" ""Ae [Cohen 11th ed 157]
eaeint i
tees ne ane avy should have all orific
L Irely on the pulp floor
n extend into an axial wall, p and should n
e ; : is.
aaa of an orifice into the axial wall create:
i ie hole effect which indicates internal unc
€nsion and impedes straight-line access,
e 5
_ such cases the orifice must be repositioned on
the pulp floor without interference from axial wal
i Mouse hole Orifice that lies on fl
; completely
ie 36. ‘C’ [Rubber Dam In Endodontics - An Overview Of Rece
Advances, International Journal of Clinical Dentist
i ISSN: 1939-5833 Volume 6, Number 4]
e The Isolite is a new dental device that simultaneous
delivers continuous throat protection, illuminatio
“""— retraction and isolation.
oe e It has a unique soft, flexible mouthpiece whi
isolates maxillary and mandibular quadran
oe simultaneously, retracts and protects the soft tissu
from accidental damage from high speed turbine
: (~) delivers shadow-less illumination and continuous
aspirates fluids and prevents the aspiration
“Ti foreign objects.
‘ ‘ e It can be particularly useful in young people wi
© incompletely erupted teeth. Using Isolite, a co
a build up during endodontic treatment can be dor
© immediately by placing a matrix or core-forme
ne and thus completing the process in one step. Th
ve reduces the amount of time and number of ste,
re needed as compared to conventional rubber dam.
|

A __enpovontics re ve
ulp. ie fg qt =
ifices 4 a
d not y ‘ 44 ; :
ites a \ * Fiadil ill ik
under i
37. ‘B’ [Ingle 7"" ed, 551]
onto ° All electronic apex locators (EAL) measure major
walls. apical foramen accurately. The zero point or “0.0”
denotes major foramen (apical foramen) and
“0.5” denotes at or near apical constriction.
' e It is stated that apex locator can locate major
foramen.
e Apical constriction is an ideal spot for working
> length in endodontic treatment which is 0.5 to 1mm
. away from major foramen. So, it is recommended to
locate major foramen by EAL and then 1 mm was
floor subtracted in order to determine precise working
length.
e Zero reading means that the file tip is in contact with
AN: the PDL. This does not mean that the constriction
istry is located; rather it means that the instrument is
- within the canal and close to the PDL.
ously ire nave
tion, fe on 1
jhich fj coca
4 2.0
rants a &
ae he Ai 4 E> 17 Ces) = Blue
ines, 5 cats & 1.5 ©) = Green
ously ag IG @& 1
Aah we | |@@] [10 HC =Yellow
le >| /o75 :
‘ : @D = Red
ith cee Coy fos |
ss 4 SP bas
done . Gove
rmer, BEG 0 edness
Apical Foramen |0.0mm
Middle of the | Region adjacent to
yellow area | the apical foramen
Middle of the | Apical constriction
green area
Middle of the | Beginning of the
blue area apical region",""
"Endodontics","12. RECENT PAPERS 2019-20 ENDODONTICS","37","Apex locator with Zero reading represents -","Minor apical foramen","Major apical foramen","Minor constriction","Within periodontal ligament","B","[Source explanation — printed page(s) 9]
i a
v ee eee
i 34. “py [Check - Se
e Traumatology section
The picture shows expo
class IIT. Posure of pulp and so it its El
SeeGlass Tit. Extensi
ns * :
7 Considerable dene ie ae he Wier
and exposing the dental pulp
35.9"" ""Ae [Cohen 11th ed 157]
eaeint i
tees ne ane avy should have all orific
L Irely on the pulp floor
n extend into an axial wall, p and should n
e ; : is.
aaa of an orifice into the axial wall create:
i ie hole effect which indicates internal unc
€nsion and impedes straight-line access,
e 5
_ such cases the orifice must be repositioned on
the pulp floor without interference from axial wal
i Mouse hole Orifice that lies on fl
; completely
ie 36. ‘C’ [Rubber Dam In Endodontics - An Overview Of Rece
Advances, International Journal of Clinical Dentist
i ISSN: 1939-5833 Volume 6, Number 4]
e The Isolite is a new dental device that simultaneous
delivers continuous throat protection, illuminatio
“""— retraction and isolation.
oe e It has a unique soft, flexible mouthpiece whi
isolates maxillary and mandibular quadran
oe simultaneously, retracts and protects the soft tissu
from accidental damage from high speed turbine
: (~) delivers shadow-less illumination and continuous
aspirates fluids and prevents the aspiration
“Ti foreign objects.
‘ ‘ e It can be particularly useful in young people wi
© incompletely erupted teeth. Using Isolite, a co
a build up during endodontic treatment can be dor
© immediately by placing a matrix or core-forme
ne and thus completing the process in one step. Th
ve reduces the amount of time and number of ste,
re needed as compared to conventional rubber dam.
|

A __enpovontics re ve
ulp. ie fg qt =
ifices 4 a
d not y ‘ 44 ; :
ites a \ * Fiadil ill ik
under i
37. ‘B’ [Ingle 7"" ed, 551]
onto ° All electronic apex locators (EAL) measure major
walls. apical foramen accurately. The zero point or “0.0”
denotes major foramen (apical foramen) and
“0.5” denotes at or near apical constriction.
' e It is stated that apex locator can locate major
foramen.
e Apical constriction is an ideal spot for working
> length in endodontic treatment which is 0.5 to 1mm
. away from major foramen. So, it is recommended to
locate major foramen by EAL and then 1 mm was
floor subtracted in order to determine precise working
length.
e Zero reading means that the file tip is in contact with
AN: the PDL. This does not mean that the constriction
istry is located; rather it means that the instrument is
- within the canal and close to the PDL.
ously ire nave
tion, fe on 1
jhich fj coca
4 2.0
rants a &
ae he Ai 4 E> 17 Ces) = Blue
ines, 5 cats & 1.5 ©) = Green
ously ag IG @& 1
Aah we | |@@] [10 HC =Yellow
le >| /o75 :
‘ : @D = Red
ith cee Coy fos |
ss 4 SP bas
done . Gove
rmer, BEG 0 edness
Apical Foramen |0.0mm
Middle of the | Region adjacent to
yellow area | the apical foramen
Middle of the | Apical constriction
green area
Middle of the | Beginning of the
blue area apical region","Requires image/diagram: source question or explanation contains a figure/image (printed page 757)."
"Endodontics","13. RECENT PAPERS 2020-21 ENDODONTICS","1","Monofilament sutures are used for root end surgery; the sutures should be removed after","12 days","15 days","2 days","7 days","C","[Source explanation — printed page(s) 14]
. ‘ CENT PAPERS 2020-21
. i [Cohen 11% ed 425,436]
The epitheli : ;
. abil barrier typically forms by 36 to 42 hours
‘ _ ete of the wound and is characterized by
. eee increase in wound strength. So sutures
Beat aha before 2 days.

. ae of an ideal suture material for
edicts ieee” include pliability for ease of

y Gecou g and knot tying, a smooth surface that

. a, rages bacterial growth and wicking of oral

. uids, and a reasonable cost.

: Suture material in size 5-0 is most commonly used.

"" Resorbable suture materials (plain gut and chromic
gut) are not routinely used for periradicular

*) surgery. Suture materials with a smooth Teflon or
polybutilate coating (e.g., Tevdec and Ethibond, 3

9) respectively) are particularly well suited for use in
periradicular surgery.

7) 0 Synthetic monofilament suture materials (e.g.,

Supramid and Monocryl) are also commonly used.

) These materials are easy to handle and do not
promote bacterial growth or wicking of oral fluids

7) to the same extent as silk.

> e Gortex (expanded PTEE-Teflon) sutures have many
desirable properties but are more expensive than

"" the previously mentioned materials.

e Sutures commonly are removed 2 to 4 days after

> surgery. This recommendation js based on the

current understanding of wound healing and the

> desire to remove any potential irritants from the
incision area as soon as possible. :

) ° Sharp suture scissors or a #12 scalpel blade can
be used to cut the sutures before they are removed

» with cotton pliers or tissue forceps. A transient
bacteremia can be expected after suture removal,

» even when a preprocedural chlorhexidine mouth rinse
js used. Antibiotic coverage should be considered

») only for patients at high risk of developing bacterial
endocarditis.

y

Which of these sutures attracts bacteria and causes

) wicking of soft tissues due to absorption of fluids?

(AIIMS MAY 2024)
» a) Plain gut RBIS
> c) Nylon monofilament d) Coated Teflon
9. (© jeonen 10% ed 247]

» ""allergic Reactions to Sodium Hypochlorite:

, «Although few reports have been plished va
allergic reactions to NaOCl, real allergies to Nall
are unlikely to occur, as both Na and Cl are essential

) elements in the physiology of the human body.

1 ENDODONTICS - ANSWERS —

Oo lie must be remembered that the hypochlorous acid
(active component of the sodium hypochlorite) is a
chemical; it may create local tissue damage when it
is produced in excess (liquefaction necrosis: purulent
exudate) but does not cause allergic responses.

¢ When hypersensitivity to NaOCl is suspected
or confirmed, chlorhexidine should not be used
either because of its chlorine content.

e The use of an alternative irrigant with high
antimicrobial efficacy, such as iodine potassium
iodide, should be considered.

e (Ca(OH), could be used as a temporary medicament

: because it dissolves both vital and necrotic tissue
3. ‘C’ [Cohen 11% ed 74, 396/Neelima Malik 2nd ed 38]

The international normalized ratio (INR) value is the

accepted standard for measuring prothrombin time (PT).

The INR has no units (it is a ratio) and is determined to

one decimal place. The normal INR is typically 0.9 to

14.1. The desired therapeutic range for the INR usually

is 2 to 3.5 with patients on anticoagulant therapy.

On warfarin therapy, the INR elevates to between 2

and 3.5. Warfarin (Coumadin), a commonly prescribed

anticoagulant used to treat or prevent thromboembolisms,
blocks the formation of prothrombin and other clotting
factors. Limited oral surgery procedures, such as simple
forceps extraction of one to three teeth, may be performed
safely on patients with INR values within 2 to eG

4.  ‘C’ [Check Explanation Below/An evidence - based
appraisal of splinting luxated, avulsed, and root-

fractured teeth, Dental traumatology 2008; 24: 2-10/

AAE guidelines for traumatic injuries]

e As per IADT and AAE guidelines and Cohen 12 th
ed - Splinting for root fracture should be done for
3-4 weeks with flexible splint. For Cervical 3% root

fracture splinting should be done for 4 months.

e It is not clear in literature about rigidity of splinting
in cervical 3% root fracture.

e But, As per AIIMS rigid splinting is preferred for
cervical 3% fracture as given in Anderson book of
traumatology.

5, ‘AN [White and Pharoah 5th ed 183]

Mental Foramen:

e The mental foramen is the normal anatomica
landmark seen as a well-defined radiolucency.

The foramen is seen about halfway between the

‘ i d the crest of the

l lower border of the mandible and t sex

fl alveolar process, usually in the region of | ; ane
of the second premolar. Also, because it be a
the surface of the mandible, the position 0",""
"Endodontics","13. RECENT PAPERS 2020-21 ENDODONTICS","2","Patient allergic to sodium hypochlorite also allergic to","Potassium Iodide","EDTA","Chlorhexidine","Hydrogen Peroxide","C","[Source explanation — printed page(s) 14]
. ‘ CENT PAPERS 2020-21
. i [Cohen 11% ed 425,436]
The epitheli : ;
. abil barrier typically forms by 36 to 42 hours
‘ _ ete of the wound and is characterized by
. eee increase in wound strength. So sutures
Beat aha before 2 days.

. ae of an ideal suture material for
edicts ieee” include pliability for ease of

y Gecou g and knot tying, a smooth surface that

. a, rages bacterial growth and wicking of oral

. uids, and a reasonable cost.

: Suture material in size 5-0 is most commonly used.

"" Resorbable suture materials (plain gut and chromic
gut) are not routinely used for periradicular

*) surgery. Suture materials with a smooth Teflon or
polybutilate coating (e.g., Tevdec and Ethibond, 3

9) respectively) are particularly well suited for use in
periradicular surgery.

7) 0 Synthetic monofilament suture materials (e.g.,

Supramid and Monocryl) are also commonly used.

) These materials are easy to handle and do not
promote bacterial growth or wicking of oral fluids

7) to the same extent as silk.

> e Gortex (expanded PTEE-Teflon) sutures have many
desirable properties but are more expensive than

"" the previously mentioned materials.

e Sutures commonly are removed 2 to 4 days after

> surgery. This recommendation js based on the

current understanding of wound healing and the

> desire to remove any potential irritants from the
incision area as soon as possible. :

) ° Sharp suture scissors or a #12 scalpel blade can
be used to cut the sutures before they are removed

» with cotton pliers or tissue forceps. A transient
bacteremia can be expected after suture removal,

» even when a preprocedural chlorhexidine mouth rinse
js used. Antibiotic coverage should be considered

») only for patients at high risk of developing bacterial
endocarditis.

y

Which of these sutures attracts bacteria and causes

) wicking of soft tissues due to absorption of fluids?

(AIIMS MAY 2024)
» a) Plain gut RBIS
> c) Nylon monofilament d) Coated Teflon
9. (© jeonen 10% ed 247]

» ""allergic Reactions to Sodium Hypochlorite:

, «Although few reports have been plished va
allergic reactions to NaOCl, real allergies to Nall
are unlikely to occur, as both Na and Cl are essential

) elements in the physiology of the human body.

1 ENDODONTICS - ANSWERS —

Oo lie must be remembered that the hypochlorous acid
(active component of the sodium hypochlorite) is a
chemical; it may create local tissue damage when it
is produced in excess (liquefaction necrosis: purulent
exudate) but does not cause allergic responses.

¢ When hypersensitivity to NaOCl is suspected
or confirmed, chlorhexidine should not be used
either because of its chlorine content.

e The use of an alternative irrigant with high
antimicrobial efficacy, such as iodine potassium
iodide, should be considered.

e (Ca(OH), could be used as a temporary medicament

: because it dissolves both vital and necrotic tissue
3. ‘C’ [Cohen 11% ed 74, 396/Neelima Malik 2nd ed 38]

The international normalized ratio (INR) value is the

accepted standard for measuring prothrombin time (PT).

The INR has no units (it is a ratio) and is determined to

one decimal place. The normal INR is typically 0.9 to

14.1. The desired therapeutic range for the INR usually

is 2 to 3.5 with patients on anticoagulant therapy.

On warfarin therapy, the INR elevates to between 2

and 3.5. Warfarin (Coumadin), a commonly prescribed

anticoagulant used to treat or prevent thromboembolisms,
blocks the formation of prothrombin and other clotting
factors. Limited oral surgery procedures, such as simple
forceps extraction of one to three teeth, may be performed
safely on patients with INR values within 2 to eG

4.  ‘C’ [Check Explanation Below/An evidence - based
appraisal of splinting luxated, avulsed, and root-

fractured teeth, Dental traumatology 2008; 24: 2-10/

AAE guidelines for traumatic injuries]

e As per IADT and AAE guidelines and Cohen 12 th
ed - Splinting for root fracture should be done for
3-4 weeks with flexible splint. For Cervical 3% root

fracture splinting should be done for 4 months.

e It is not clear in literature about rigidity of splinting
in cervical 3% root fracture.

e But, As per AIIMS rigid splinting is preferred for
cervical 3% fracture as given in Anderson book of
traumatology.

5, ‘AN [White and Pharoah 5th ed 183]

Mental Foramen:

e The mental foramen is the normal anatomica
landmark seen as a well-defined radiolucency.

The foramen is seen about halfway between the

‘ i d the crest of the

l lower border of the mandible and t sex

fl alveolar process, usually in the region of | ; ane
of the second premolar. Also, because it be a
the surface of the mandible, the position 0",""
"Endodontics","13. RECENT PAPERS 2020-21 ENDODONTICS","3","INR level for undergoing extraction therapy should be?","1.5","5","3.5","4","C","[Source explanation — printed page(s) 14]
. ‘ CENT PAPERS 2020-21
. i [Cohen 11% ed 425,436]
The epitheli : ;
. abil barrier typically forms by 36 to 42 hours
‘ _ ete of the wound and is characterized by
. eee increase in wound strength. So sutures
Beat aha before 2 days.

. ae of an ideal suture material for
edicts ieee” include pliability for ease of

y Gecou g and knot tying, a smooth surface that

. a, rages bacterial growth and wicking of oral

. uids, and a reasonable cost.

: Suture material in size 5-0 is most commonly used.

"" Resorbable suture materials (plain gut and chromic
gut) are not routinely used for periradicular

*) surgery. Suture materials with a smooth Teflon or
polybutilate coating (e.g., Tevdec and Ethibond, 3

9) respectively) are particularly well suited for use in
periradicular surgery.

7) 0 Synthetic monofilament suture materials (e.g.,

Supramid and Monocryl) are also commonly used.

) These materials are easy to handle and do not
promote bacterial growth or wicking of oral fluids

7) to the same extent as silk.

> e Gortex (expanded PTEE-Teflon) sutures have many
desirable properties but are more expensive than

"" the previously mentioned materials.

e Sutures commonly are removed 2 to 4 days after

> surgery. This recommendation js based on the

current understanding of wound healing and the

> desire to remove any potential irritants from the
incision area as soon as possible. :

) ° Sharp suture scissors or a #12 scalpel blade can
be used to cut the sutures before they are removed

» with cotton pliers or tissue forceps. A transient
bacteremia can be expected after suture removal,

» even when a preprocedural chlorhexidine mouth rinse
js used. Antibiotic coverage should be considered

») only for patients at high risk of developing bacterial
endocarditis.

y

Which of these sutures attracts bacteria and causes

) wicking of soft tissues due to absorption of fluids?

(AIIMS MAY 2024)
» a) Plain gut RBIS
> c) Nylon monofilament d) Coated Teflon
9. (© jeonen 10% ed 247]

» ""allergic Reactions to Sodium Hypochlorite:

, «Although few reports have been plished va
allergic reactions to NaOCl, real allergies to Nall
are unlikely to occur, as both Na and Cl are essential

) elements in the physiology of the human body.

1 ENDODONTICS - ANSWERS —

Oo lie must be remembered that the hypochlorous acid
(active component of the sodium hypochlorite) is a
chemical; it may create local tissue damage when it
is produced in excess (liquefaction necrosis: purulent
exudate) but does not cause allergic responses.

¢ When hypersensitivity to NaOCl is suspected
or confirmed, chlorhexidine should not be used
either because of its chlorine content.

e The use of an alternative irrigant with high
antimicrobial efficacy, such as iodine potassium
iodide, should be considered.

e (Ca(OH), could be used as a temporary medicament

: because it dissolves both vital and necrotic tissue
3. ‘C’ [Cohen 11% ed 74, 396/Neelima Malik 2nd ed 38]

The international normalized ratio (INR) value is the

accepted standard for measuring prothrombin time (PT).

The INR has no units (it is a ratio) and is determined to

one decimal place. The normal INR is typically 0.9 to

14.1. The desired therapeutic range for the INR usually

is 2 to 3.5 with patients on anticoagulant therapy.

On warfarin therapy, the INR elevates to between 2

and 3.5. Warfarin (Coumadin), a commonly prescribed

anticoagulant used to treat or prevent thromboembolisms,
blocks the formation of prothrombin and other clotting
factors. Limited oral surgery procedures, such as simple
forceps extraction of one to three teeth, may be performed
safely on patients with INR values within 2 to eG

4.  ‘C’ [Check Explanation Below/An evidence - based
appraisal of splinting luxated, avulsed, and root-

fractured teeth, Dental traumatology 2008; 24: 2-10/

AAE guidelines for traumatic injuries]

e As per IADT and AAE guidelines and Cohen 12 th
ed - Splinting for root fracture should be done for
3-4 weeks with flexible splint. For Cervical 3% root

fracture splinting should be done for 4 months.

e It is not clear in literature about rigidity of splinting
in cervical 3% root fracture.

e But, As per AIIMS rigid splinting is preferred for
cervical 3% fracture as given in Anderson book of
traumatology.

5, ‘AN [White and Pharoah 5th ed 183]

Mental Foramen:

e The mental foramen is the normal anatomica
landmark seen as a well-defined radiolucency.

The foramen is seen about halfway between the

‘ i d the crest of the

l lower border of the mandible and t sex

fl alveolar process, usually in the region of | ; ane
of the second premolar. Also, because it be a
the surface of the mandible, the position 0",""
"Endodontics","13. RECENT PAPERS 2020-21 ENDODONTICS","4","Type of splint used in cervical root fracture","Rigid","Semi rigid","Flexible","Semi flexible","C","[Source explanation — printed page(s) 14]
. ‘ CENT PAPERS 2020-21
. i [Cohen 11% ed 425,436]
The epitheli : ;
. abil barrier typically forms by 36 to 42 hours
‘ _ ete of the wound and is characterized by
. eee increase in wound strength. So sutures
Beat aha before 2 days.

. ae of an ideal suture material for
edicts ieee” include pliability for ease of

y Gecou g and knot tying, a smooth surface that

. a, rages bacterial growth and wicking of oral

. uids, and a reasonable cost.

: Suture material in size 5-0 is most commonly used.

"" Resorbable suture materials (plain gut and chromic
gut) are not routinely used for periradicular

*) surgery. Suture materials with a smooth Teflon or
polybutilate coating (e.g., Tevdec and Ethibond, 3

9) respectively) are particularly well suited for use in
periradicular surgery.

7) 0 Synthetic monofilament suture materials (e.g.,

Supramid and Monocryl) are also commonly used.

) These materials are easy to handle and do not
promote bacterial growth or wicking of oral fluids

7) to the same extent as silk.

> e Gortex (expanded PTEE-Teflon) sutures have many
desirable properties but are more expensive than

"" the previously mentioned materials.

e Sutures commonly are removed 2 to 4 days after

> surgery. This recommendation js based on the

current understanding of wound healing and the

> desire to remove any potential irritants from the
incision area as soon as possible. :

) ° Sharp suture scissors or a #12 scalpel blade can
be used to cut the sutures before they are removed

» with cotton pliers or tissue forceps. A transient
bacteremia can be expected after suture removal,

» even when a preprocedural chlorhexidine mouth rinse
js used. Antibiotic coverage should be considered

») only for patients at high risk of developing bacterial
endocarditis.

y

Which of these sutures attracts bacteria and causes

) wicking of soft tissues due to absorption of fluids?

(AIIMS MAY 2024)
» a) Plain gut RBIS
> c) Nylon monofilament d) Coated Teflon
9. (© jeonen 10% ed 247]

» ""allergic Reactions to Sodium Hypochlorite:

, «Although few reports have been plished va
allergic reactions to NaOCl, real allergies to Nall
are unlikely to occur, as both Na and Cl are essential

) elements in the physiology of the human body.

1 ENDODONTICS - ANSWERS —

Oo lie must be remembered that the hypochlorous acid
(active component of the sodium hypochlorite) is a
chemical; it may create local tissue damage when it
is produced in excess (liquefaction necrosis: purulent
exudate) but does not cause allergic responses.

¢ When hypersensitivity to NaOCl is suspected
or confirmed, chlorhexidine should not be used
either because of its chlorine content.

e The use of an alternative irrigant with high
antimicrobial efficacy, such as iodine potassium
iodide, should be considered.

e (Ca(OH), could be used as a temporary medicament

: because it dissolves both vital and necrotic tissue
3. ‘C’ [Cohen 11% ed 74, 396/Neelima Malik 2nd ed 38]

The international normalized ratio (INR) value is the

accepted standard for measuring prothrombin time (PT).

The INR has no units (it is a ratio) and is determined to

one decimal place. The normal INR is typically 0.9 to

14.1. The desired therapeutic range for the INR usually

is 2 to 3.5 with patients on anticoagulant therapy.

On warfarin therapy, the INR elevates to between 2

and 3.5. Warfarin (Coumadin), a commonly prescribed

anticoagulant used to treat or prevent thromboembolisms,
blocks the formation of prothrombin and other clotting
factors. Limited oral surgery procedures, such as simple
forceps extraction of one to three teeth, may be performed
safely on patients with INR values within 2 to eG

4.  ‘C’ [Check Explanation Below/An evidence - based
appraisal of splinting luxated, avulsed, and root-

fractured teeth, Dental traumatology 2008; 24: 2-10/

AAE guidelines for traumatic injuries]

e As per IADT and AAE guidelines and Cohen 12 th
ed - Splinting for root fracture should be done for
3-4 weeks with flexible splint. For Cervical 3% root

fracture splinting should be done for 4 months.

e It is not clear in literature about rigidity of splinting
in cervical 3% root fracture.

e But, As per AIIMS rigid splinting is preferred for
cervical 3% fracture as given in Anderson book of
traumatology.

5, ‘AN [White and Pharoah 5th ed 183]

Mental Foramen:

e The mental foramen is the normal anatomica
landmark seen as a well-defined radiolucency.

The foramen is seen about halfway between the

‘ i d the crest of the

l lower border of the mandible and t sex

fl alveolar process, usually in the region of | ; ane
of the second premolar. Also, because it be a
the surface of the mandible, the position 0",""
"Endodontics","13. RECENT PAPERS 2020-21 ENDODONTICS","5","There is a well-defined radiolucency apical to premolar with no widening of lamina dura & normal pulp vitality response, what is the radiolucency?","Mental foramen","Lateral periodontal cyst","periapicalcemental dysplasia","Apical periodontitis (Asymptomatic)","A","[Source explanation — printed page(s) 14, 13]
. ‘ CENT PAPERS 2020-21
. i [Cohen 11% ed 425,436]
The epitheli : ;
. abil barrier typically forms by 36 to 42 hours
‘ _ ete of the wound and is characterized by
. eee increase in wound strength. So sutures
Beat aha before 2 days.

. ae of an ideal suture material for
edicts ieee” include pliability for ease of

y Gecou g and knot tying, a smooth surface that

. a, rages bacterial growth and wicking of oral

. uids, and a reasonable cost.

: Suture material in size 5-0 is most commonly used.

"" Resorbable suture materials (plain gut and chromic
gut) are not routinely used for periradicular

*) surgery. Suture materials with a smooth Teflon or
polybutilate coating (e.g., Tevdec and Ethibond, 3

9) respectively) are particularly well suited for use in
periradicular surgery.

7) 0 Synthetic monofilament suture materials (e.g.,

Supramid and Monocryl) are also commonly used.

) These materials are easy to handle and do not
promote bacterial growth or wicking of oral fluids

7) to the same extent as silk.

> e Gortex (expanded PTEE-Teflon) sutures have many
desirable properties but are more expensive than

"" the previously mentioned materials.

e Sutures commonly are removed 2 to 4 days after

> surgery. This recommendation js based on the

current understanding of wound healing and the

> desire to remove any potential irritants from the
incision area as soon as possible. :

) ° Sharp suture scissors or a #12 scalpel blade can
be used to cut the sutures before they are removed

» with cotton pliers or tissue forceps. A transient
bacteremia can be expected after suture removal,

» even when a preprocedural chlorhexidine mouth rinse
js used. Antibiotic coverage should be considered

») only for patients at high risk of developing bacterial
endocarditis.

y

Which of these sutures attracts bacteria and causes

) wicking of soft tissues due to absorption of fluids?

(AIIMS MAY 2024)
» a) Plain gut RBIS
> c) Nylon monofilament d) Coated Teflon
9. (© jeonen 10% ed 247]

» ""allergic Reactions to Sodium Hypochlorite:

, «Although few reports have been plished va
allergic reactions to NaOCl, real allergies to Nall
are unlikely to occur, as both Na and Cl are essential

) elements in the physiology of the human body.

1 ENDODONTICS - ANSWERS —

Oo lie must be remembered that the hypochlorous acid
(active component of the sodium hypochlorite) is a
chemical; it may create local tissue damage when it
is produced in excess (liquefaction necrosis: purulent
exudate) but does not cause allergic responses.

¢ When hypersensitivity to NaOCl is suspected
or confirmed, chlorhexidine should not be used
either because of its chlorine content.

e The use of an alternative irrigant with high
antimicrobial efficacy, such as iodine potassium
iodide, should be considered.

e (Ca(OH), could be used as a temporary medicament

: because it dissolves both vital and necrotic tissue
3. ‘C’ [Cohen 11% ed 74, 396/Neelima Malik 2nd ed 38]

The international normalized ratio (INR) value is the

accepted standard for measuring prothrombin time (PT).

The INR has no units (it is a ratio) and is determined to

one decimal place. The normal INR is typically 0.9 to

14.1. The desired therapeutic range for the INR usually

is 2 to 3.5 with patients on anticoagulant therapy.

On warfarin therapy, the INR elevates to between 2

and 3.5. Warfarin (Coumadin), a commonly prescribed

anticoagulant used to treat or prevent thromboembolisms,
blocks the formation of prothrombin and other clotting
factors. Limited oral surgery procedures, such as simple
forceps extraction of one to three teeth, may be performed
safely on patients with INR values within 2 to eG

4.  ‘C’ [Check Explanation Below/An evidence - based
appraisal of splinting luxated, avulsed, and root-

fractured teeth, Dental traumatology 2008; 24: 2-10/

AAE guidelines for traumatic injuries]

e As per IADT and AAE guidelines and Cohen 12 th
ed - Splinting for root fracture should be done for
3-4 weeks with flexible splint. For Cervical 3% root

fracture splinting should be done for 4 months.

e It is not clear in literature about rigidity of splinting
in cervical 3% root fracture.

e But, As per AIIMS rigid splinting is preferred for
cervical 3% fracture as given in Anderson book of
traumatology.

5, ‘AN [White and Pharoah 5th ed 183]

Mental Foramen:

e The mental foramen is the normal anatomica
landmark seen as a well-defined radiolucency.

The foramen is seen about halfway between the

‘ i d the crest of the

l lower border of the mandible and t sex

fl alveolar process, usually in the region of | ; ane
of the second premolar. Also, because it be a
the surface of the mandible, the position 0


image in relation to the tooth roots is influenced

by projection angulation. It may be projected

anywhere from just mesial of the permanent first

molar roots to as far anterior as mesial of the first 7.

premolar root. (Wheeler 9th ed pg 234 mentions

that “the position of the mental foramen is between

the 1st and 2nd premolars 33% of the time, in line
with the 2nd premolar 11% of the time, and distal to

the second premolar 56% of the time. In terms of

vertical position, the foramen can be found coronal

4 to the apices 22% of the time, at the apices 15% of

the time, and below the apices 63% of the time).

e When it is projected over one of the premolar
apices, it may mimic periapical disease. In such
cases, evidence of the mandibular canal extending
to the suspected radiolucency or presence of a
lamina dura traceable around the root apex and
pulp vitality test (pulp will be vital) would suggest
the true nature of the radiolucency.

NOTE: Option’B’ periodontal cystis a localized destruction

of the periodontal tissues along a lateral root surface, 8-

most often in the mandibular canine-premolar area. Its

radiographic appearance cannot be differentiated from
that of a periodontal abscess. Radiographically, the
cyst presents as a well circumscribed round or teardrop-
shaped radiolucent area (generally not exceeding 1 cm
in diameter) with a radiopaque rim, located laterally to
the root of a vital tooth. In rare cases there is loss
of lamina dura and enlargement of the periodontal
ligament space too.

6. ‘A’ [Grossman’s 13*"" ed 93]

Barodontalgia:

e The list of physical causes of pulp injury would
not be complete without a consideration of high-
altitude changes on the pulp.

e Barodontalgia, also known as aerodontalgia,
denotes toothache occurring at low atmospheric
pressure experienced either during flight or during a
test run in a decompression chamber. Barodontalgia
has generally been observed in altitudes over 5000
feet, but it is more likely to occur at 10,000 feet
or above.

¢ In many cases, barodontalgia is triggered by pre-
existing conditions. A tooth with irreversible
pulpitis can be symptomless at the ground level,

ae
but it may cause pain at high alti . _ ©
altitud :
reduced pressure. i mareause of a
- ‘BY [Cohen’s 11"" ed 733] pil
Ledges may be created as a result of i
; r of instrumentati
causing radicular transportation, which also ‘a —
zipping of the canal and possible canal perforati a |
given in figure below. ea os -
Schematic diagrams showing the most common preparation
errors. A, Radicular zip. B, Ledge. C, Radicular zip with
perforation. D, Ledge with perforation. he
e
3. 'D’ [Grossman's 13*"" 292, 315] _o
Canal blockage: =
e Blockage by dentin chips and/or tissue debris is _ =
an obstruction in a previously patent canal that
prevents access and complete disinfection of the oO
most apical part of the root canal system. The
type of blockage is related to the instrumentation aa
technique used. i
e Blockages occurred most frequently in canals a
prepared with step-back techniques with anti- i
curvature and circumferential filing and occurred }:
least when the balanced-force technique was _ i
used. “
Canal blockage is caused when: :
¢ pulpal tissue is packed and solidified in the apical a
constriction by the use of instruments. =
e instrumentation is not accompanied by copious ,
irrigation or
e instruments are not cleaned before their reinsertion
into the canal. In a study of instrumentation by pe
nine file types, researchers observed little debris
along the canals of plastic blocks if the files were
removed and the flutes were cleaned periodically. “
~
Recognition of canal blockage —-
e Canal blockage by dentin chips and/or tissue debris
is recognized because the instruments can no longer
be advanced to the working length.
e Canal blockage needs to be differentiated from ledge ail
formation. This is very easily done as the tactile
feedback in these two cases differs considerably. ~
e When the root canal is blocked, there is a al
characteristic tactile sensation of the small-sized -
endodontic instrument reaching an almost solid = ""
seme","Requires image/diagram: source question or explanation contains a figure/image (printed page 761-762)."
"Endodontics","13. RECENT PAPERS 2020-21 ENDODONTICS","6","Barodontalgia is associated with","Irreversible pulpitis","Reversible pulpitis","Pulpal necrosis","Normal pulp","A","[Source explanation — printed page(s) 13]
image in relation to the tooth roots is influenced

by projection angulation. It may be projected

anywhere from just mesial of the permanent first

molar roots to as far anterior as mesial of the first 7.

premolar root. (Wheeler 9th ed pg 234 mentions

that “the position of the mental foramen is between

the 1st and 2nd premolars 33% of the time, in line
with the 2nd premolar 11% of the time, and distal to

the second premolar 56% of the time. In terms of

vertical position, the foramen can be found coronal

4 to the apices 22% of the time, at the apices 15% of

the time, and below the apices 63% of the time).

e When it is projected over one of the premolar
apices, it may mimic periapical disease. In such
cases, evidence of the mandibular canal extending
to the suspected radiolucency or presence of a
lamina dura traceable around the root apex and
pulp vitality test (pulp will be vital) would suggest
the true nature of the radiolucency.

NOTE: Option’B’ periodontal cystis a localized destruction

of the periodontal tissues along a lateral root surface, 8-

most often in the mandibular canine-premolar area. Its

radiographic appearance cannot be differentiated from
that of a periodontal abscess. Radiographically, the
cyst presents as a well circumscribed round or teardrop-
shaped radiolucent area (generally not exceeding 1 cm
in diameter) with a radiopaque rim, located laterally to
the root of a vital tooth. In rare cases there is loss
of lamina dura and enlargement of the periodontal
ligament space too.

6. ‘A’ [Grossman’s 13*"" ed 93]

Barodontalgia:

e The list of physical causes of pulp injury would
not be complete without a consideration of high-
altitude changes on the pulp.

e Barodontalgia, also known as aerodontalgia,
denotes toothache occurring at low atmospheric
pressure experienced either during flight or during a
test run in a decompression chamber. Barodontalgia
has generally been observed in altitudes over 5000
feet, but it is more likely to occur at 10,000 feet
or above.

¢ In many cases, barodontalgia is triggered by pre-
existing conditions. A tooth with irreversible
pulpitis can be symptomless at the ground level,

ae
but it may cause pain at high alti . _ ©
altitud :
reduced pressure. i mareause of a
- ‘BY [Cohen’s 11"" ed 733] pil
Ledges may be created as a result of i
; r of instrumentati
causing radicular transportation, which also ‘a —
zipping of the canal and possible canal perforati a |
given in figure below. ea os -
Schematic diagrams showing the most common preparation
errors. A, Radicular zip. B, Ledge. C, Radicular zip with
perforation. D, Ledge with perforation. he
e
3. 'D’ [Grossman's 13*"" 292, 315] _o
Canal blockage: =
e Blockage by dentin chips and/or tissue debris is _ =
an obstruction in a previously patent canal that
prevents access and complete disinfection of the oO
most apical part of the root canal system. The
type of blockage is related to the instrumentation aa
technique used. i
e Blockages occurred most frequently in canals a
prepared with step-back techniques with anti- i
curvature and circumferential filing and occurred }:
least when the balanced-force technique was _ i
used. “
Canal blockage is caused when: :
¢ pulpal tissue is packed and solidified in the apical a
constriction by the use of instruments. =
e instrumentation is not accompanied by copious ,
irrigation or
e instruments are not cleaned before their reinsertion
into the canal. In a study of instrumentation by pe
nine file types, researchers observed little debris
along the canals of plastic blocks if the files were
removed and the flutes were cleaned periodically. “
~
Recognition of canal blockage —-
e Canal blockage by dentin chips and/or tissue debris
is recognized because the instruments can no longer
be advanced to the working length.
e Canal blockage needs to be differentiated from ledge ail
formation. This is very easily done as the tactile
feedback in these two cases differs considerably. ~
e When the root canal is blocked, there is a al
characteristic tactile sensation of the small-sized -
endodontic instrument reaching an almost solid = ""
seme",""
"Endodontics","13. RECENT PAPERS 2020-21 ENDODONTICS","7","What is the situation shown in the picture?","Perforation","Perforation with ledge formation","","","B","[Source explanation — printed page(s) 13]
image in relation to the tooth roots is influenced

by projection angulation. It may be projected

anywhere from just mesial of the permanent first

molar roots to as far anterior as mesial of the first 7.

premolar root. (Wheeler 9th ed pg 234 mentions

that “the position of the mental foramen is between

the 1st and 2nd premolars 33% of the time, in line
with the 2nd premolar 11% of the time, and distal to

the second premolar 56% of the time. In terms of

vertical position, the foramen can be found coronal

4 to the apices 22% of the time, at the apices 15% of

the time, and below the apices 63% of the time).

e When it is projected over one of the premolar
apices, it may mimic periapical disease. In such
cases, evidence of the mandibular canal extending
to the suspected radiolucency or presence of a
lamina dura traceable around the root apex and
pulp vitality test (pulp will be vital) would suggest
the true nature of the radiolucency.

NOTE: Option’B’ periodontal cystis a localized destruction

of the periodontal tissues along a lateral root surface, 8-

most often in the mandibular canine-premolar area. Its

radiographic appearance cannot be differentiated from
that of a periodontal abscess. Radiographically, the
cyst presents as a well circumscribed round or teardrop-
shaped radiolucent area (generally not exceeding 1 cm
in diameter) with a radiopaque rim, located laterally to
the root of a vital tooth. In rare cases there is loss
of lamina dura and enlargement of the periodontal
ligament space too.

6. ‘A’ [Grossman’s 13*"" ed 93]

Barodontalgia:

e The list of physical causes of pulp injury would
not be complete without a consideration of high-
altitude changes on the pulp.

e Barodontalgia, also known as aerodontalgia,
denotes toothache occurring at low atmospheric
pressure experienced either during flight or during a
test run in a decompression chamber. Barodontalgia
has generally been observed in altitudes over 5000
feet, but it is more likely to occur at 10,000 feet
or above.

¢ In many cases, barodontalgia is triggered by pre-
existing conditions. A tooth with irreversible
pulpitis can be symptomless at the ground level,

ae
but it may cause pain at high alti . _ ©
altitud :
reduced pressure. i mareause of a
- ‘BY [Cohen’s 11"" ed 733] pil
Ledges may be created as a result of i
; r of instrumentati
causing radicular transportation, which also ‘a —
zipping of the canal and possible canal perforati a |
given in figure below. ea os -
Schematic diagrams showing the most common preparation
errors. A, Radicular zip. B, Ledge. C, Radicular zip with
perforation. D, Ledge with perforation. he
e
3. 'D’ [Grossman's 13*"" 292, 315] _o
Canal blockage: =
e Blockage by dentin chips and/or tissue debris is _ =
an obstruction in a previously patent canal that
prevents access and complete disinfection of the oO
most apical part of the root canal system. The
type of blockage is related to the instrumentation aa
technique used. i
e Blockages occurred most frequently in canals a
prepared with step-back techniques with anti- i
curvature and circumferential filing and occurred }:
least when the balanced-force technique was _ i
used. “
Canal blockage is caused when: :
¢ pulpal tissue is packed and solidified in the apical a
constriction by the use of instruments. =
e instrumentation is not accompanied by copious ,
irrigation or
e instruments are not cleaned before their reinsertion
into the canal. In a study of instrumentation by pe
nine file types, researchers observed little debris
along the canals of plastic blocks if the files were
removed and the flutes were cleaned periodically. “
~
Recognition of canal blockage —-
e Canal blockage by dentin chips and/or tissue debris
is recognized because the instruments can no longer
be advanced to the working length.
e Canal blockage needs to be differentiated from ledge ail
formation. This is very easily done as the tactile
feedback in these two cases differs considerably. ~
e When the root canal is blocked, there is a al
characteristic tactile sensation of the small-sized -
endodontic instrument reaching an almost solid = ""
seme","Requires image/diagram: source question or explanation contains a figure/image (printed page 762)."
"Endodontics","13. RECENT PAPERS 2020-21 ENDODONTICS","8","Which technique has minimum chance of blocking canal with debris?","Step back","Modified stepback","Crown down","Balanced Force Technique","D","[Source explanation — printed page(s) 13, 15]
image in relation to the tooth roots is influenced

by projection angulation. It may be projected

anywhere from just mesial of the permanent first

molar roots to as far anterior as mesial of the first 7.

premolar root. (Wheeler 9th ed pg 234 mentions

that “the position of the mental foramen is between

the 1st and 2nd premolars 33% of the time, in line
with the 2nd premolar 11% of the time, and distal to

the second premolar 56% of the time. In terms of

vertical position, the foramen can be found coronal

4 to the apices 22% of the time, at the apices 15% of

the time, and below the apices 63% of the time).

e When it is projected over one of the premolar
apices, it may mimic periapical disease. In such
cases, evidence of the mandibular canal extending
to the suspected radiolucency or presence of a
lamina dura traceable around the root apex and
pulp vitality test (pulp will be vital) would suggest
the true nature of the radiolucency.

NOTE: Option’B’ periodontal cystis a localized destruction

of the periodontal tissues along a lateral root surface, 8-

most often in the mandibular canine-premolar area. Its

radiographic appearance cannot be differentiated from
that of a periodontal abscess. Radiographically, the
cyst presents as a well circumscribed round or teardrop-
shaped radiolucent area (generally not exceeding 1 cm
in diameter) with a radiopaque rim, located laterally to
the root of a vital tooth. In rare cases there is loss
of lamina dura and enlargement of the periodontal
ligament space too.

6. ‘A’ [Grossman’s 13*"" ed 93]

Barodontalgia:

e The list of physical causes of pulp injury would
not be complete without a consideration of high-
altitude changes on the pulp.

e Barodontalgia, also known as aerodontalgia,
denotes toothache occurring at low atmospheric
pressure experienced either during flight or during a
test run in a decompression chamber. Barodontalgia
has generally been observed in altitudes over 5000
feet, but it is more likely to occur at 10,000 feet
or above.

¢ In many cases, barodontalgia is triggered by pre-
existing conditions. A tooth with irreversible
pulpitis can be symptomless at the ground level,

ae
but it may cause pain at high alti . _ ©
altitud :
reduced pressure. i mareause of a
- ‘BY [Cohen’s 11"" ed 733] pil
Ledges may be created as a result of i
; r of instrumentati
causing radicular transportation, which also ‘a —
zipping of the canal and possible canal perforati a |
given in figure below. ea os -
Schematic diagrams showing the most common preparation
errors. A, Radicular zip. B, Ledge. C, Radicular zip with
perforation. D, Ledge with perforation. he
e
3. 'D’ [Grossman's 13*"" 292, 315] _o
Canal blockage: =
e Blockage by dentin chips and/or tissue debris is _ =
an obstruction in a previously patent canal that
prevents access and complete disinfection of the oO
most apical part of the root canal system. The
type of blockage is related to the instrumentation aa
technique used. i
e Blockages occurred most frequently in canals a
prepared with step-back techniques with anti- i
curvature and circumferential filing and occurred }:
least when the balanced-force technique was _ i
used. “
Canal blockage is caused when: :
¢ pulpal tissue is packed and solidified in the apical a
constriction by the use of instruments. =
e instrumentation is not accompanied by copious ,
irrigation or
e instruments are not cleaned before their reinsertion
into the canal. In a study of instrumentation by pe
nine file types, researchers observed little debris
along the canals of plastic blocks if the files were
removed and the flutes were cleaned periodically. “
~
Recognition of canal blockage —-
e Canal blockage by dentin chips and/or tissue debris
is recognized because the instruments can no longer
be advanced to the working length.
e Canal blockage needs to be differentiated from ledge ail
formation. This is very easily done as the tactile
feedback in these two cases differs considerably. ~
e When the root canal is blocked, there is a al
characteristic tactile sensation of the small-sized -
endodontic instrument reaching an almost solid = ""
seme


») but ‘pe pee ek ie :
.,,, Penetrable wall’ —
"") ° hitting a solid al as Opposed to the instrument
Radiograph; n cases of ledge formation.
: Graphically, canal bl
. ebecuce cheeVeh 09) deat tsar
Pace in an otherwise patent canal.
% Note: The balanced f
* Of crown down t sore technique is a modification
tran ; echnique. It has sh
Sportation, canal bl own to reduce canal
¥ Step-back and b Ockage and ledging. Passive
benonks alanced force techni
4 eneficial methods of canal Ye
ch preparation that
ances of ledge formation. at reduce the
. 35 “py
w D’ [Cohen's 11° ed 834]
” Inical condition —_ Limited functional increased
and lateral stresses functional and
5 = lateral stresses*
% direct composite or
inlay
2 laevis [ec ag a
21/2 residual tooth | End ; :
<1/2 residual tooth | Post and core Full
,) structure crown
) Strategy for Posterior Teeth regarding post obturation
restoration:
7) e In clinical condition where there is small access
cavity size and tooth subjected to limited functional
>) stresses, a conservative approach can be followed
) by direct composite restorations or composite inlay.
e _Inctinical condition where there is large access cavity
> size and tooth subjected to increased functional
stresses or significantly fragilized premolars and
5 molars require cuspal protection afforded by an
; onlay, overlay, endocrown or a full crown.
9) e The need for a post and core depends on the amount
of remaining tooth structure. When remaining walls
») (buccal and lingual) provide more than 3 to 4 mm
height (from the pulpal chamber floor) and 1.5
> to 2 mm thickness, core and restoration stability
are granted through macromechanical retention
») or adhesion; then, posts are not needed. With
current treatment strategy, the post has become the
») exception rather than the rule for the restoration of
nonvital posterior teeth.
40. ‘B’ [Cohen's 11t ed 38, 42]
a] e All endodontic imaging procedures require high
spatial resolution. Assessment of canal structure,
y canal length, and lesions of endodontic origin
(LEOs) showing apical change, are important tasks
a] requiring minute detail.
e The radiation source in cone-beam volumetric
A) tomography is conical. The receiving sensor capture:
the image as “voxels,” or three dimensional pixels 0
"" information, allowing digital interpretation
9

\__nvovontics_ Wer,

e If CBCT is used, the data acquisition should be
performed at the smallest voxel size: the smaller the
voxelsize, the higher the spatial resolution. Many of the
larger stand-alone cone beam machines, such as the
i-CAT (Imaging Sciences International, Irvine
California), default to a 0.4 mm voxel size. This voxel
size is inadequate for high spatial detail. However,
these units often have a voxel size selection option
that allows smaller voxel sizes to be used during the
image acquisition.

e Units typically use voxel sizes of 0.076 to 0.16
mm for their native image capture. The absolute
maximum voxel size for endodontic imaging
should be 0.2 mm.
e BCT has been used to visualize VRFs in controlled
clinical studies in which clinical diagnosis was
difficult. Vertical root fractures were successfully
detected at a spatial resolution ranging from 76 to
140 microns.
| 11. ‘A’ [Cohen 11 ed 145]
| Krasner and Rankow found that the cementoenamel
: junction (CEJ) was the most important anatomic landmark
for determining the location of pulp chambers and root
n canal orifices. These authors proposed guidelines, or
spatial concepts, that apply to the 3D assessment of the
S pulp chamber anatomy and that can help the clinician
al determine the number and location of orifices on the
d chamber floor.
y-
y Law of Symmetry:
al Except for the maxillary molars, canal orifices are
d equidistant from a line drawn in a mesiodistal direction
n through the center of the pulp chamber floor. Except
for the maxillary molars, canal orifices lie on a line
re perpendicular to a line drawn in a mesiodistal direction
ie across the center of the pulp chamber floor.
im
3) :
ty 1 Fo ‘
on j \ ‘
he : Saas Rae
of ‘
{
| a : hr
igh
ire,
sks
D, Distal; M, mesial.
tric : hamber is
Ires Law of Centrality: The floor of tbespaln level of
s of always located in the center of the tooth at the leve
the CEJ.",""
"Endodontics","13. RECENT PAPERS 2020-21 ENDODONTICS","9","Most accepted post-endodontic restoration in a premolar with intact crown with small access cavity?","All ceramic","Metal ceramic","All metal","Composite restoration to fill the access cavity","D","<table border=""1"" cellpadding=""6"" cellspacing=""0"" style=""border-collapse:collapse;width:100%;font-size:13px""><tr style=""background:#e75480;color:#fff;font-weight:bold""><td>Clinical condition</td><td>Limited functional and lateral stresses</td><td>Increased functional and lateral stresses*</td></tr><tr><td>Small cavity size</td><td>direct composite or inlay</td><td>-</td></tr><tr><td>Large cavity size</td><td>-</td><td>Onlay</td></tr><tr><td>≥1/2 residual tooth structure</td><td>Endocrowns (ceramic or composite)</td><td>Composite core + Full crown</td></tr><tr><td>≤1/2 residual tooth structure</td><td>Post and core</td><td>Full crown</td></tr></table>",""
"Endodontics","13. RECENT PAPERS 2020-21 ENDODONTICS","10","Maximum Voxel size in CBCT in endodontics is?","0.1","0.2","0.4","0.16","B","[Source explanation — printed page(s) 15]
») but ‘pe pee ek ie :
.,,, Penetrable wall’ —
"") ° hitting a solid al as Opposed to the instrument
Radiograph; n cases of ledge formation.
: Graphically, canal bl
. ebecuce cheeVeh 09) deat tsar
Pace in an otherwise patent canal.
% Note: The balanced f
* Of crown down t sore technique is a modification
tran ; echnique. It has sh
Sportation, canal bl own to reduce canal
¥ Step-back and b Ockage and ledging. Passive
benonks alanced force techni
4 eneficial methods of canal Ye
ch preparation that
ances of ledge formation. at reduce the
. 35 “py
w D’ [Cohen's 11° ed 834]
” Inical condition —_ Limited functional increased
and lateral stresses functional and
5 = lateral stresses*
% direct composite or
inlay
2 laevis [ec ag a
21/2 residual tooth | End ; :
<1/2 residual tooth | Post and core Full
,) structure crown
) Strategy for Posterior Teeth regarding post obturation
restoration:
7) e In clinical condition where there is small access
cavity size and tooth subjected to limited functional
>) stresses, a conservative approach can be followed
) by direct composite restorations or composite inlay.
e _Inctinical condition where there is large access cavity
> size and tooth subjected to increased functional
stresses or significantly fragilized premolars and
5 molars require cuspal protection afforded by an
; onlay, overlay, endocrown or a full crown.
9) e The need for a post and core depends on the amount
of remaining tooth structure. When remaining walls
») (buccal and lingual) provide more than 3 to 4 mm
height (from the pulpal chamber floor) and 1.5
> to 2 mm thickness, core and restoration stability
are granted through macromechanical retention
») or adhesion; then, posts are not needed. With
current treatment strategy, the post has become the
») exception rather than the rule for the restoration of
nonvital posterior teeth.
40. ‘B’ [Cohen's 11t ed 38, 42]
a] e All endodontic imaging procedures require high
spatial resolution. Assessment of canal structure,
y canal length, and lesions of endodontic origin
(LEOs) showing apical change, are important tasks
a] requiring minute detail.
e The radiation source in cone-beam volumetric
A) tomography is conical. The receiving sensor capture:
the image as “voxels,” or three dimensional pixels 0
"" information, allowing digital interpretation
9

\__nvovontics_ Wer,

e If CBCT is used, the data acquisition should be
performed at the smallest voxel size: the smaller the
voxelsize, the higher the spatial resolution. Many of the
larger stand-alone cone beam machines, such as the
i-CAT (Imaging Sciences International, Irvine
California), default to a 0.4 mm voxel size. This voxel
size is inadequate for high spatial detail. However,
these units often have a voxel size selection option
that allows smaller voxel sizes to be used during the
image acquisition.

e Units typically use voxel sizes of 0.076 to 0.16
mm for their native image capture. The absolute
maximum voxel size for endodontic imaging
should be 0.2 mm.
e BCT has been used to visualize VRFs in controlled
clinical studies in which clinical diagnosis was
difficult. Vertical root fractures were successfully
detected at a spatial resolution ranging from 76 to
140 microns.
| 11. ‘A’ [Cohen 11 ed 145]
| Krasner and Rankow found that the cementoenamel
: junction (CEJ) was the most important anatomic landmark
for determining the location of pulp chambers and root
n canal orifices. These authors proposed guidelines, or
spatial concepts, that apply to the 3D assessment of the
S pulp chamber anatomy and that can help the clinician
al determine the number and location of orifices on the
d chamber floor.
y-
y Law of Symmetry:
al Except for the maxillary molars, canal orifices are
d equidistant from a line drawn in a mesiodistal direction
n through the center of the pulp chamber floor. Except
for the maxillary molars, canal orifices lie on a line
re perpendicular to a line drawn in a mesiodistal direction
ie across the center of the pulp chamber floor.
im
3) :
ty 1 Fo ‘
on j \ ‘
he : Saas Rae
of ‘
{
| a : hr
igh
ire,
sks
D, Distal; M, mesial.
tric : hamber is
Ires Law of Centrality: The floor of tbespaln level of
s of always located in the center of the tooth at the leve
the CEJ.",""
"Endodontics","13. RECENT PAPERS 2020-21 ENDODONTICS","11","Laws of access opening: Krause & Rankow law of symmetry applied to all except","maxillary molar","mandibular molar","maxillary premolar","Mandibular premolar","A","[Source explanation — printed page(s) 15, 16]
») but ‘pe pee ek ie :
.,,, Penetrable wall’ —
"") ° hitting a solid al as Opposed to the instrument
Radiograph; n cases of ledge formation.
: Graphically, canal bl
. ebecuce cheeVeh 09) deat tsar
Pace in an otherwise patent canal.
% Note: The balanced f
* Of crown down t sore technique is a modification
tran ; echnique. It has sh
Sportation, canal bl own to reduce canal
¥ Step-back and b Ockage and ledging. Passive
benonks alanced force techni
4 eneficial methods of canal Ye
ch preparation that
ances of ledge formation. at reduce the
. 35 “py
w D’ [Cohen's 11° ed 834]
” Inical condition —_ Limited functional increased
and lateral stresses functional and
5 = lateral stresses*
% direct composite or
inlay
2 laevis [ec ag a
21/2 residual tooth | End ; :
<1/2 residual tooth | Post and core Full
,) structure crown
) Strategy for Posterior Teeth regarding post obturation
restoration:
7) e In clinical condition where there is small access
cavity size and tooth subjected to limited functional
>) stresses, a conservative approach can be followed
) by direct composite restorations or composite inlay.
e _Inctinical condition where there is large access cavity
> size and tooth subjected to increased functional
stresses or significantly fragilized premolars and
5 molars require cuspal protection afforded by an
; onlay, overlay, endocrown or a full crown.
9) e The need for a post and core depends on the amount
of remaining tooth structure. When remaining walls
») (buccal and lingual) provide more than 3 to 4 mm
height (from the pulpal chamber floor) and 1.5
> to 2 mm thickness, core and restoration stability
are granted through macromechanical retention
») or adhesion; then, posts are not needed. With
current treatment strategy, the post has become the
») exception rather than the rule for the restoration of
nonvital posterior teeth.
40. ‘B’ [Cohen's 11t ed 38, 42]
a] e All endodontic imaging procedures require high
spatial resolution. Assessment of canal structure,
y canal length, and lesions of endodontic origin
(LEOs) showing apical change, are important tasks
a] requiring minute detail.
e The radiation source in cone-beam volumetric
A) tomography is conical. The receiving sensor capture:
the image as “voxels,” or three dimensional pixels 0
"" information, allowing digital interpretation
9

\__nvovontics_ Wer,

e If CBCT is used, the data acquisition should be
performed at the smallest voxel size: the smaller the
voxelsize, the higher the spatial resolution. Many of the
larger stand-alone cone beam machines, such as the
i-CAT (Imaging Sciences International, Irvine
California), default to a 0.4 mm voxel size. This voxel
size is inadequate for high spatial detail. However,
these units often have a voxel size selection option
that allows smaller voxel sizes to be used during the
image acquisition.

e Units typically use voxel sizes of 0.076 to 0.16
mm for their native image capture. The absolute
maximum voxel size for endodontic imaging
should be 0.2 mm.
e BCT has been used to visualize VRFs in controlled
clinical studies in which clinical diagnosis was
difficult. Vertical root fractures were successfully
detected at a spatial resolution ranging from 76 to
140 microns.
| 11. ‘A’ [Cohen 11 ed 145]
| Krasner and Rankow found that the cementoenamel
: junction (CEJ) was the most important anatomic landmark
for determining the location of pulp chambers and root
n canal orifices. These authors proposed guidelines, or
spatial concepts, that apply to the 3D assessment of the
S pulp chamber anatomy and that can help the clinician
al determine the number and location of orifices on the
d chamber floor.
y-
y Law of Symmetry:
al Except for the maxillary molars, canal orifices are
d equidistant from a line drawn in a mesiodistal direction
n through the center of the pulp chamber floor. Except
for the maxillary molars, canal orifices lie on a line
re perpendicular to a line drawn in a mesiodistal direction
ie across the center of the pulp chamber floor.
im
3) :
ty 1 Fo ‘
on j \ ‘
he : Saas Rae
of ‘
{
| a : hr
igh
ire,
sks
D, Distal; M, mesial.
tric : hamber is
Ires Law of Centrality: The floor of tbespaln level of
s of always located in the center of the tooth at the leve
the CEJ.


Jai dental Pulse \ol-2__
Law of Concentricity: The walls of the pulp chamber are
always concentric to the external surface of the tooth
at the level of the CEJ; that is, the external root surface
anatomy reflects the internal pulp chamber anatomy.

Location of the CEJ: The distance from the external
a surface of the clinical crown to the wall of the pulp
i chamber is the same throughout the circumference of
- the tooth at the level of the CEJ, making the CEJ the
- most consistent repeatable landmark for locating the
position of the pulp chamber.
Color change: The pulp chamber floor is always darker in
color than the walls.
Orifice location: The orifices of the root canals are
always located at the junction of the walls and the floor;
the orifices of the root canals are always located at the
angles in the floor-wall junction; and the orifices of the
root canals are always located at the terminus of the
roots’ developmental fusion lines.
Note:
More than 95% of the teeth these investigators examined
conformed to these spatial relationships. Slightly less
than 5% of mandibular second and third molars did
not conform because of the occurrence of C-shaped
anatomy.
12. ‘B’ [Cohen 11* ed 737]
Passive step-back and balanced force techniques are
two beneficial methods of canal preparation that
"" reduce the chances of ledge formation. Moreover,
' it has been proposed that an advantage of the step-
back technique is that this method tends to minimize
procedural errors such as transportation and ledge
formation.
In the step-back approach, working lengths decrease in
a stepwise manner with increasing instrument size. This
prevents less flexible instruments from creating ledges
in apical curves while producing a taper for ease of
obturation. So both passive step back and step back are
correct. Passive step back is the best choice.
Step back technique:
e In the step-back preparation of the root canal,
the canal is enlarged first in the apical third to 4,
at least a No. 25 or 30 instruments and then each :
————

=a
consecutively larger root canal instrument is used ees
for shaping the middle third and coronal part of the
root canal. Le)
e Disadvantages:
- hourglass shape preparations —
- instrument breakage Le)
- zipping in the apical area
bi
Passive Step-Back Technique: 7 a
This technique was introduced by Torabinejad. Gates- So
Glidden drills are used for additional coronal enlargement
followed by apical instrumentation using the step-back owe
technique. Since GG drills help in removing interferences, - aS
the insertion of progressively larger hand instruments “> =
becomes passive and easy thereby reducing the errors P ;
with step back technique. ow
Ledge: ad
Ledge formation can occur during biomechanical a
preparation of the canal system, especially when
the canals are more curved. There are a number of ow
factors associated with ledge formation such as the i
instrumentation technique, instrument type, root canal awn
curvature, tooth type, working length, master radicular : bs
file size, clinician’s level of expertise, and canal location. ww
Failure to precurve the instruments, the inability to 2
achieve a proper glide path to the apex, and forcing o>
large files into curved canals are perhaps the most
common reasons for ledge formation. The incidence of a
ledge formation was reported to increase significantly —
when the curvature of the canal was greater than 20 en
degrees.
Prevention of Ledge Formation |
¢ A preoperative radiograph is taken to assess and —
anticipate the unusual root canal curvature. oil -
e Patency of the canal should be maintained throughout F
the cleaning and shaping procedure. Recapitulation as =}
with smaller instruments in between each change of |
instrument is the recommended method to prevent Se
ledge formation.
e Work passively without forcing the instruments into —
the canal. ail =
e Never force an instrument apically. If resistance
exists, confirm whether there is blockage due to oon
other causes. al
e Work sequentially by increasing the sizes of ——)
instruments without jumping to large numbers. i
Passive step-back and balanced force techniques are two ail
beneficial methods of canal preparation that reduce the =
chances of ledge formation PO
o~
13. ‘A’ [Cohen's 11% ed 734] cl
The main problem with ledges is that instruments will a
pe",""
"Endodontics","13. RECENT PAPERS 2020-21 ENDODONTICS","12","Which method is best to avoid ledge formation?","Crown down","passive Step back","step down","Step back","B","[Source explanation — printed page(s) 16]
Jai dental Pulse \ol-2__
Law of Concentricity: The walls of the pulp chamber are
always concentric to the external surface of the tooth
at the level of the CEJ; that is, the external root surface
anatomy reflects the internal pulp chamber anatomy.

Location of the CEJ: The distance from the external
a surface of the clinical crown to the wall of the pulp
i chamber is the same throughout the circumference of
- the tooth at the level of the CEJ, making the CEJ the
- most consistent repeatable landmark for locating the
position of the pulp chamber.
Color change: The pulp chamber floor is always darker in
color than the walls.
Orifice location: The orifices of the root canals are
always located at the junction of the walls and the floor;
the orifices of the root canals are always located at the
angles in the floor-wall junction; and the orifices of the
root canals are always located at the terminus of the
roots’ developmental fusion lines.
Note:
More than 95% of the teeth these investigators examined
conformed to these spatial relationships. Slightly less
than 5% of mandibular second and third molars did
not conform because of the occurrence of C-shaped
anatomy.
12. ‘B’ [Cohen 11* ed 737]
Passive step-back and balanced force techniques are
two beneficial methods of canal preparation that
"" reduce the chances of ledge formation. Moreover,
' it has been proposed that an advantage of the step-
back technique is that this method tends to minimize
procedural errors such as transportation and ledge
formation.
In the step-back approach, working lengths decrease in
a stepwise manner with increasing instrument size. This
prevents less flexible instruments from creating ledges
in apical curves while producing a taper for ease of
obturation. So both passive step back and step back are
correct. Passive step back is the best choice.
Step back technique:
e In the step-back preparation of the root canal,
the canal is enlarged first in the apical third to 4,
at least a No. 25 or 30 instruments and then each :
————

=a
consecutively larger root canal instrument is used ees
for shaping the middle third and coronal part of the
root canal. Le)
e Disadvantages:
- hourglass shape preparations —
- instrument breakage Le)
- zipping in the apical area
bi
Passive Step-Back Technique: 7 a
This technique was introduced by Torabinejad. Gates- So
Glidden drills are used for additional coronal enlargement
followed by apical instrumentation using the step-back owe
technique. Since GG drills help in removing interferences, - aS
the insertion of progressively larger hand instruments “> =
becomes passive and easy thereby reducing the errors P ;
with step back technique. ow
Ledge: ad
Ledge formation can occur during biomechanical a
preparation of the canal system, especially when
the canals are more curved. There are a number of ow
factors associated with ledge formation such as the i
instrumentation technique, instrument type, root canal awn
curvature, tooth type, working length, master radicular : bs
file size, clinician’s level of expertise, and canal location. ww
Failure to precurve the instruments, the inability to 2
achieve a proper glide path to the apex, and forcing o>
large files into curved canals are perhaps the most
common reasons for ledge formation. The incidence of a
ledge formation was reported to increase significantly —
when the curvature of the canal was greater than 20 en
degrees.
Prevention of Ledge Formation |
¢ A preoperative radiograph is taken to assess and —
anticipate the unusual root canal curvature. oil -
e Patency of the canal should be maintained throughout F
the cleaning and shaping procedure. Recapitulation as =}
with smaller instruments in between each change of |
instrument is the recommended method to prevent Se
ledge formation.
e Work passively without forcing the instruments into —
the canal. ail =
e Never force an instrument apically. If resistance
exists, confirm whether there is blockage due to oon
other causes. al
e Work sequentially by increasing the sizes of ——)
instruments without jumping to large numbers. i
Passive step-back and balanced force techniques are two ail
beneficial methods of canal preparation that reduce the =
chances of ledge formation PO
o~
13. ‘A’ [Cohen's 11% ed 734] cl
The main problem with ledges is that instruments will a
pe",""
"Endodontics","13. RECENT PAPERS 2020-21 ENDODONTICS","13","For Ledge management, no. 8 and no 10 file is bent at?","1-2 mm 45 degree","1-2 mm at 30 degree","3-4 mm 45 degree","3-4 mm 30 degree bent","A","[Source explanation — printed page(s) 16, 18]
Jai dental Pulse \ol-2__
Law of Concentricity: The walls of the pulp chamber are
always concentric to the external surface of the tooth
at the level of the CEJ; that is, the external root surface
anatomy reflects the internal pulp chamber anatomy.

Location of the CEJ: The distance from the external
a surface of the clinical crown to the wall of the pulp
i chamber is the same throughout the circumference of
- the tooth at the level of the CEJ, making the CEJ the
- most consistent repeatable landmark for locating the
position of the pulp chamber.
Color change: The pulp chamber floor is always darker in
color than the walls.
Orifice location: The orifices of the root canals are
always located at the junction of the walls and the floor;
the orifices of the root canals are always located at the
angles in the floor-wall junction; and the orifices of the
root canals are always located at the terminus of the
roots’ developmental fusion lines.
Note:
More than 95% of the teeth these investigators examined
conformed to these spatial relationships. Slightly less
than 5% of mandibular second and third molars did
not conform because of the occurrence of C-shaped
anatomy.
12. ‘B’ [Cohen 11* ed 737]
Passive step-back and balanced force techniques are
two beneficial methods of canal preparation that
"" reduce the chances of ledge formation. Moreover,
' it has been proposed that an advantage of the step-
back technique is that this method tends to minimize
procedural errors such as transportation and ledge
formation.
In the step-back approach, working lengths decrease in
a stepwise manner with increasing instrument size. This
prevents less flexible instruments from creating ledges
in apical curves while producing a taper for ease of
obturation. So both passive step back and step back are
correct. Passive step back is the best choice.
Step back technique:
e In the step-back preparation of the root canal,
the canal is enlarged first in the apical third to 4,
at least a No. 25 or 30 instruments and then each :
————

=a
consecutively larger root canal instrument is used ees
for shaping the middle third and coronal part of the
root canal. Le)
e Disadvantages:
- hourglass shape preparations —
- instrument breakage Le)
- zipping in the apical area
bi
Passive Step-Back Technique: 7 a
This technique was introduced by Torabinejad. Gates- So
Glidden drills are used for additional coronal enlargement
followed by apical instrumentation using the step-back owe
technique. Since GG drills help in removing interferences, - aS
the insertion of progressively larger hand instruments “> =
becomes passive and easy thereby reducing the errors P ;
with step back technique. ow
Ledge: ad
Ledge formation can occur during biomechanical a
preparation of the canal system, especially when
the canals are more curved. There are a number of ow
factors associated with ledge formation such as the i
instrumentation technique, instrument type, root canal awn
curvature, tooth type, working length, master radicular : bs
file size, clinician’s level of expertise, and canal location. ww
Failure to precurve the instruments, the inability to 2
achieve a proper glide path to the apex, and forcing o>
large files into curved canals are perhaps the most
common reasons for ledge formation. The incidence of a
ledge formation was reported to increase significantly —
when the curvature of the canal was greater than 20 en
degrees.
Prevention of Ledge Formation |
¢ A preoperative radiograph is taken to assess and —
anticipate the unusual root canal curvature. oil -
e Patency of the canal should be maintained throughout F
the cleaning and shaping procedure. Recapitulation as =}
with smaller instruments in between each change of |
instrument is the recommended method to prevent Se
ledge formation.
e Work passively without forcing the instruments into —
the canal. ail =
e Never force an instrument apically. If resistance
exists, confirm whether there is blockage due to oon
other causes. al
e Work sequentially by increasing the sizes of ——)
instruments without jumping to large numbers. i
Passive step-back and balanced force techniques are two ail
beneficial methods of canal preparation that reduce the =
chances of ledge formation PO
o~
13. ‘A’ [Cohen's 11% ed 734] cl
The main problem with ledges is that instruments will a
pe


eo ee ae

By. ean oe

gia ind their way to the Ledge white finding the

of ek nal. They feel like a hard brick wall, short

i ee encountered, and care must be used

worsening the led indiscrimi
burrowing Fs tk. g edge by indiscriminately

Management of a ledge:

®....the tip of a small #08 or #10 file has a small bend
placed in it 1 to 2 mm from the end, so the tip of
the file forms an approximately 45-degree angle
with the shaft of the instrument.

¢ The directional stop is oriented to the bend, and
the file is carefully negotiated to the level of the
ledge. Because ledges form mainly on the outside
of curvatures, the directional stop (and thus the
bent tip of the file) is turned in the direction of the
suspected apical curvature away from the ledge. The
file tip is slowly scraped along the internal wall of
the canal curve slightly coronal to the level of the
ledge in an effort to find another sticky spot.

e This spot will be the entrance to the apical canal
segment, and gentle reciprocal rotation will usually
allow the file to be negotiated to the canal terminus.

e Confirm with a radiograph. Once the ledge has been
bypassed, short amplitude push-pull and rotational
forces keeping the file tip apical to the ledge will be
needed to clean and enlarge the apical canal space.

A, Diagrammatic representation of a ledged canal. Potentially

infected debris remaining in the apical segment can result in

posttreatment disease. B, Attempting to bypass the ledge with

a small file having a 45-degree bend in the tip. Note that the

opening to the apical canal segment is on the inside of the canal

curvature and coronal to the level of the ledge.

Note:

Grossman has mentioned that precurve or overcurve the

apical 3-4 mm of the file with the same curvature as

seen in the radiograph and tease the file until it is able
to bypass the ledge. But no angle is mentioned.

‘Dp’ [Cohen's 11*"" ed 706] d

e te to surveys of board certified endodontists by
Dorn and associates in 1977 and 1990 and ae m
2009, there are seven clinical presentations that are
considered endodontic emergencies:

Irreversible pulpitis with normal periapex

* Irreversible pulpitis with symptomatic apical
periodontitis
° — Necrotic pulp with symptomatic apical periodontitis,
with no swelling
° Necrotic pulp, fluctuant swelling, with drainage
through the canal
° Necrotic pulp, fluctuant swelling, with no drainage
through the canal
¢ Necrotic pulp, diffuse facial swelling, with drainage
through the canal
e Necrotic pulp, diffuse facial swelling, with no
drainage through the canal
Asymptomatic pulp with chronic apical periodontitis is
usually diagnosed in routine radiographs as they don’t
present symptoms.
15. ‘B’ [As question is not recalled properly read the
explanation below]
The radiograph shown is 2D so the correct choice is
Periapical index (PAI).
Periapical | 2D criteria:
‘Indices = |1. _—_ Strindberg criteria
| ~~——*+1 2. Probability index (PRI)
| === 3. Periapical index (PAI)
| «2, Periapical and Endodontic
ee | | Status Scale (PESS)
[Surgical —| 20 criteria:
Findefontics: 1. Rud criteria
[ae Oe |2.  Molven critena
1. ~ RACE index
] Poe 2, PENN index
I Se oie ae hd GACT ERT
PAI: japical scorin
d periapical sconng
The mere popes iy Peel peradontitis. The
: system: for assessment, © te radiographic score
: the index is to integrate : Art
5 Due eee *ctics of the disease and to
; with histologieas ie alg mutes It consists of
: provide standardization across $s .
five categories:
1 - Normal periapical structures. cea eh ered
y 2 - Small changes in bone structures,
n as healthy.
j ith mineral loss.
: 3 - Change in bone structure wit ee
4 - Periodontitis with well-defined radioluc
i ing features.
5 - Severe periodontitis with exacerbating",""
"Endodontics","13. RECENT PAPERS 2020-21 ENDODONTICS","14","Which of the following is not considered as endodontic emergency?","Acute periapical abscess","Symptomatic irreversible pulpitis with no apical periodontitis","Symptomatic irreversible pulpitis with symptomatic apical periodontitis","Asymptomatic pulp with chronic apical periodontitis.","D","[Source explanation — printed page(s) 18]
eo ee ae

By. ean oe

gia ind their way to the Ledge white finding the

of ek nal. They feel like a hard brick wall, short

i ee encountered, and care must be used

worsening the led indiscrimi
burrowing Fs tk. g edge by indiscriminately

Management of a ledge:

®....the tip of a small #08 or #10 file has a small bend
placed in it 1 to 2 mm from the end, so the tip of
the file forms an approximately 45-degree angle
with the shaft of the instrument.

¢ The directional stop is oriented to the bend, and
the file is carefully negotiated to the level of the
ledge. Because ledges form mainly on the outside
of curvatures, the directional stop (and thus the
bent tip of the file) is turned in the direction of the
suspected apical curvature away from the ledge. The
file tip is slowly scraped along the internal wall of
the canal curve slightly coronal to the level of the
ledge in an effort to find another sticky spot.

e This spot will be the entrance to the apical canal
segment, and gentle reciprocal rotation will usually
allow the file to be negotiated to the canal terminus.

e Confirm with a radiograph. Once the ledge has been
bypassed, short amplitude push-pull and rotational
forces keeping the file tip apical to the ledge will be
needed to clean and enlarge the apical canal space.

A, Diagrammatic representation of a ledged canal. Potentially

infected debris remaining in the apical segment can result in

posttreatment disease. B, Attempting to bypass the ledge with

a small file having a 45-degree bend in the tip. Note that the

opening to the apical canal segment is on the inside of the canal

curvature and coronal to the level of the ledge.

Note:

Grossman has mentioned that precurve or overcurve the

apical 3-4 mm of the file with the same curvature as

seen in the radiograph and tease the file until it is able
to bypass the ledge. But no angle is mentioned.

‘Dp’ [Cohen's 11*"" ed 706] d

e te to surveys of board certified endodontists by
Dorn and associates in 1977 and 1990 and ae m
2009, there are seven clinical presentations that are
considered endodontic emergencies:

Irreversible pulpitis with normal periapex

* Irreversible pulpitis with symptomatic apical
periodontitis
° — Necrotic pulp with symptomatic apical periodontitis,
with no swelling
° Necrotic pulp, fluctuant swelling, with drainage
through the canal
° Necrotic pulp, fluctuant swelling, with no drainage
through the canal
¢ Necrotic pulp, diffuse facial swelling, with drainage
through the canal
e Necrotic pulp, diffuse facial swelling, with no
drainage through the canal
Asymptomatic pulp with chronic apical periodontitis is
usually diagnosed in routine radiographs as they don’t
present symptoms.
15. ‘B’ [As question is not recalled properly read the
explanation below]
The radiograph shown is 2D so the correct choice is
Periapical index (PAI).
Periapical | 2D criteria:
‘Indices = |1. _—_ Strindberg criteria
| ~~——*+1 2. Probability index (PRI)
| === 3. Periapical index (PAI)
| «2, Periapical and Endodontic
ee | | Status Scale (PESS)
[Surgical —| 20 criteria:
Findefontics: 1. Rud criteria
[ae Oe |2.  Molven critena
1. ~ RACE index
] Poe 2, PENN index
I Se oie ae hd GACT ERT
PAI: japical scorin
d periapical sconng
The mere popes iy Peel peradontitis. The
: system: for assessment, © te radiographic score
: the index is to integrate : Art
5 Due eee *ctics of the disease and to
; with histologieas ie alg mutes It consists of
: provide standardization across $s .
five categories:
1 - Normal periapical structures. cea eh ered
y 2 - Small changes in bone structures,
n as healthy.
j ith mineral loss.
: 3 - Change in bone structure wit ee
4 - Periodontitis with well-defined radioluc
i ing features.
5 - Severe periodontitis with exacerbating",""
"Endodontics","13. RECENT PAPERS 2020-21 ENDODONTICS","15","In the given image, which scale is used for diagnosis","CBCT-ERI","PAI score","PESS index","RACB index","B","<table border=""1"" cellpadding=""6"" cellspacing=""0"" style=""border-collapse:collapse;width:100%;font-size:13px""><tr style=""background:#e75480;color:#fff;font-weight:bold""><td></td><td>2D criteria / 3D criteria</td></tr><tr><td>Periapical Indices</td><td>2D criteria: 1. Strindberg criteria 2. Probability index (PRI) 3. Periapical index (PAI)<br><br>3D criteria: 1. CBCT-PAI 2. Periapical and Endodontic Status Scale (PESS) - COPI - ETTI</td></tr><tr><td>Surgical Endodontics</td><td>2D criteria: 1. Rud criteria 2. Molven criteria<br><br>3D criteria: 1. RACB index 2. PENN index 3. CBCT-ERI</td></tr></table>","Requires image/diagram: source question or explanation contains a figure/image (printed page 765)."
"Endodontics","13. RECENT PAPERS 2020-21 ENDODONTICS","16","What is the most stable landmark to check for access opening","Cusp tip","Cementoenamel junction","Gingival margin","Normal dimensions of tooth","B","[Source explanation — printed page(s) 17]
aGT venta Fubsc\i2_ am

Score 1 and 2 - healthy, Score 3-5 — diseased.

Disadvantages:

¢ The main drawbacks of this index are that the original
study was performed only on upper front teeth,
and it might not be correct to apply it to the lower
jaw or molar multi-rooted teeth. It is also known
that even apical periodontitis is not present on the

i radiograph, and it might be recorded clinically.

as e 2D images properties, acquiring technique,
3 morphologic variations of the roots, and bone
density around the roots might influence periapical
radiograph analysis.
CBCT-PAI
After development of CBCT technology, there was a need
| of development of a new periapical tissue evaluation
index. CBCTPAI was the first periapical index developed
by Estrela et al. (2008), which was based on CBCT
technology.
Periapical bone destruction in CBCT is measured in three
planes (3D) using dedicated software. CBCT-PAI score
is determined by the largest extension of the lesion.
CBCT-PAI consists of five categories plus two additional
variables.
%
1
| CBCT-PAI
Quantitative bone alterations in mineral
Score
structures
e age Intact periapical bone structures
Diameter of periapical radiolucency 0.5-1 mm
eas Diameter of periapical radiolucency 1-2 mm
ieeBincd| Diameter of periapical radiolucency 2-4 mm
Diameter of periapical radiolucency 4-8 mm ;
sesBisted Diameter of periapical radiolucency >8 mm
Fak sa Expansion of periapical cortical bone
ape Destruction of periapical cortical bone -

16. ‘B’ [Cohen’s 11"" ed 145]
Complete reliance on the occlusal/lingual anatomy is
dangerous because this morphology can change as the
crown is destroyed by caries and reconstructed with
various restorative materials. Cementoenamel junction
(CEJ) is the most important anatomic landmark for
determining the location of pulp chambers and root 21
canal orifices.

ca? See = >
La
The three laws related to CEJ: —
° Centrality: The floor of the pulp chamber is always ;
located in the center of the tooth at the level of ,
l the CEJ.
, ¢ Concentricity: The walls of the pulp chamber are bell
r always concentric to the external surface of the
tooth at the level of the CEJ; that is, the external be
; root surface anatomy reflects the internal pulp wr
chamber anatomy.
¢ Location of the CEJ: The distance from the external —
! surface of the clinical crown to the wall of the pulp i
chamber is the same throughout the circumference -
of the tooth at the level of the CEJ, making the 2
CEJ the most consistent repeatable landmark for we
locating the position of the pulp chamber. =
wo
17. ‘A’ [Cohen’s 11* ed 719] -_
¢ Symptomatic irreversible pulpitis without apical
periodontitis is an emergency condition. —
e The risk/benefit ratio should always be evaluated
prior to prescribing antibiotics. Appropriately v=
selected patients will benefit from systemically -
administered antibiotics. 7""
e A restrictive and conservative use of antibiotics —
is highly recommended in endodontic practice. i
Indiscriminate use (including cases of a reversible —
or irreversible pulpitis) is contrary to sound clinical a
practice, as it may cause a selective overgrowth —
of intrinsically resistant bacteria, predisposing oil
patients to secondary and super-infections, bei
rendering drugs ineffective against potentially fatal -
medical infectious diseases. be.
18. ‘A’ [Cohen 11% ed 238] be
The CDJ cannot be located precisely on radiographs. on
For this reason, some have advocated terminating the
preparation in necrotic cases at 0.5 to 1 mm short of the =
radiographic apex and 1 to 2 mm short in cases involving I
irreversible pulpitis. Roots with excess root fillings and we
those with fillings more than 2 mm short of the apex |
had significantly lower success rates of 76% and 68%, we
respectively. a
—
19. ‘B’ [Grossman 13** ed 194] a
Calcium-enriched mixture (CEM) cement was introduced bi
to dentistry as an endodontic material for vital pulp ~|
therapy, root end filling and apexification. It is calcium be,
silicate based cement. It is used as an alternative to fe
MTA. It has ability to produce hydroxyapatite with |
endogenous and exogenous jon sources. It has the ability &
to promote hydroxyapatite formation in saline solution {
and might promote the process of differentiation in stem v
cells and induce hard tissue formation J
20. ‘C’ [Grossman's 13t* ed 240] 7
©
4
9",""
"Endodontics","13. RECENT PAPERS 2020-21 ENDODONTICS","17","I) Symptomatic irreversible pulpitis is an endodontic emergency and need immediate treatment. II) Antibiotic is not mandatory in emergency management of symptomatic irreversible pulpitis","Both I and II are true","I is true and II is false","Both are false","II is true and I is false","A","[Source explanation — printed page(s) 17]
aGT venta Fubsc\i2_ am

Score 1 and 2 - healthy, Score 3-5 — diseased.

Disadvantages:

¢ The main drawbacks of this index are that the original
study was performed only on upper front teeth,
and it might not be correct to apply it to the lower
jaw or molar multi-rooted teeth. It is also known
that even apical periodontitis is not present on the

i radiograph, and it might be recorded clinically.

as e 2D images properties, acquiring technique,
3 morphologic variations of the roots, and bone
density around the roots might influence periapical
radiograph analysis.
CBCT-PAI
After development of CBCT technology, there was a need
| of development of a new periapical tissue evaluation
index. CBCTPAI was the first periapical index developed
by Estrela et al. (2008), which was based on CBCT
technology.
Periapical bone destruction in CBCT is measured in three
planes (3D) using dedicated software. CBCT-PAI score
is determined by the largest extension of the lesion.
CBCT-PAI consists of five categories plus two additional
variables.
%
1
| CBCT-PAI
Quantitative bone alterations in mineral
Score
structures
e age Intact periapical bone structures
Diameter of periapical radiolucency 0.5-1 mm
eas Diameter of periapical radiolucency 1-2 mm
ieeBincd| Diameter of periapical radiolucency 2-4 mm
Diameter of periapical radiolucency 4-8 mm ;
sesBisted Diameter of periapical radiolucency >8 mm
Fak sa Expansion of periapical cortical bone
ape Destruction of periapical cortical bone -

16. ‘B’ [Cohen’s 11"" ed 145]
Complete reliance on the occlusal/lingual anatomy is
dangerous because this morphology can change as the
crown is destroyed by caries and reconstructed with
various restorative materials. Cementoenamel junction
(CEJ) is the most important anatomic landmark for
determining the location of pulp chambers and root 21
canal orifices.

ca? See = >
La
The three laws related to CEJ: —
° Centrality: The floor of the pulp chamber is always ;
located in the center of the tooth at the level of ,
l the CEJ.
, ¢ Concentricity: The walls of the pulp chamber are bell
r always concentric to the external surface of the
tooth at the level of the CEJ; that is, the external be
; root surface anatomy reflects the internal pulp wr
chamber anatomy.
¢ Location of the CEJ: The distance from the external —
! surface of the clinical crown to the wall of the pulp i
chamber is the same throughout the circumference -
of the tooth at the level of the CEJ, making the 2
CEJ the most consistent repeatable landmark for we
locating the position of the pulp chamber. =
wo
17. ‘A’ [Cohen’s 11* ed 719] -_
¢ Symptomatic irreversible pulpitis without apical
periodontitis is an emergency condition. —
e The risk/benefit ratio should always be evaluated
prior to prescribing antibiotics. Appropriately v=
selected patients will benefit from systemically -
administered antibiotics. 7""
e A restrictive and conservative use of antibiotics —
is highly recommended in endodontic practice. i
Indiscriminate use (including cases of a reversible —
or irreversible pulpitis) is contrary to sound clinical a
practice, as it may cause a selective overgrowth —
of intrinsically resistant bacteria, predisposing oil
patients to secondary and super-infections, bei
rendering drugs ineffective against potentially fatal -
medical infectious diseases. be.
18. ‘A’ [Cohen 11% ed 238] be
The CDJ cannot be located precisely on radiographs. on
For this reason, some have advocated terminating the
preparation in necrotic cases at 0.5 to 1 mm short of the =
radiographic apex and 1 to 2 mm short in cases involving I
irreversible pulpitis. Roots with excess root fillings and we
those with fillings more than 2 mm short of the apex |
had significantly lower success rates of 76% and 68%, we
respectively. a
—
19. ‘B’ [Grossman 13** ed 194] a
Calcium-enriched mixture (CEM) cement was introduced bi
to dentistry as an endodontic material for vital pulp ~|
therapy, root end filling and apexification. It is calcium be,
silicate based cement. It is used as an alternative to fe
MTA. It has ability to produce hydroxyapatite with |
endogenous and exogenous jon sources. It has the ability &
to promote hydroxyapatite formation in saline solution {
and might promote the process of differentiation in stem v
cells and induce hard tissue formation J
20. ‘C’ [Grossman's 13t* ed 240] 7
©
4
9",""
"Endodontics","13. RECENT PAPERS 2020-21 ENDODONTICS","18","Tooth with irreversible pulpitis, obturation should be done ___ mm short of apex","0 - 2 mm","2 - 3 mm","3 - 4 mm","1 to 2 mm","A","[Source explanation — printed page(s) 17]
aGT venta Fubsc\i2_ am

Score 1 and 2 - healthy, Score 3-5 — diseased.

Disadvantages:

¢ The main drawbacks of this index are that the original
study was performed only on upper front teeth,
and it might not be correct to apply it to the lower
jaw or molar multi-rooted teeth. It is also known
that even apical periodontitis is not present on the

i radiograph, and it might be recorded clinically.

as e 2D images properties, acquiring technique,
3 morphologic variations of the roots, and bone
density around the roots might influence periapical
radiograph analysis.
CBCT-PAI
After development of CBCT technology, there was a need
| of development of a new periapical tissue evaluation
index. CBCTPAI was the first periapical index developed
by Estrela et al. (2008), which was based on CBCT
technology.
Periapical bone destruction in CBCT is measured in three
planes (3D) using dedicated software. CBCT-PAI score
is determined by the largest extension of the lesion.
CBCT-PAI consists of five categories plus two additional
variables.
%
1
| CBCT-PAI
Quantitative bone alterations in mineral
Score
structures
e age Intact periapical bone structures
Diameter of periapical radiolucency 0.5-1 mm
eas Diameter of periapical radiolucency 1-2 mm
ieeBincd| Diameter of periapical radiolucency 2-4 mm
Diameter of periapical radiolucency 4-8 mm ;
sesBisted Diameter of periapical radiolucency >8 mm
Fak sa Expansion of periapical cortical bone
ape Destruction of periapical cortical bone -

16. ‘B’ [Cohen’s 11"" ed 145]
Complete reliance on the occlusal/lingual anatomy is
dangerous because this morphology can change as the
crown is destroyed by caries and reconstructed with
various restorative materials. Cementoenamel junction
(CEJ) is the most important anatomic landmark for
determining the location of pulp chambers and root 21
canal orifices.

ca? See = >
La
The three laws related to CEJ: —
° Centrality: The floor of the pulp chamber is always ;
located in the center of the tooth at the level of ,
l the CEJ.
, ¢ Concentricity: The walls of the pulp chamber are bell
r always concentric to the external surface of the
tooth at the level of the CEJ; that is, the external be
; root surface anatomy reflects the internal pulp wr
chamber anatomy.
¢ Location of the CEJ: The distance from the external —
! surface of the clinical crown to the wall of the pulp i
chamber is the same throughout the circumference -
of the tooth at the level of the CEJ, making the 2
CEJ the most consistent repeatable landmark for we
locating the position of the pulp chamber. =
wo
17. ‘A’ [Cohen’s 11* ed 719] -_
¢ Symptomatic irreversible pulpitis without apical
periodontitis is an emergency condition. —
e The risk/benefit ratio should always be evaluated
prior to prescribing antibiotics. Appropriately v=
selected patients will benefit from systemically -
administered antibiotics. 7""
e A restrictive and conservative use of antibiotics —
is highly recommended in endodontic practice. i
Indiscriminate use (including cases of a reversible —
or irreversible pulpitis) is contrary to sound clinical a
practice, as it may cause a selective overgrowth —
of intrinsically resistant bacteria, predisposing oil
patients to secondary and super-infections, bei
rendering drugs ineffective against potentially fatal -
medical infectious diseases. be.
18. ‘A’ [Cohen 11% ed 238] be
The CDJ cannot be located precisely on radiographs. on
For this reason, some have advocated terminating the
preparation in necrotic cases at 0.5 to 1 mm short of the =
radiographic apex and 1 to 2 mm short in cases involving I
irreversible pulpitis. Roots with excess root fillings and we
those with fillings more than 2 mm short of the apex |
had significantly lower success rates of 76% and 68%, we
respectively. a
—
19. ‘B’ [Grossman 13** ed 194] a
Calcium-enriched mixture (CEM) cement was introduced bi
to dentistry as an endodontic material for vital pulp ~|
therapy, root end filling and apexification. It is calcium be,
silicate based cement. It is used as an alternative to fe
MTA. It has ability to produce hydroxyapatite with |
endogenous and exogenous jon sources. It has the ability &
to promote hydroxyapatite formation in saline solution {
and might promote the process of differentiation in stem v
cells and induce hard tissue formation J
20. ‘C’ [Grossman's 13t* ed 240] 7
©
4
9",""
"Endodontics","13. RECENT PAPERS 2020-21 ENDODONTICS","19","Calcium Enriched mixture is used in","Rickets due to vitamin D deficiency","Forms Hydroxyapatite","Permanent tooth restoration","Paste after gingival surgery","B","[Source explanation — printed page(s) 17]
aGT venta Fubsc\i2_ am

Score 1 and 2 - healthy, Score 3-5 — diseased.

Disadvantages:

¢ The main drawbacks of this index are that the original
study was performed only on upper front teeth,
and it might not be correct to apply it to the lower
jaw or molar multi-rooted teeth. It is also known
that even apical periodontitis is not present on the

i radiograph, and it might be recorded clinically.

as e 2D images properties, acquiring technique,
3 morphologic variations of the roots, and bone
density around the roots might influence periapical
radiograph analysis.
CBCT-PAI
After development of CBCT technology, there was a need
| of development of a new periapical tissue evaluation
index. CBCTPAI was the first periapical index developed
by Estrela et al. (2008), which was based on CBCT
technology.
Periapical bone destruction in CBCT is measured in three
planes (3D) using dedicated software. CBCT-PAI score
is determined by the largest extension of the lesion.
CBCT-PAI consists of five categories plus two additional
variables.
%
1
| CBCT-PAI
Quantitative bone alterations in mineral
Score
structures
e age Intact periapical bone structures
Diameter of periapical radiolucency 0.5-1 mm
eas Diameter of periapical radiolucency 1-2 mm
ieeBincd| Diameter of periapical radiolucency 2-4 mm
Diameter of periapical radiolucency 4-8 mm ;
sesBisted Diameter of periapical radiolucency >8 mm
Fak sa Expansion of periapical cortical bone
ape Destruction of periapical cortical bone -

16. ‘B’ [Cohen’s 11"" ed 145]
Complete reliance on the occlusal/lingual anatomy is
dangerous because this morphology can change as the
crown is destroyed by caries and reconstructed with
various restorative materials. Cementoenamel junction
(CEJ) is the most important anatomic landmark for
determining the location of pulp chambers and root 21
canal orifices.

ca? See = >
La
The three laws related to CEJ: —
° Centrality: The floor of the pulp chamber is always ;
located in the center of the tooth at the level of ,
l the CEJ.
, ¢ Concentricity: The walls of the pulp chamber are bell
r always concentric to the external surface of the
tooth at the level of the CEJ; that is, the external be
; root surface anatomy reflects the internal pulp wr
chamber anatomy.
¢ Location of the CEJ: The distance from the external —
! surface of the clinical crown to the wall of the pulp i
chamber is the same throughout the circumference -
of the tooth at the level of the CEJ, making the 2
CEJ the most consistent repeatable landmark for we
locating the position of the pulp chamber. =
wo
17. ‘A’ [Cohen’s 11* ed 719] -_
¢ Symptomatic irreversible pulpitis without apical
periodontitis is an emergency condition. —
e The risk/benefit ratio should always be evaluated
prior to prescribing antibiotics. Appropriately v=
selected patients will benefit from systemically -
administered antibiotics. 7""
e A restrictive and conservative use of antibiotics —
is highly recommended in endodontic practice. i
Indiscriminate use (including cases of a reversible —
or irreversible pulpitis) is contrary to sound clinical a
practice, as it may cause a selective overgrowth —
of intrinsically resistant bacteria, predisposing oil
patients to secondary and super-infections, bei
rendering drugs ineffective against potentially fatal -
medical infectious diseases. be.
18. ‘A’ [Cohen 11% ed 238] be
The CDJ cannot be located precisely on radiographs. on
For this reason, some have advocated terminating the
preparation in necrotic cases at 0.5 to 1 mm short of the =
radiographic apex and 1 to 2 mm short in cases involving I
irreversible pulpitis. Roots with excess root fillings and we
those with fillings more than 2 mm short of the apex |
had significantly lower success rates of 76% and 68%, we
respectively. a
—
19. ‘B’ [Grossman 13** ed 194] a
Calcium-enriched mixture (CEM) cement was introduced bi
to dentistry as an endodontic material for vital pulp ~|
therapy, root end filling and apexification. It is calcium be,
silicate based cement. It is used as an alternative to fe
MTA. It has ability to produce hydroxyapatite with |
endogenous and exogenous jon sources. It has the ability &
to promote hydroxyapatite formation in saline solution {
and might promote the process of differentiation in stem v
cells and induce hard tissue formation J
20. ‘C’ [Grossman's 13t* ed 240] 7
©
4
9",""
"Endodontics","13. RECENT PAPERS 2020-21 ENDODONTICS","20","Identify the Wein’s classification given in the figure below?","Type I","Type II","Type III","Type IV","C","[Source explanation — printed page(s) 17]
aGT venta Fubsc\i2_ am

Score 1 and 2 - healthy, Score 3-5 — diseased.

Disadvantages:

¢ The main drawbacks of this index are that the original
study was performed only on upper front teeth,
and it might not be correct to apply it to the lower
jaw or molar multi-rooted teeth. It is also known
that even apical periodontitis is not present on the

i radiograph, and it might be recorded clinically.

as e 2D images properties, acquiring technique,
3 morphologic variations of the roots, and bone
density around the roots might influence periapical
radiograph analysis.
CBCT-PAI
After development of CBCT technology, there was a need
| of development of a new periapical tissue evaluation
index. CBCTPAI was the first periapical index developed
by Estrela et al. (2008), which was based on CBCT
technology.
Periapical bone destruction in CBCT is measured in three
planes (3D) using dedicated software. CBCT-PAI score
is determined by the largest extension of the lesion.
CBCT-PAI consists of five categories plus two additional
variables.
%
1
| CBCT-PAI
Quantitative bone alterations in mineral
Score
structures
e age Intact periapical bone structures
Diameter of periapical radiolucency 0.5-1 mm
eas Diameter of periapical radiolucency 1-2 mm
ieeBincd| Diameter of periapical radiolucency 2-4 mm
Diameter of periapical radiolucency 4-8 mm ;
sesBisted Diameter of periapical radiolucency >8 mm
Fak sa Expansion of periapical cortical bone
ape Destruction of periapical cortical bone -

16. ‘B’ [Cohen’s 11"" ed 145]
Complete reliance on the occlusal/lingual anatomy is
dangerous because this morphology can change as the
crown is destroyed by caries and reconstructed with
various restorative materials. Cementoenamel junction
(CEJ) is the most important anatomic landmark for
determining the location of pulp chambers and root 21
canal orifices.

ca? See = >
La
The three laws related to CEJ: —
° Centrality: The floor of the pulp chamber is always ;
located in the center of the tooth at the level of ,
l the CEJ.
, ¢ Concentricity: The walls of the pulp chamber are bell
r always concentric to the external surface of the
tooth at the level of the CEJ; that is, the external be
; root surface anatomy reflects the internal pulp wr
chamber anatomy.
¢ Location of the CEJ: The distance from the external —
! surface of the clinical crown to the wall of the pulp i
chamber is the same throughout the circumference -
of the tooth at the level of the CEJ, making the 2
CEJ the most consistent repeatable landmark for we
locating the position of the pulp chamber. =
wo
17. ‘A’ [Cohen’s 11* ed 719] -_
¢ Symptomatic irreversible pulpitis without apical
periodontitis is an emergency condition. —
e The risk/benefit ratio should always be evaluated
prior to prescribing antibiotics. Appropriately v=
selected patients will benefit from systemically -
administered antibiotics. 7""
e A restrictive and conservative use of antibiotics —
is highly recommended in endodontic practice. i
Indiscriminate use (including cases of a reversible —
or irreversible pulpitis) is contrary to sound clinical a
practice, as it may cause a selective overgrowth —
of intrinsically resistant bacteria, predisposing oil
patients to secondary and super-infections, bei
rendering drugs ineffective against potentially fatal -
medical infectious diseases. be.
18. ‘A’ [Cohen 11% ed 238] be
The CDJ cannot be located precisely on radiographs. on
For this reason, some have advocated terminating the
preparation in necrotic cases at 0.5 to 1 mm short of the =
radiographic apex and 1 to 2 mm short in cases involving I
irreversible pulpitis. Roots with excess root fillings and we
those with fillings more than 2 mm short of the apex |
had significantly lower success rates of 76% and 68%, we
respectively. a
—
19. ‘B’ [Grossman 13** ed 194] a
Calcium-enriched mixture (CEM) cement was introduced bi
to dentistry as an endodontic material for vital pulp ~|
therapy, root end filling and apexification. It is calcium be,
silicate based cement. It is used as an alternative to fe
MTA. It has ability to produce hydroxyapatite with |
endogenous and exogenous jon sources. It has the ability &
to promote hydroxyapatite formation in saline solution {
and might promote the process of differentiation in stem v
cells and induce hard tissue formation J
20. ‘C’ [Grossman's 13t* ed 240] 7
©
4
9","Requires image/diagram: source question or explanation contains a figure/image (printed page 766)."
"Endodontics","13. RECENT PAPERS 2020-21 ENDODONTICS","21","Identify the type of Vertucci’s classification given in fig?","Type II","Type III","Type V","Type VI","B","[Source explanation — printed page(s) 20]
JI a
:
7 an D Weine’s Classification-
ri eee Si
: th mae ‘ Single canal from pulp chamber to apex.
Tha D ca... Two canals leaving from the chamber and
Puy > ae g . to form a single canal short of the apex.
Pe III: Two separate and distinct
“ é i chamber till apex. canals from
Du l tie IV: One canal leaving the chamber and dividing
h D > into two separate and distinct canals.
D | ZZ | | We
pats * Wee ele
>
pel Type II Type III Type IV
4 > (1-1) (2-1) (2-2) (1-2)
y mas
> 21.438 [Check Explanation Below]
: Type I Type II Type III Type IV
"" »D (1-1) (2-1) (1-2-1) (2-2)
: = an 6%» DX,
d io ) y La? Se
> Type V Type VI Type VII Type VIII
(1-2) (2-1-2) (1-2-1-2) (3-3
( i 2, i vy aie
cia . NS |
tsk A single canal extends from the pulp chamber
> ype to the apex (1-1). oe
U Two separate canals leave the pulp chamber and
> Type join short of the apex to form one canal (2-1).
One canal leaves the pulp chamber and divides
b Type Ill into two in the root; the two then merge to exit
) as one canal (1-2-1),
Two separate, distinct canals extend from the
) pulp chamber to the apex (2).
One canal leaves the pulp chamber and divides
D short of the apex into two separate, distinct
canals with separate apical foramina (1-2).
) Two separate canals leave the pulp chamber,
merge in the body of the root, and separate short
) of the apex to exit as two distinct canals (2-1-2).
eee OOOO

One canal leaves the pulp chamber, divides and ees
Type vit_ | tien rejoins in the body of the root, and finally fence
id Separates into two distinct canals short of the Sse
apex (1-2-1-2), oe
™ | type virr | ""hee separate, distinct canals extend from the =
pulp chamber to the apex (3-3). or
; 22. ‘WN [Check Explanation Below] =
A most frequent radiographic feature of VRF is the “halo” ce
(""J shaped”) appearance. This is a combined periapical ese
and lateral radiolucency along the side of the root ora
lateral radiolucency on one or both sides of the root. It Ge
may also present as an angular radiolucency from the se
crestal bone terminating on the side of the root. aoe
""TT aa
A a EEbgnomoni: combination” for VRF. A deep probing defect on the =
mesiobuccal aspect of the tooth and gutta-percha tracing cone through
a highly located sinus tract (a) is directing to a “halo” radiolucency =
surrounding endodontically treated and restored mandibular premolar (6)
23. ‘B’ [Ingles 7"" ed 581]
Factors affecting the performance of root canal
instruments:
Chip space: This is the space between the area of the .
canal lumen and the area of the cross-section of the
particular instrument used. The chip space is directly
related to the cutting efficiency of any root canal
instrument and its cleaning effectiveness.
Simply stated, the greater the chip space the more
efficient is the instrument in transporting dentin and
debris out of the canal. The greater the chip space, the ;
smaller the cross-section of any instrument and the
Fl smaller the cross-section the greater the flexibility of
the instrument.
Core diameter: A greater core diameter is associated
: with an increased resistance to fracture but at the same
time with a decreased flexibility. The core diameter
depends on the cross-sectional shape of the instrument.
For hand instruments, the core diameter decreases
‘ from square, to triangular and further to S-shaped
cross-sections. Usually, reamers, K-files and S-files are
symmetrical in cross-section, while Hedstrom files are
characterized by an asymmetrical cross-section.
Taper (conicity): The taper may be oe thc
continuous, or progressive. The more tapered the","Requires image/diagram: source question or explanation contains a figure/image (printed page 767)."
"Endodontics","13. RECENT PAPERS 2020-21 ENDODONTICS","22","What is visible in the radiograph below?","Vertical root fracture","Vertucci 5","Apical lateral canal","Periapical periosteitis","A","[Source explanation — printed page(s) 20]
JI a
:
7 an D Weine’s Classification-
ri eee Si
: th mae ‘ Single canal from pulp chamber to apex.
Tha D ca... Two canals leaving from the chamber and
Puy > ae g . to form a single canal short of the apex.
Pe III: Two separate and distinct
“ é i chamber till apex. canals from
Du l tie IV: One canal leaving the chamber and dividing
h D > into two separate and distinct canals.
D | ZZ | | We
pats * Wee ele
>
pel Type II Type III Type IV
4 > (1-1) (2-1) (2-2) (1-2)
y mas
> 21.438 [Check Explanation Below]
: Type I Type II Type III Type IV
"" »D (1-1) (2-1) (1-2-1) (2-2)
: = an 6%» DX,
d io ) y La? Se
> Type V Type VI Type VII Type VIII
(1-2) (2-1-2) (1-2-1-2) (3-3
( i 2, i vy aie
cia . NS |
tsk A single canal extends from the pulp chamber
> ype to the apex (1-1). oe
U Two separate canals leave the pulp chamber and
> Type join short of the apex to form one canal (2-1).
One canal leaves the pulp chamber and divides
b Type Ill into two in the root; the two then merge to exit
) as one canal (1-2-1),
Two separate, distinct canals extend from the
) pulp chamber to the apex (2).
One canal leaves the pulp chamber and divides
D short of the apex into two separate, distinct
canals with separate apical foramina (1-2).
) Two separate canals leave the pulp chamber,
merge in the body of the root, and separate short
) of the apex to exit as two distinct canals (2-1-2).
eee OOOO

One canal leaves the pulp chamber, divides and ees
Type vit_ | tien rejoins in the body of the root, and finally fence
id Separates into two distinct canals short of the Sse
apex (1-2-1-2), oe
™ | type virr | ""hee separate, distinct canals extend from the =
pulp chamber to the apex (3-3). or
; 22. ‘WN [Check Explanation Below] =
A most frequent radiographic feature of VRF is the “halo” ce
(""J shaped”) appearance. This is a combined periapical ese
and lateral radiolucency along the side of the root ora
lateral radiolucency on one or both sides of the root. It Ge
may also present as an angular radiolucency from the se
crestal bone terminating on the side of the root. aoe
""TT aa
A a EEbgnomoni: combination” for VRF. A deep probing defect on the =
mesiobuccal aspect of the tooth and gutta-percha tracing cone through
a highly located sinus tract (a) is directing to a “halo” radiolucency =
surrounding endodontically treated and restored mandibular premolar (6)
23. ‘B’ [Ingles 7"" ed 581]
Factors affecting the performance of root canal
instruments:
Chip space: This is the space between the area of the .
canal lumen and the area of the cross-section of the
particular instrument used. The chip space is directly
related to the cutting efficiency of any root canal
instrument and its cleaning effectiveness.
Simply stated, the greater the chip space the more
efficient is the instrument in transporting dentin and
debris out of the canal. The greater the chip space, the ;
smaller the cross-section of any instrument and the
Fl smaller the cross-section the greater the flexibility of
the instrument.
Core diameter: A greater core diameter is associated
: with an increased resistance to fracture but at the same
time with a decreased flexibility. The core diameter
depends on the cross-sectional shape of the instrument.
For hand instruments, the core diameter decreases
‘ from square, to triangular and further to S-shaped
cross-sections. Usually, reamers, K-files and S-files are
symmetrical in cross-section, while Hedstrom files are
characterized by an asymmetrical cross-section.
Taper (conicity): The taper may be oe thc
continuous, or progressive. The more tapered the","Requires image/diagram: source question or explanation contains a figure/image (printed page 767)."
"Endodontics","13. RECENT PAPERS 2020-21 ENDODONTICS","23","Chip space in endodontics is space between canal and file, it is related to?","Torsional failure","Cutting efficiency","Fatigue failure","Flexibility","B","[Source explanation — printed page(s) 20]
JI a
:
7 an D Weine’s Classification-
ri eee Si
: th mae ‘ Single canal from pulp chamber to apex.
Tha D ca... Two canals leaving from the chamber and
Puy > ae g . to form a single canal short of the apex.
Pe III: Two separate and distinct
“ é i chamber till apex. canals from
Du l tie IV: One canal leaving the chamber and dividing
h D > into two separate and distinct canals.
D | ZZ | | We
pats * Wee ele
>
pel Type II Type III Type IV
4 > (1-1) (2-1) (2-2) (1-2)
y mas
> 21.438 [Check Explanation Below]
: Type I Type II Type III Type IV
"" »D (1-1) (2-1) (1-2-1) (2-2)
: = an 6%» DX,
d io ) y La? Se
> Type V Type VI Type VII Type VIII
(1-2) (2-1-2) (1-2-1-2) (3-3
( i 2, i vy aie
cia . NS |
tsk A single canal extends from the pulp chamber
> ype to the apex (1-1). oe
U Two separate canals leave the pulp chamber and
> Type join short of the apex to form one canal (2-1).
One canal leaves the pulp chamber and divides
b Type Ill into two in the root; the two then merge to exit
) as one canal (1-2-1),
Two separate, distinct canals extend from the
) pulp chamber to the apex (2).
One canal leaves the pulp chamber and divides
D short of the apex into two separate, distinct
canals with separate apical foramina (1-2).
) Two separate canals leave the pulp chamber,
merge in the body of the root, and separate short
) of the apex to exit as two distinct canals (2-1-2).
eee OOOO

One canal leaves the pulp chamber, divides and ees
Type vit_ | tien rejoins in the body of the root, and finally fence
id Separates into two distinct canals short of the Sse
apex (1-2-1-2), oe
™ | type virr | ""hee separate, distinct canals extend from the =
pulp chamber to the apex (3-3). or
; 22. ‘WN [Check Explanation Below] =
A most frequent radiographic feature of VRF is the “halo” ce
(""J shaped”) appearance. This is a combined periapical ese
and lateral radiolucency along the side of the root ora
lateral radiolucency on one or both sides of the root. It Ge
may also present as an angular radiolucency from the se
crestal bone terminating on the side of the root. aoe
""TT aa
A a EEbgnomoni: combination” for VRF. A deep probing defect on the =
mesiobuccal aspect of the tooth and gutta-percha tracing cone through
a highly located sinus tract (a) is directing to a “halo” radiolucency =
surrounding endodontically treated and restored mandibular premolar (6)
23. ‘B’ [Ingles 7"" ed 581]
Factors affecting the performance of root canal
instruments:
Chip space: This is the space between the area of the .
canal lumen and the area of the cross-section of the
particular instrument used. The chip space is directly
related to the cutting efficiency of any root canal
instrument and its cleaning effectiveness.
Simply stated, the greater the chip space the more
efficient is the instrument in transporting dentin and
debris out of the canal. The greater the chip space, the ;
smaller the cross-section of any instrument and the
Fl smaller the cross-section the greater the flexibility of
the instrument.
Core diameter: A greater core diameter is associated
: with an increased resistance to fracture but at the same
time with a decreased flexibility. The core diameter
depends on the cross-sectional shape of the instrument.
For hand instruments, the core diameter decreases
‘ from square, to triangular and further to S-shaped
cross-sections. Usually, reamers, K-files and S-files are
symmetrical in cross-section, while Hedstrom files are
characterized by an asymmetrical cross-section.
Taper (conicity): The taper may be oe thc
continuous, or progressive. The more tapered the",""
"Endodontics","13. RECENT PAPERS 2020-21 ENDODONTICS","24","What do we use to identify Vertical root fracture (VRF)","Metal Explorer","Silver points","Metal probe / metallic periodontal probe","Flexible probe / plastic periodontal probe.","D","[Source explanation — printed page(s) 19]
7 A Dental Pulse Vol.-2 _ oe a
instrument is, the faster the core diameter increases
resulting in reduced flexibility.

Cutting angle: This angle, also called helical angle, is the
angle between the instrument long axis and the tangent
to the cutting edge. The helical angle of instruments
used for hand preparation indicates the most efficient
< working motion of the instrument. Instruments having
a helical angle of less than 45° (reamers and K-files)
require a rotary reaming working motion to effectively
cut dentin, while those having an angle greater than
45° (e.g. Hedstrom files) require a linear filing motion.

' 26
Tip design: Currently, there is clear evidence, that
independent of the alloy, instruments with modified

non-cutting tips perform better in maintaining
| the original canal curvature than those having a
conventional cutting tip. These non-cutting tips are
i characterised by a reduction of the tip, transition angle
} and the incorporation of a guiding plane. Instruments
| having non-cutting tips cause less canal transportation
' and remove material more equally at the inner and
i outer aspects of the curved canal compared to similar
instruments having conventional tips.
: Pitch: This is the distance between the edges of two
: cutting blades measured along the working part of
4 an instrument. The smaller the pitch, the greater the
| contact area between the instrument and the root canal
| walls, thereby increasing the torsional stress of the
i instrument. The pitch may be regressive, continuous, or
progressive.
24.  ‘D' [Cohen's 11™ ed 802]
The pocket associated with the early stages of a VRF
is quite different from a common periodontal pocket.
These pockets do possess enough unique features to
justify them being specifically termed a VRF pocket.
| Rigid metal periodontal probes may be ineffective in —
probing VRF pockets in the early stages of a VRF. Given
that the pocket is deep, narrow, and tight, the bulge of
the tooth’s crown may prevent the insertion of a metal
F probe into the pocket. A flexible probe should be used
;, instead, such as a probe available from Premier Dental
Products (Ply mouth Meeting, Pennsylvania) or a similar
device. This type of flexible probe should be included on
every endodontic examination tray and is an essential
tool when checking for potential VRF pockets.
25. ‘N [Grossman’s 13"" ed 293]
K-flex file:
Rhomboidal or diamond-shaped blanks have been
twisted to produce a file called K-flex (SybronEndo/Kerr,
USA). The manufacturer claims that this design increases
the flexibility and cutting efficiency of the instrument.
The rhomboidal blank produces alternating high and
———— << = =—

ae ee ee eee
low flutes that make the instrument more efficient in Qe ™ ""
removal of debris. 3
Flex-R file: a il
The stainless steel file’s metallic memory to return to or
its original position increases the tendency to transport .
or ledge the canal. A reduction in the cutting tip angle er
makes the file stay more centered within the canal and -
enables a more circumferential cutting action. This or
modified-tip file has been marketed as the Flex-R file =
(Moyco/Union Broach, USA). a
at
26. ‘D’ [Ingles 7th ed 577] Canto
The endodontic glide path is defined as a smooth, = s
patent passage from the coronal orifice of the canal to
the radiographic terminus or electronically determined ou i
portal of exit. A successful glide path is an uninterrupted
passage that can be reproduced when small-size files are une
used in sequence in the canal.
fl
Maintaining a smooth, reproducible, glide path when %
successive files are used is an important characteristic Giles
of proper root canal preparation. Glide path enlargement tg
allows for safer, more effective canal shaping with a
increased prospects of successful treatment outcomes. a
Preparation of a Glide Path Contemporary preparation —-
techniques using flexible NiTi instruments start with —_
manual preparation of a glide path for the rotary —
instruments that follow. a
We
The objectives of preparing a glide path are: é Yo
e Early exploration of the root canal system to be
prepared. Cong,
e Assessment of canal width, content, curvatures, and i
ledges. Cun.
e Reduction of friction of small NiTi instruments G fi
thereby lowering the risk of instrument separation. ;
27. ‘A’ [Ingle 5‘ ed 576] :
Alpha form: c=
e Brittle at room temperature re
: e Becomes gluey, adhesive and highly flowable when —
heated (Low viscosity) moi
e Thermoplasticized gutta percha for warm :
condensation obturation technique are in alpha tS
form of gutta percha i
[ ee
Beta form: =
e Stable and flexible at room temperature 5
e solid, compactible and elongatible (higher viscosity) .
a e Becomes less adhesive and flowable when heated t
: (high Gutta percha points used for cold condensation
obturation techniques are in beta form). =
:| Gutta percha exhibits two crystalline transformations :
when heated from room temperature. """,""
"Endodontics","13. RECENT PAPERS 2020-21 ENDODONTICS","25","Cross section of K-flex is?","Rhomboid","Square","Triangular","Round","A","[Source explanation — printed page(s) 19]
7 A Dental Pulse Vol.-2 _ oe a
instrument is, the faster the core diameter increases
resulting in reduced flexibility.

Cutting angle: This angle, also called helical angle, is the
angle between the instrument long axis and the tangent
to the cutting edge. The helical angle of instruments
used for hand preparation indicates the most efficient
< working motion of the instrument. Instruments having
a helical angle of less than 45° (reamers and K-files)
require a rotary reaming working motion to effectively
cut dentin, while those having an angle greater than
45° (e.g. Hedstrom files) require a linear filing motion.

' 26
Tip design: Currently, there is clear evidence, that
independent of the alloy, instruments with modified

non-cutting tips perform better in maintaining
| the original canal curvature than those having a
conventional cutting tip. These non-cutting tips are
i characterised by a reduction of the tip, transition angle
} and the incorporation of a guiding plane. Instruments
| having non-cutting tips cause less canal transportation
' and remove material more equally at the inner and
i outer aspects of the curved canal compared to similar
instruments having conventional tips.
: Pitch: This is the distance between the edges of two
: cutting blades measured along the working part of
4 an instrument. The smaller the pitch, the greater the
| contact area between the instrument and the root canal
| walls, thereby increasing the torsional stress of the
i instrument. The pitch may be regressive, continuous, or
progressive.
24.  ‘D' [Cohen's 11™ ed 802]
The pocket associated with the early stages of a VRF
is quite different from a common periodontal pocket.
These pockets do possess enough unique features to
justify them being specifically termed a VRF pocket.
| Rigid metal periodontal probes may be ineffective in —
probing VRF pockets in the early stages of a VRF. Given
that the pocket is deep, narrow, and tight, the bulge of
the tooth’s crown may prevent the insertion of a metal
F probe into the pocket. A flexible probe should be used
;, instead, such as a probe available from Premier Dental
Products (Ply mouth Meeting, Pennsylvania) or a similar
device. This type of flexible probe should be included on
every endodontic examination tray and is an essential
tool when checking for potential VRF pockets.
25. ‘N [Grossman’s 13"" ed 293]
K-flex file:
Rhomboidal or diamond-shaped blanks have been
twisted to produce a file called K-flex (SybronEndo/Kerr,
USA). The manufacturer claims that this design increases
the flexibility and cutting efficiency of the instrument.
The rhomboidal blank produces alternating high and
———— << = =—

ae ee ee eee
low flutes that make the instrument more efficient in Qe ™ ""
removal of debris. 3
Flex-R file: a il
The stainless steel file’s metallic memory to return to or
its original position increases the tendency to transport .
or ledge the canal. A reduction in the cutting tip angle er
makes the file stay more centered within the canal and -
enables a more circumferential cutting action. This or
modified-tip file has been marketed as the Flex-R file =
(Moyco/Union Broach, USA). a
at
26. ‘D’ [Ingles 7th ed 577] Canto
The endodontic glide path is defined as a smooth, = s
patent passage from the coronal orifice of the canal to
the radiographic terminus or electronically determined ou i
portal of exit. A successful glide path is an uninterrupted
passage that can be reproduced when small-size files are une
used in sequence in the canal.
fl
Maintaining a smooth, reproducible, glide path when %
successive files are used is an important characteristic Giles
of proper root canal preparation. Glide path enlargement tg
allows for safer, more effective canal shaping with a
increased prospects of successful treatment outcomes. a
Preparation of a Glide Path Contemporary preparation —-
techniques using flexible NiTi instruments start with —_
manual preparation of a glide path for the rotary —
instruments that follow. a
We
The objectives of preparing a glide path are: é Yo
e Early exploration of the root canal system to be
prepared. Cong,
e Assessment of canal width, content, curvatures, and i
ledges. Cun.
e Reduction of friction of small NiTi instruments G fi
thereby lowering the risk of instrument separation. ;
27. ‘A’ [Ingle 5‘ ed 576] :
Alpha form: c=
e Brittle at room temperature re
: e Becomes gluey, adhesive and highly flowable when —
heated (Low viscosity) moi
e Thermoplasticized gutta percha for warm :
condensation obturation technique are in alpha tS
form of gutta percha i
[ ee
Beta form: =
e Stable and flexible at room temperature 5
e solid, compactible and elongatible (higher viscosity) .
a e Becomes less adhesive and flowable when heated t
: (high Gutta percha points used for cold condensation
obturation techniques are in beta form). =
:| Gutta percha exhibits two crystalline transformations :
when heated from room temperature. """,""
"Endodontics","13. RECENT PAPERS 2020-21 ENDODONTICS","26","Objective of preparing Glide path using flexible NiTi instruments is all of the following except?","Reduction of friction of small NiTi instruments thereby lowering the risk of instrument separation","Assessment of canal width, content, curvatures, and ledges","Early exploration of the root canal system to be prepared","Complete canal disinfection","D","[Source explanation — printed page(s) 19]
7 A Dental Pulse Vol.-2 _ oe a
instrument is, the faster the core diameter increases
resulting in reduced flexibility.

Cutting angle: This angle, also called helical angle, is the
angle between the instrument long axis and the tangent
to the cutting edge. The helical angle of instruments
used for hand preparation indicates the most efficient
< working motion of the instrument. Instruments having
a helical angle of less than 45° (reamers and K-files)
require a rotary reaming working motion to effectively
cut dentin, while those having an angle greater than
45° (e.g. Hedstrom files) require a linear filing motion.

' 26
Tip design: Currently, there is clear evidence, that
independent of the alloy, instruments with modified

non-cutting tips perform better in maintaining
| the original canal curvature than those having a
conventional cutting tip. These non-cutting tips are
i characterised by a reduction of the tip, transition angle
} and the incorporation of a guiding plane. Instruments
| having non-cutting tips cause less canal transportation
' and remove material more equally at the inner and
i outer aspects of the curved canal compared to similar
instruments having conventional tips.
: Pitch: This is the distance between the edges of two
: cutting blades measured along the working part of
4 an instrument. The smaller the pitch, the greater the
| contact area between the instrument and the root canal
| walls, thereby increasing the torsional stress of the
i instrument. The pitch may be regressive, continuous, or
progressive.
24.  ‘D' [Cohen's 11™ ed 802]
The pocket associated with the early stages of a VRF
is quite different from a common periodontal pocket.
These pockets do possess enough unique features to
justify them being specifically termed a VRF pocket.
| Rigid metal periodontal probes may be ineffective in —
probing VRF pockets in the early stages of a VRF. Given
that the pocket is deep, narrow, and tight, the bulge of
the tooth’s crown may prevent the insertion of a metal
F probe into the pocket. A flexible probe should be used
;, instead, such as a probe available from Premier Dental
Products (Ply mouth Meeting, Pennsylvania) or a similar
device. This type of flexible probe should be included on
every endodontic examination tray and is an essential
tool when checking for potential VRF pockets.
25. ‘N [Grossman’s 13"" ed 293]
K-flex file:
Rhomboidal or diamond-shaped blanks have been
twisted to produce a file called K-flex (SybronEndo/Kerr,
USA). The manufacturer claims that this design increases
the flexibility and cutting efficiency of the instrument.
The rhomboidal blank produces alternating high and
———— << = =—

ae ee ee eee
low flutes that make the instrument more efficient in Qe ™ ""
removal of debris. 3
Flex-R file: a il
The stainless steel file’s metallic memory to return to or
its original position increases the tendency to transport .
or ledge the canal. A reduction in the cutting tip angle er
makes the file stay more centered within the canal and -
enables a more circumferential cutting action. This or
modified-tip file has been marketed as the Flex-R file =
(Moyco/Union Broach, USA). a
at
26. ‘D’ [Ingles 7th ed 577] Canto
The endodontic glide path is defined as a smooth, = s
patent passage from the coronal orifice of the canal to
the radiographic terminus or electronically determined ou i
portal of exit. A successful glide path is an uninterrupted
passage that can be reproduced when small-size files are une
used in sequence in the canal.
fl
Maintaining a smooth, reproducible, glide path when %
successive files are used is an important characteristic Giles
of proper root canal preparation. Glide path enlargement tg
allows for safer, more effective canal shaping with a
increased prospects of successful treatment outcomes. a
Preparation of a Glide Path Contemporary preparation —-
techniques using flexible NiTi instruments start with —_
manual preparation of a glide path for the rotary —
instruments that follow. a
We
The objectives of preparing a glide path are: é Yo
e Early exploration of the root canal system to be
prepared. Cong,
e Assessment of canal width, content, curvatures, and i
ledges. Cun.
e Reduction of friction of small NiTi instruments G fi
thereby lowering the risk of instrument separation. ;
27. ‘A’ [Ingle 5‘ ed 576] :
Alpha form: c=
e Brittle at room temperature re
: e Becomes gluey, adhesive and highly flowable when —
heated (Low viscosity) moi
e Thermoplasticized gutta percha for warm :
condensation obturation technique are in alpha tS
form of gutta percha i
[ ee
Beta form: =
e Stable and flexible at room temperature 5
e solid, compactible and elongatible (higher viscosity) .
a e Becomes less adhesive and flowable when heated t
: (high Gutta percha points used for cold condensation
obturation techniques are in beta form). =
:| Gutta percha exhibits two crystalline transformations :
when heated from room temperature. """,""
"Endodontics","13. RECENT PAPERS 2020-21 ENDODONTICS","27","In injection obturation technique alpha phase is formed, on cooling volume is less by","2%","3%","5%","10%","A","[Source explanation — printed page(s) 19]
7 A Dental Pulse Vol.-2 _ oe a
instrument is, the faster the core diameter increases
resulting in reduced flexibility.

Cutting angle: This angle, also called helical angle, is the
angle between the instrument long axis and the tangent
to the cutting edge. The helical angle of instruments
used for hand preparation indicates the most efficient
< working motion of the instrument. Instruments having
a helical angle of less than 45° (reamers and K-files)
require a rotary reaming working motion to effectively
cut dentin, while those having an angle greater than
45° (e.g. Hedstrom files) require a linear filing motion.

' 26
Tip design: Currently, there is clear evidence, that
independent of the alloy, instruments with modified

non-cutting tips perform better in maintaining
| the original canal curvature than those having a
conventional cutting tip. These non-cutting tips are
i characterised by a reduction of the tip, transition angle
} and the incorporation of a guiding plane. Instruments
| having non-cutting tips cause less canal transportation
' and remove material more equally at the inner and
i outer aspects of the curved canal compared to similar
instruments having conventional tips.
: Pitch: This is the distance between the edges of two
: cutting blades measured along the working part of
4 an instrument. The smaller the pitch, the greater the
| contact area between the instrument and the root canal
| walls, thereby increasing the torsional stress of the
i instrument. The pitch may be regressive, continuous, or
progressive.
24.  ‘D' [Cohen's 11™ ed 802]
The pocket associated with the early stages of a VRF
is quite different from a common periodontal pocket.
These pockets do possess enough unique features to
justify them being specifically termed a VRF pocket.
| Rigid metal periodontal probes may be ineffective in —
probing VRF pockets in the early stages of a VRF. Given
that the pocket is deep, narrow, and tight, the bulge of
the tooth’s crown may prevent the insertion of a metal
F probe into the pocket. A flexible probe should be used
;, instead, such as a probe available from Premier Dental
Products (Ply mouth Meeting, Pennsylvania) or a similar
device. This type of flexible probe should be included on
every endodontic examination tray and is an essential
tool when checking for potential VRF pockets.
25. ‘N [Grossman’s 13"" ed 293]
K-flex file:
Rhomboidal or diamond-shaped blanks have been
twisted to produce a file called K-flex (SybronEndo/Kerr,
USA). The manufacturer claims that this design increases
the flexibility and cutting efficiency of the instrument.
The rhomboidal blank produces alternating high and
———— << = =—

ae ee ee eee
low flutes that make the instrument more efficient in Qe ™ ""
removal of debris. 3
Flex-R file: a il
The stainless steel file’s metallic memory to return to or
its original position increases the tendency to transport .
or ledge the canal. A reduction in the cutting tip angle er
makes the file stay more centered within the canal and -
enables a more circumferential cutting action. This or
modified-tip file has been marketed as the Flex-R file =
(Moyco/Union Broach, USA). a
at
26. ‘D’ [Ingles 7th ed 577] Canto
The endodontic glide path is defined as a smooth, = s
patent passage from the coronal orifice of the canal to
the radiographic terminus or electronically determined ou i
portal of exit. A successful glide path is an uninterrupted
passage that can be reproduced when small-size files are une
used in sequence in the canal.
fl
Maintaining a smooth, reproducible, glide path when %
successive files are used is an important characteristic Giles
of proper root canal preparation. Glide path enlargement tg
allows for safer, more effective canal shaping with a
increased prospects of successful treatment outcomes. a
Preparation of a Glide Path Contemporary preparation —-
techniques using flexible NiTi instruments start with —_
manual preparation of a glide path for the rotary —
instruments that follow. a
We
The objectives of preparing a glide path are: é Yo
e Early exploration of the root canal system to be
prepared. Cong,
e Assessment of canal width, content, curvatures, and i
ledges. Cun.
e Reduction of friction of small NiTi instruments G fi
thereby lowering the risk of instrument separation. ;
27. ‘A’ [Ingle 5‘ ed 576] :
Alpha form: c=
e Brittle at room temperature re
: e Becomes gluey, adhesive and highly flowable when —
heated (Low viscosity) moi
e Thermoplasticized gutta percha for warm :
condensation obturation technique are in alpha tS
form of gutta percha i
[ ee
Beta form: =
e Stable and flexible at room temperature 5
e solid, compactible and elongatible (higher viscosity) .
a e Becomes less adhesive and flowable when heated t
: (high Gutta percha points used for cold condensation
obturation techniques are in beta form). =
:| Gutta percha exhibits two crystalline transformations :
when heated from room temperature. """,""
"Endodontics","13. RECENT PAPERS 2020-21 ENDODONTICS","28","Traumatic tooth with no displacement, slight sensitive to percussion and normal mobility","Subluxation","Intrusion","Concussion","Lateral luxation","C","[Source explanation — printed page(s) 21]
~ Tie ; 7 ei
¥ s i
™~ a, Beta to paetes can be summarized as follows:
tran Pha: occurs between 42°C-49°C (this ph
™~ b. — oe is reversible) ae
; The oe amorphous: occurs between 53°C -59°C
: ee heating on the volumetric change of
Bete a ais most Important to dentistry. Gutta-
® fOr lan eae slightly on heating, a desirable trait
Broberk n odontic filling material. This physical
ss feria, Manifests itself as an increased volume of
cavity that may be compacted into a root canal
# | Nebeai warmed gutta-percha also shrinks as
Ww als ns to body temperature. The thermoplasticized
ans a phase shrinks as it sets into a solid mass.
> lea method manipulating gutta-percha using
pas or solvent will result in some shrinkage (1-
7 o) of the material. Shrinkage of the core material
~~) 92060 et desirable when attempting to seal a canal.
—) pence’ therefore recommend that vertical pressure
i applied in all warm gutta-percha techniques
2 ee volume changes that occur as
—~ > ing takes place.
—) 28. ‘C’ [Cohen's 11 ed 777]
Types of Luxation Injuries:
2 O) Concussion implies no displacement, normal
mobility, and sensitivity to percussion.
—_ ¢ Subluxation implies sensitivity to percussion,
> increased mobility, and no displacement.
e Lateral luxation implies displacement labially,
—> lingually, distally, or incisally.
e —_Extrusive luxation implies displacement in a coronal
a direction.
e Intrusive luxation implies displacement in an apical
— direction into the alveolus.
=~] Definitions 1 through 5 describe injuries of increasing
magnitude in terms of intensity of the injury and
——_ subsequent sequelae.
~) ‘p’ [Cohen's 11 ed 708-09/Endodontics: Part 3
29. Treatment of endodontic emergencies P. Carrotte, BDJ
Acute periapical abscess:
 ) cision to establish drainage is the only surgical
ae pdeneic procedure which may be undertaken when
4 en te inflammation is present. Establishing drainage to
- ae bring the infection under control is essential, and
2 he ei always be obtained through the root canal and
sey eues in preference to administering antibiotics
i) soft The soft-tissue swelling should be examined to
aoe js fluctuant. When the swelling is pointing intra-
see! copious amounts of surface analgesia should be
D orally | for example ethyl chloride or topical lignocaine
4 apPirent Regional anaesthesia may not be effective
oin :

‘ J a be
NS: due to the presence of pus, and the administration of a
ase local analgesic solution may spread the infection further
into the tissues.
of Incise the swelling with a Bard n Parker No. 11 or 15
Ea scalpel blade, or aspirate, using a wide bore needle
ait and disposable syringe. It may be possible to aspirate
| the abscess via the toot canal as well. The advantage
ae of this technique is that the sample can be sent for
“ll bacteriological examination if required.
Root canal treatment:
as Once access and initial drainage have been achieved, a
ed rubber dam should be applied to the tooth to complete
the operation. Before any further instrumentation is
ng carried out, the pulp chamber should be thoroughly
de irrigated with a solution of sodium hypochlorite to
jal Temove as much superficial organic and inorganic
debris as possible. This may bring considerable pain
ie relief and will make subsequent instrumentation easier.
1a Having debrided the canals to the best possible extent
AS with frequent changes of irrigant, the canals should be
dried with paper points and a dry sterile cotton wool
pled- get placed in the pulp chamber to prevent ingress
of the temporary dressing. The access cavity is then
sealed to prevent re-infection of the canals from the oral
cavity. If complete debridement was not possible the
nal patient must be recalled within 48 hours. At this time it
will usually be possible to complete instrumentation and
n, place a calcium hydroxide dressing in the canals.
ly, 30. ‘B’ [Grossman 13"" ed 191]
e A deep caries excavation close to the pulp, which
val may result in either an undetected pulpal exposure
or a visible pulpal exposure, should be covered
mall with a calcium hydroxide liner that can stimulate
formation of dentin bridges (reparative dentin) over
the exposure.
ng e If the excavation extends into or within 0.5 mm
nd of the pulp, a calcium hydroxide liner usually is
selected to stimulate reparative dentin (indirect
pulp cap procedure).
3 e The ability of hard-setting calcium hydroxide
DJ materials to stimulate the formation of reparative
dentin when it is in contact with pulpal tissue makes
it the usual material of choice for application to
very deep excavations and known pulpal exposures
cal (direct pulp cap procedures).
me e Calcium hydroxide liners must always be covered
. with an RMGI to prevent dissolution of the liner
over time when used under amalgam restorations
ie For composite restorative materials, which are thermal
» insulators, the calcium hydroxide should be covered by
e an RMGI to protect the liner from dissolution from the
ae etchant used for the composite placement.
ve",""
"Endodontics","13. RECENT PAPERS 2020-21 ENDODONTICS","29","Which of the following is used first for irrigation of canals in acute apical abscess and pus discharge?","2% povidone iodine","Warm saline","0.2% CHX","2.5% Sodium hypochlorite","D","[Source explanation — printed page(s) 21]
~ Tie ; 7 ei
¥ s i
™~ a, Beta to paetes can be summarized as follows:
tran Pha: occurs between 42°C-49°C (this ph
™~ b. — oe is reversible) ae
; The oe amorphous: occurs between 53°C -59°C
: ee heating on the volumetric change of
Bete a ais most Important to dentistry. Gutta-
® fOr lan eae slightly on heating, a desirable trait
Broberk n odontic filling material. This physical
ss feria, Manifests itself as an increased volume of
cavity that may be compacted into a root canal
# | Nebeai warmed gutta-percha also shrinks as
Ww als ns to body temperature. The thermoplasticized
ans a phase shrinks as it sets into a solid mass.
> lea method manipulating gutta-percha using
pas or solvent will result in some shrinkage (1-
7 o) of the material. Shrinkage of the core material
~~) 92060 et desirable when attempting to seal a canal.
—) pence’ therefore recommend that vertical pressure
i applied in all warm gutta-percha techniques
2 ee volume changes that occur as
—~ > ing takes place.
—) 28. ‘C’ [Cohen's 11 ed 777]
Types of Luxation Injuries:
2 O) Concussion implies no displacement, normal
mobility, and sensitivity to percussion.
—_ ¢ Subluxation implies sensitivity to percussion,
> increased mobility, and no displacement.
e Lateral luxation implies displacement labially,
—> lingually, distally, or incisally.
e —_Extrusive luxation implies displacement in a coronal
a direction.
e Intrusive luxation implies displacement in an apical
— direction into the alveolus.
=~] Definitions 1 through 5 describe injuries of increasing
magnitude in terms of intensity of the injury and
——_ subsequent sequelae.
~) ‘p’ [Cohen's 11 ed 708-09/Endodontics: Part 3
29. Treatment of endodontic emergencies P. Carrotte, BDJ
Acute periapical abscess:
 ) cision to establish drainage is the only surgical
ae pdeneic procedure which may be undertaken when
4 en te inflammation is present. Establishing drainage to
- ae bring the infection under control is essential, and
2 he ei always be obtained through the root canal and
sey eues in preference to administering antibiotics
i) soft The soft-tissue swelling should be examined to
aoe js fluctuant. When the swelling is pointing intra-
see! copious amounts of surface analgesia should be
D orally | for example ethyl chloride or topical lignocaine
4 apPirent Regional anaesthesia may not be effective
oin :

‘ J a be
NS: due to the presence of pus, and the administration of a
ase local analgesic solution may spread the infection further
into the tissues.
of Incise the swelling with a Bard n Parker No. 11 or 15
Ea scalpel blade, or aspirate, using a wide bore needle
ait and disposable syringe. It may be possible to aspirate
| the abscess via the toot canal as well. The advantage
ae of this technique is that the sample can be sent for
“ll bacteriological examination if required.
Root canal treatment:
as Once access and initial drainage have been achieved, a
ed rubber dam should be applied to the tooth to complete
the operation. Before any further instrumentation is
ng carried out, the pulp chamber should be thoroughly
de irrigated with a solution of sodium hypochlorite to
jal Temove as much superficial organic and inorganic
debris as possible. This may bring considerable pain
ie relief and will make subsequent instrumentation easier.
1a Having debrided the canals to the best possible extent
AS with frequent changes of irrigant, the canals should be
dried with paper points and a dry sterile cotton wool
pled- get placed in the pulp chamber to prevent ingress
of the temporary dressing. The access cavity is then
sealed to prevent re-infection of the canals from the oral
cavity. If complete debridement was not possible the
nal patient must be recalled within 48 hours. At this time it
will usually be possible to complete instrumentation and
n, place a calcium hydroxide dressing in the canals.
ly, 30. ‘B’ [Grossman 13"" ed 191]
e A deep caries excavation close to the pulp, which
val may result in either an undetected pulpal exposure
or a visible pulpal exposure, should be covered
mall with a calcium hydroxide liner that can stimulate
formation of dentin bridges (reparative dentin) over
the exposure.
ng e If the excavation extends into or within 0.5 mm
nd of the pulp, a calcium hydroxide liner usually is
selected to stimulate reparative dentin (indirect
pulp cap procedure).
3 e The ability of hard-setting calcium hydroxide
DJ materials to stimulate the formation of reparative
dentin when it is in contact with pulpal tissue makes
it the usual material of choice for application to
very deep excavations and known pulpal exposures
cal (direct pulp cap procedures).
me e Calcium hydroxide liners must always be covered
. with an RMGI to prevent dissolution of the liner
over time when used under amalgam restorations
ie For composite restorative materials, which are thermal
» insulators, the calcium hydroxide should be covered by
e an RMGI to protect the liner from dissolution from the
ae etchant used for the composite placement.
ve",""
"Endodontics","13. RECENT PAPERS 2020-21 ENDODONTICS","30","Function of calcium hydroxide in pulp protection","Sedative on pulp tissue","Calcium hydroxide dissociated into Ca. & OH","Fixation of odontoblastic cells","Laying down fibrous tissue by stimulating pulpal fibroblasts","B","[Source explanation — printed page(s) 21, 22]
~ Tie ; 7 ei
¥ s i
™~ a, Beta to paetes can be summarized as follows:
tran Pha: occurs between 42°C-49°C (this ph
™~ b. — oe is reversible) ae
; The oe amorphous: occurs between 53°C -59°C
: ee heating on the volumetric change of
Bete a ais most Important to dentistry. Gutta-
® fOr lan eae slightly on heating, a desirable trait
Broberk n odontic filling material. This physical
ss feria, Manifests itself as an increased volume of
cavity that may be compacted into a root canal
# | Nebeai warmed gutta-percha also shrinks as
Ww als ns to body temperature. The thermoplasticized
ans a phase shrinks as it sets into a solid mass.
> lea method manipulating gutta-percha using
pas or solvent will result in some shrinkage (1-
7 o) of the material. Shrinkage of the core material
~~) 92060 et desirable when attempting to seal a canal.
—) pence’ therefore recommend that vertical pressure
i applied in all warm gutta-percha techniques
2 ee volume changes that occur as
—~ > ing takes place.
—) 28. ‘C’ [Cohen's 11 ed 777]
Types of Luxation Injuries:
2 O) Concussion implies no displacement, normal
mobility, and sensitivity to percussion.
—_ ¢ Subluxation implies sensitivity to percussion,
> increased mobility, and no displacement.
e Lateral luxation implies displacement labially,
—> lingually, distally, or incisally.
e —_Extrusive luxation implies displacement in a coronal
a direction.
e Intrusive luxation implies displacement in an apical
— direction into the alveolus.
=~] Definitions 1 through 5 describe injuries of increasing
magnitude in terms of intensity of the injury and
——_ subsequent sequelae.
~) ‘p’ [Cohen's 11 ed 708-09/Endodontics: Part 3
29. Treatment of endodontic emergencies P. Carrotte, BDJ
Acute periapical abscess:
 ) cision to establish drainage is the only surgical
ae pdeneic procedure which may be undertaken when
4 en te inflammation is present. Establishing drainage to
- ae bring the infection under control is essential, and
2 he ei always be obtained through the root canal and
sey eues in preference to administering antibiotics
i) soft The soft-tissue swelling should be examined to
aoe js fluctuant. When the swelling is pointing intra-
see! copious amounts of surface analgesia should be
D orally | for example ethyl chloride or topical lignocaine
4 apPirent Regional anaesthesia may not be effective
oin :

‘ J a be
NS: due to the presence of pus, and the administration of a
ase local analgesic solution may spread the infection further
into the tissues.
of Incise the swelling with a Bard n Parker No. 11 or 15
Ea scalpel blade, or aspirate, using a wide bore needle
ait and disposable syringe. It may be possible to aspirate
| the abscess via the toot canal as well. The advantage
ae of this technique is that the sample can be sent for
“ll bacteriological examination if required.
Root canal treatment:
as Once access and initial drainage have been achieved, a
ed rubber dam should be applied to the tooth to complete
the operation. Before any further instrumentation is
ng carried out, the pulp chamber should be thoroughly
de irrigated with a solution of sodium hypochlorite to
jal Temove as much superficial organic and inorganic
debris as possible. This may bring considerable pain
ie relief and will make subsequent instrumentation easier.
1a Having debrided the canals to the best possible extent
AS with frequent changes of irrigant, the canals should be
dried with paper points and a dry sterile cotton wool
pled- get placed in the pulp chamber to prevent ingress
of the temporary dressing. The access cavity is then
sealed to prevent re-infection of the canals from the oral
cavity. If complete debridement was not possible the
nal patient must be recalled within 48 hours. At this time it
will usually be possible to complete instrumentation and
n, place a calcium hydroxide dressing in the canals.
ly, 30. ‘B’ [Grossman 13"" ed 191]
e A deep caries excavation close to the pulp, which
val may result in either an undetected pulpal exposure
or a visible pulpal exposure, should be covered
mall with a calcium hydroxide liner that can stimulate
formation of dentin bridges (reparative dentin) over
the exposure.
ng e If the excavation extends into or within 0.5 mm
nd of the pulp, a calcium hydroxide liner usually is
selected to stimulate reparative dentin (indirect
pulp cap procedure).
3 e The ability of hard-setting calcium hydroxide
DJ materials to stimulate the formation of reparative
dentin when it is in contact with pulpal tissue makes
it the usual material of choice for application to
very deep excavations and known pulpal exposures
cal (direct pulp cap procedures).
me e Calcium hydroxide liners must always be covered
. with an RMGI to prevent dissolution of the liner
over time when used under amalgam restorations
ie For composite restorative materials, which are thermal
» insulators, the calcium hydroxide should be covered by
e an RMGI to protect the liner from dissolution from the
ae etchant used for the composite placement.
ve


Ga dental Fube Wi?
Mechanism of Action:
Calcium hydroxide do not become incorporated in the
mineralized repaired tissue, instead derives its mineral
content solely from the dental pulp, presumably via
4 blood supply.
Calcium hydroxide
a Hydroxyl ions
| Reduced capillary Neutralizes acid produced
| permeability by osteoclasts
Reduced serum Optimum pH for
flow pyrophosphatase activity
3:
Reduced levels Increased levels of
of inhibitory calcium ion-dependent
pyrophosphate _ Poi al sah
Mechanism of action of calcium hydroxide
Healing With Ca(OH),:
1. Zone of Obliteration
The pulp tissue immediately in contact with calcium
hydroxide is usually completely deranged and
distorted because of the caustic effect of the drug.
This zone consists of debris, dentinal fragments,
hemorrhage, blood clot, blood pigment, and particles
of calcium hydroxide. This zone of obliteration
is due to the chemical injury as a result of high
concentration of hydroxyl ions and due to the high
pressure of the medicament application.
2. Zone of Coagulation
Necrosis: The tissue together with its plasma proteins
within the zone of obliteration takes the brunt of
the calcium hydroxide chemical thrust. A weaker
chemical effect reaches the subjacent, more apical
tissues and results in a zone of coagulation necrosis
and thrombosis, also called Schroder’s layer of “firm
necrosis” and Stanley's “mummified zone.”
3. Zone of Dentin Bridge Formation
This is an area of mineralization initiated by
calcium hydroxide. The difference between this
zone of mineralization and the formation of natural
secondary dentin is that there is no distinct structural
configuration present in calcium hydroxide-initiated

ee
mineralization. This zone could range from 0.3 mm
to 0.7 mm thickness. a |
4. Line of Demarcation i
A line of demarcation develops between the deepest “i
level and the subjacent vital pulp tissue. Glass and
Zander believed that this line resulted from the “Pp
reaction of the calcium hydroxide with the tissue .
protein to form proteinate globules. ~H
A procedure in which the exposed pulp is covered i
with a material to enhance reparative dentin “a
formation over the pulp which is exposed by
mechanical exposure is known as? “i
a) Direct pulp capping _b) Indirect pulp capping ~
c) Cvek pulpotomy d) Partial pulpotomy _
(AIIMS MAY 2024) ee
31. ‘A [Grossman 13th ed 476/ Concise Conservative = li
Dentistry and Endodontics- E Book 403] ll
Blue light has a wavelength between 440 and 480 nm. o
Blue light is used in in-office dental bleaching. Often i
light systems based on light for activating the bleaching @
agent also produce heat. So option A is correct. ee -
Activating Light Sources Used for Bleaching q
e Quartz tungsten halogen curing light - can be i
used for 40-60 seconds. =
e Uses light and heat to activate bleaching agent. j
e Plasma arc - provides similar light intensity or \
slightly higher than halogen curing light. A 4-second
application causes an intrapulpal temperature rise 1]
of 2.2°C. Used for 30 seconds. a
e¢ Rembrandt system-system-uses light of 400-525
nm wavelengths (blue-green)
=~
e Beyond whitening accelerator - uses high- a
intensity blue light of 480-520 nm. XN
© Zoom system - uses a mercury metal halide light “*
with a wavelength of 300-450 nm.
~
Laser bleaching:
Two types of lasers can be employed for dental bleaching:
the argon laser that emits a visible blue light and a
carbon-dioxide laser that emits invisible infrared light. ~%
These lasers can be targeted to stain molecules and, with
the use of a catalyst, they rapidly decompose hydrogen a
peroxide to oxygen and water. - Ingle 5"" ed 856 “J
~
The 488-nm Argon laser emission is the exact wavelength ~ i
needed to activate camphoroquinone. This laser is used
to cure light-activated composites, light-activated i
impression materials, and light-activated bleaching gels.
- Grossman 13*"" ed 476 be",""
"Endodontics","13. RECENT PAPERS 2020-21 ENDODONTICS","31","Wavelength of light used for bleaching","Hot blue light at 450 nm","cold blue light at 450 nm","cold orange light at 450 nm","cold green light at 450 nm","A","[Source explanation — printed page(s) 22]
Ga dental Fube Wi?
Mechanism of Action:
Calcium hydroxide do not become incorporated in the
mineralized repaired tissue, instead derives its mineral
content solely from the dental pulp, presumably via
4 blood supply.
Calcium hydroxide
a Hydroxyl ions
| Reduced capillary Neutralizes acid produced
| permeability by osteoclasts
Reduced serum Optimum pH for
flow pyrophosphatase activity
3:
Reduced levels Increased levels of
of inhibitory calcium ion-dependent
pyrophosphate _ Poi al sah
Mechanism of action of calcium hydroxide
Healing With Ca(OH),:
1. Zone of Obliteration
The pulp tissue immediately in contact with calcium
hydroxide is usually completely deranged and
distorted because of the caustic effect of the drug.
This zone consists of debris, dentinal fragments,
hemorrhage, blood clot, blood pigment, and particles
of calcium hydroxide. This zone of obliteration
is due to the chemical injury as a result of high
concentration of hydroxyl ions and due to the high
pressure of the medicament application.
2. Zone of Coagulation
Necrosis: The tissue together with its plasma proteins
within the zone of obliteration takes the brunt of
the calcium hydroxide chemical thrust. A weaker
chemical effect reaches the subjacent, more apical
tissues and results in a zone of coagulation necrosis
and thrombosis, also called Schroder’s layer of “firm
necrosis” and Stanley's “mummified zone.”
3. Zone of Dentin Bridge Formation
This is an area of mineralization initiated by
calcium hydroxide. The difference between this
zone of mineralization and the formation of natural
secondary dentin is that there is no distinct structural
configuration present in calcium hydroxide-initiated

ee
mineralization. This zone could range from 0.3 mm
to 0.7 mm thickness. a |
4. Line of Demarcation i
A line of demarcation develops between the deepest “i
level and the subjacent vital pulp tissue. Glass and
Zander believed that this line resulted from the “Pp
reaction of the calcium hydroxide with the tissue .
protein to form proteinate globules. ~H
A procedure in which the exposed pulp is covered i
with a material to enhance reparative dentin “a
formation over the pulp which is exposed by
mechanical exposure is known as? “i
a) Direct pulp capping _b) Indirect pulp capping ~
c) Cvek pulpotomy d) Partial pulpotomy _
(AIIMS MAY 2024) ee
31. ‘A [Grossman 13th ed 476/ Concise Conservative = li
Dentistry and Endodontics- E Book 403] ll
Blue light has a wavelength between 440 and 480 nm. o
Blue light is used in in-office dental bleaching. Often i
light systems based on light for activating the bleaching @
agent also produce heat. So option A is correct. ee -
Activating Light Sources Used for Bleaching q
e Quartz tungsten halogen curing light - can be i
used for 40-60 seconds. =
e Uses light and heat to activate bleaching agent. j
e Plasma arc - provides similar light intensity or \
slightly higher than halogen curing light. A 4-second
application causes an intrapulpal temperature rise 1]
of 2.2°C. Used for 30 seconds. a
e¢ Rembrandt system-system-uses light of 400-525
nm wavelengths (blue-green)
=~
e Beyond whitening accelerator - uses high- a
intensity blue light of 480-520 nm. XN
© Zoom system - uses a mercury metal halide light “*
with a wavelength of 300-450 nm.
~
Laser bleaching:
Two types of lasers can be employed for dental bleaching:
the argon laser that emits a visible blue light and a
carbon-dioxide laser that emits invisible infrared light. ~%
These lasers can be targeted to stain molecules and, with
the use of a catalyst, they rapidly decompose hydrogen a
peroxide to oxygen and water. - Ingle 5"" ed 856 “J
~
The 488-nm Argon laser emission is the exact wavelength ~ i
needed to activate camphoroquinone. This laser is used
to cure light-activated composites, light-activated i
impression materials, and light-activated bleaching gels.
- Grossman 13*"" ed 476 be","Requires image/diagram: source question or explanation contains a figure/image (printed page 771)."
"Endodontics","13. RECENT PAPERS 2020-21 ENDODONTICS","32","Which chemical is used for champagne bubble test","Sodium hypochlorite","Hydrogen peroxide","EDTA","Chlorhexidine","A","[Source explanation — printed page(s) 24]
\ — tag fee Se
32. wy [Cohen 11 eg 131] TT
' ted beh objectives of root canal procedures ar
er e enlargement, shaping, cleaning, an
ade of all pulpal spaces, along wit!
turation of these spaces with an acceptabl
filling material.

. * At times a root canal or its elaborate, comple
system may go undetected, which results in failur
to achieve the stated objectives.

~ Therefore, the use of a vast array of tools, in particule
magnification and illumination, is essential t
accomplish these objectives on a more predictabl
basis. Initially important aids for determining pul
space morphology, in particular the pulp chambe
and location of root canal orifices, include multip
pretreatment radiographs, CBCTs, examination |
the pulp chamber floor with a sharp explorer, visu

. assessment of color changes in the dentin troughir
of anatomic grooves with ultrasonic tips, stainir
the chamber floor with 1% methylene blue dye, |

a performing a sodium hypochlorite “champagt
bubble” test.

re ° Allowing sodium hypochlorite (NaOCl) to rema
in the pulp chamber may help locate a calcifi

xk root canal orifice. Tiny bubbles may appear in t
solution, indicating the position of the orifice. Th

re is best observed through magnification.

, 33. ‘AN’ [Ingle 5‘ ed 893]

According to AAPD, pulp therapy is a relati

contraindication in children with malignancies. Pt

i therapy in primary teeth is contra-indicated —

7 immunocompromised children (Rodd et al., 2006).
at oe ‘
Contraindications of pulp therapy:
la e Teeth with nonrestorable crowns
9 © Periradicular involvement extending to |
permanent tooth bud
1 on ¢ Pathologic resorption of at least one-third of |
, root with a fistulous sinus tract
fe e Excessive internal resorption
re e Extensive pulp floor opening into the bifurcatior
- e Young patients with systemic illness such
le congenital or rheumatic heart disease, hepatitis
; leukemia and children on long-term corticoste'
re therapy or those who are immunocompromised
4 e Primary teeth with underlying dentigerous
a follicular cysts
c? 34. ‘A’ [Grossman 13th ed 269]
Classification of endodontic instruments
4 e Exploring instruments- Smooth broaches
9 endodontic explores

____ ENDODONTICS  —- W'S
e  Extirpating or debriding instruments: To remove
as pulp, debris or other foreign material- barbed broach
and e Enlarging instruments or shaping instruments-
vith Reamers and files.
able ‘ ‘
e Obturating instruments- Pluggers, spreader and
lentulospirals
plex
lure The GG drill is used to: -
e Remove the lingual shoulder during access
ular preparation of the anterior teeth
| to ¢ Enlarge root canal orifices.
able
pulp 35. ‘D’ [Grossman 13% 302]
nber EDTA, a chelating agent, has been used as an irrigating
tiple solution. This solution removes the inorganic component
i of of the endodontic smear layer. The effects of EDTA have
isual been studied both in vitro and in vivo, and the following
hing conclusions have been reported:
pia e EDTA is effective in softening dentin.
agne ¢ Irrigation with EDTA removes the inorganic part of
the smear layer.
main e The extent of demineralization by EDTA is
“ified proportional to the exposure time.
n the ‘ j
* © 17% EDTA is relatively nontoxic and only slightly
, This es é ‘
irritating in weak solutions. EDTA has no deleterious
effect when used clinically as an irrigating solution
unless inadvertently extruded into the periradicular
lative tissues
Pulp
1 for Chelating agents remove only calcified tissue, whereas
sodium hypochlorite removes organic material. EDTA as
an irrigant employed alone is ineffective and hence is
; recommend to be used as the final irrigant (for removal of
the inorganic part of the smear layer) after using NaOCl
(for removal of the organic part of the smear layer).
the
of the
jon
ch as
tis, or
steroid
d
us OF
; and",""
"Endodontics","13. RECENT PAPERS 2020-21 ENDODONTICS","33","In which of the following pulp therapy is contraindicated","Leukemia","Asthma","Autism","Psoriasis","A","[Source explanation — printed page(s) 24]
\ — tag fee Se
32. wy [Cohen 11 eg 131] TT
' ted beh objectives of root canal procedures ar
er e enlargement, shaping, cleaning, an
ade of all pulpal spaces, along wit!
turation of these spaces with an acceptabl
filling material.

. * At times a root canal or its elaborate, comple
system may go undetected, which results in failur
to achieve the stated objectives.

~ Therefore, the use of a vast array of tools, in particule
magnification and illumination, is essential t
accomplish these objectives on a more predictabl
basis. Initially important aids for determining pul
space morphology, in particular the pulp chambe
and location of root canal orifices, include multip
pretreatment radiographs, CBCTs, examination |
the pulp chamber floor with a sharp explorer, visu

. assessment of color changes in the dentin troughir
of anatomic grooves with ultrasonic tips, stainir
the chamber floor with 1% methylene blue dye, |

a performing a sodium hypochlorite “champagt
bubble” test.

re ° Allowing sodium hypochlorite (NaOCl) to rema
in the pulp chamber may help locate a calcifi

xk root canal orifice. Tiny bubbles may appear in t
solution, indicating the position of the orifice. Th

re is best observed through magnification.

, 33. ‘AN’ [Ingle 5‘ ed 893]

According to AAPD, pulp therapy is a relati

contraindication in children with malignancies. Pt

i therapy in primary teeth is contra-indicated —

7 immunocompromised children (Rodd et al., 2006).
at oe ‘
Contraindications of pulp therapy:
la e Teeth with nonrestorable crowns
9 © Periradicular involvement extending to |
permanent tooth bud
1 on ¢ Pathologic resorption of at least one-third of |
, root with a fistulous sinus tract
fe e Excessive internal resorption
re e Extensive pulp floor opening into the bifurcatior
- e Young patients with systemic illness such
le congenital or rheumatic heart disease, hepatitis
; leukemia and children on long-term corticoste'
re therapy or those who are immunocompromised
4 e Primary teeth with underlying dentigerous
a follicular cysts
c? 34. ‘A’ [Grossman 13th ed 269]
Classification of endodontic instruments
4 e Exploring instruments- Smooth broaches
9 endodontic explores

____ ENDODONTICS  —- W'S
e  Extirpating or debriding instruments: To remove
as pulp, debris or other foreign material- barbed broach
and e Enlarging instruments or shaping instruments-
vith Reamers and files.
able ‘ ‘
e Obturating instruments- Pluggers, spreader and
lentulospirals
plex
lure The GG drill is used to: -
e Remove the lingual shoulder during access
ular preparation of the anterior teeth
| to ¢ Enlarge root canal orifices.
able
pulp 35. ‘D’ [Grossman 13% 302]
nber EDTA, a chelating agent, has been used as an irrigating
tiple solution. This solution removes the inorganic component
i of of the endodontic smear layer. The effects of EDTA have
isual been studied both in vitro and in vivo, and the following
hing conclusions have been reported:
pia e EDTA is effective in softening dentin.
agne ¢ Irrigation with EDTA removes the inorganic part of
the smear layer.
main e The extent of demineralization by EDTA is
“ified proportional to the exposure time.
n the ‘ j
* © 17% EDTA is relatively nontoxic and only slightly
, This es é ‘
irritating in weak solutions. EDTA has no deleterious
effect when used clinically as an irrigating solution
unless inadvertently extruded into the periradicular
lative tissues
Pulp
1 for Chelating agents remove only calcified tissue, whereas
sodium hypochlorite removes organic material. EDTA as
an irrigant employed alone is ineffective and hence is
; recommend to be used as the final irrigant (for removal of
the inorganic part of the smear layer) after using NaOCl
(for removal of the organic part of the smear layer).
the
of the
jon
ch as
tis, or
steroid
d
us OF
; and",""
"Endodontics","13. RECENT PAPERS 2020-21 ENDODONTICS","34","Which instrument is used for canal enlargement?","K-file","lentulospiral","GG drill","Broach","A","[Source explanation — printed page(s) 24]
\ — tag fee Se
32. wy [Cohen 11 eg 131] TT
' ted beh objectives of root canal procedures ar
er e enlargement, shaping, cleaning, an
ade of all pulpal spaces, along wit!
turation of these spaces with an acceptabl
filling material.

. * At times a root canal or its elaborate, comple
system may go undetected, which results in failur
to achieve the stated objectives.

~ Therefore, the use of a vast array of tools, in particule
magnification and illumination, is essential t
accomplish these objectives on a more predictabl
basis. Initially important aids for determining pul
space morphology, in particular the pulp chambe
and location of root canal orifices, include multip
pretreatment radiographs, CBCTs, examination |
the pulp chamber floor with a sharp explorer, visu

. assessment of color changes in the dentin troughir
of anatomic grooves with ultrasonic tips, stainir
the chamber floor with 1% methylene blue dye, |

a performing a sodium hypochlorite “champagt
bubble” test.

re ° Allowing sodium hypochlorite (NaOCl) to rema
in the pulp chamber may help locate a calcifi

xk root canal orifice. Tiny bubbles may appear in t
solution, indicating the position of the orifice. Th

re is best observed through magnification.

, 33. ‘AN’ [Ingle 5‘ ed 893]

According to AAPD, pulp therapy is a relati

contraindication in children with malignancies. Pt

i therapy in primary teeth is contra-indicated —

7 immunocompromised children (Rodd et al., 2006).
at oe ‘
Contraindications of pulp therapy:
la e Teeth with nonrestorable crowns
9 © Periradicular involvement extending to |
permanent tooth bud
1 on ¢ Pathologic resorption of at least one-third of |
, root with a fistulous sinus tract
fe e Excessive internal resorption
re e Extensive pulp floor opening into the bifurcatior
- e Young patients with systemic illness such
le congenital or rheumatic heart disease, hepatitis
; leukemia and children on long-term corticoste'
re therapy or those who are immunocompromised
4 e Primary teeth with underlying dentigerous
a follicular cysts
c? 34. ‘A’ [Grossman 13th ed 269]
Classification of endodontic instruments
4 e Exploring instruments- Smooth broaches
9 endodontic explores

____ ENDODONTICS  —- W'S
e  Extirpating or debriding instruments: To remove
as pulp, debris or other foreign material- barbed broach
and e Enlarging instruments or shaping instruments-
vith Reamers and files.
able ‘ ‘
e Obturating instruments- Pluggers, spreader and
lentulospirals
plex
lure The GG drill is used to: -
e Remove the lingual shoulder during access
ular preparation of the anterior teeth
| to ¢ Enlarge root canal orifices.
able
pulp 35. ‘D’ [Grossman 13% 302]
nber EDTA, a chelating agent, has been used as an irrigating
tiple solution. This solution removes the inorganic component
i of of the endodontic smear layer. The effects of EDTA have
isual been studied both in vitro and in vivo, and the following
hing conclusions have been reported:
pia e EDTA is effective in softening dentin.
agne ¢ Irrigation with EDTA removes the inorganic part of
the smear layer.
main e The extent of demineralization by EDTA is
“ified proportional to the exposure time.
n the ‘ j
* © 17% EDTA is relatively nontoxic and only slightly
, This es é ‘
irritating in weak solutions. EDTA has no deleterious
effect when used clinically as an irrigating solution
unless inadvertently extruded into the periradicular
lative tissues
Pulp
1 for Chelating agents remove only calcified tissue, whereas
sodium hypochlorite removes organic material. EDTA as
an irrigant employed alone is ineffective and hence is
; recommend to be used as the final irrigant (for removal of
the inorganic part of the smear layer) after using NaOCl
(for removal of the organic part of the smear layer).
the
of the
jon
ch as
tis, or
steroid
d
us OF
; and",""
"Endodontics","13. RECENT PAPERS 2020-21 ENDODONTICS","35","EDTA as an irrigant has all properties except?","relatively non-toxic","Removes smear layer","Dentin softening property","Pulp dissolving property","D","[Source explanation — printed page(s) 24]
\ — tag fee Se
32. wy [Cohen 11 eg 131] TT
' ted beh objectives of root canal procedures ar
er e enlargement, shaping, cleaning, an
ade of all pulpal spaces, along wit!
turation of these spaces with an acceptabl
filling material.

. * At times a root canal or its elaborate, comple
system may go undetected, which results in failur
to achieve the stated objectives.

~ Therefore, the use of a vast array of tools, in particule
magnification and illumination, is essential t
accomplish these objectives on a more predictabl
basis. Initially important aids for determining pul
space morphology, in particular the pulp chambe
and location of root canal orifices, include multip
pretreatment radiographs, CBCTs, examination |
the pulp chamber floor with a sharp explorer, visu

. assessment of color changes in the dentin troughir
of anatomic grooves with ultrasonic tips, stainir
the chamber floor with 1% methylene blue dye, |

a performing a sodium hypochlorite “champagt
bubble” test.

re ° Allowing sodium hypochlorite (NaOCl) to rema
in the pulp chamber may help locate a calcifi

xk root canal orifice. Tiny bubbles may appear in t
solution, indicating the position of the orifice. Th

re is best observed through magnification.

, 33. ‘AN’ [Ingle 5‘ ed 893]

According to AAPD, pulp therapy is a relati

contraindication in children with malignancies. Pt

i therapy in primary teeth is contra-indicated —

7 immunocompromised children (Rodd et al., 2006).
at oe ‘
Contraindications of pulp therapy:
la e Teeth with nonrestorable crowns
9 © Periradicular involvement extending to |
permanent tooth bud
1 on ¢ Pathologic resorption of at least one-third of |
, root with a fistulous sinus tract
fe e Excessive internal resorption
re e Extensive pulp floor opening into the bifurcatior
- e Young patients with systemic illness such
le congenital or rheumatic heart disease, hepatitis
; leukemia and children on long-term corticoste'
re therapy or those who are immunocompromised
4 e Primary teeth with underlying dentigerous
a follicular cysts
c? 34. ‘A’ [Grossman 13th ed 269]
Classification of endodontic instruments
4 e Exploring instruments- Smooth broaches
9 endodontic explores

____ ENDODONTICS  —- W'S
e  Extirpating or debriding instruments: To remove
as pulp, debris or other foreign material- barbed broach
and e Enlarging instruments or shaping instruments-
vith Reamers and files.
able ‘ ‘
e Obturating instruments- Pluggers, spreader and
lentulospirals
plex
lure The GG drill is used to: -
e Remove the lingual shoulder during access
ular preparation of the anterior teeth
| to ¢ Enlarge root canal orifices.
able
pulp 35. ‘D’ [Grossman 13% 302]
nber EDTA, a chelating agent, has been used as an irrigating
tiple solution. This solution removes the inorganic component
i of of the endodontic smear layer. The effects of EDTA have
isual been studied both in vitro and in vivo, and the following
hing conclusions have been reported:
pia e EDTA is effective in softening dentin.
agne ¢ Irrigation with EDTA removes the inorganic part of
the smear layer.
main e The extent of demineralization by EDTA is
“ified proportional to the exposure time.
n the ‘ j
* © 17% EDTA is relatively nontoxic and only slightly
, This es é ‘
irritating in weak solutions. EDTA has no deleterious
effect when used clinically as an irrigating solution
unless inadvertently extruded into the periradicular
lative tissues
Pulp
1 for Chelating agents remove only calcified tissue, whereas
sodium hypochlorite removes organic material. EDTA as
an irrigant employed alone is ineffective and hence is
; recommend to be used as the final irrigant (for removal of
the inorganic part of the smear layer) after using NaOCl
(for removal of the organic part of the smear layer).
the
of the
jon
ch as
tis, or
steroid
d
us OF
; and",""
"Endodontics","13. RECENT PAPERS 2020-21 ENDODONTICS","36","What is the sequence of steps in step back technique?","phase 1....phase 2....phase 3","phase 3....phase 2....phase 1","phase 2....phase 3....phase 1","phase 3....phase 1....phase 2","A","<table border=""1"" cellpadding=""6"" cellspacing=""0"" style=""border-collapse:collapse;width:100%;font-size:13px""><tr style=""background:#e75480;color:#fff;font-weight:bold""><td>Features</td><td>Step-Back</td><td>Step-Down</td><td>Hybrid</td></tr><tr><td>Author</td><td>Clem, Weine</td><td>Goerig</td><td>Recommended by us for use with stainless steel instruments</td></tr><tr><td>Concept</td><td>Involves preparation of the apical third initially followed by middle and coronal third of the canal using larger instrument sizes</td><td>Involves preparation of the coronal two-thirds of the canal first followed by middle and apical third of the canal</td><td>Involves a combination of crown-down and step-back techniques</td></tr><tr><td>Sequence of instrumentation</td><td>Phase I: Apical-third instrumentation<br>Phase II: Middle third<br>Phase III: Coronal third</td><td>Phase I: Coronal-third instrumentation<br>Phase II: Middle third<br>Phase III: Apical third</td><td>Phase I: Coronal-third instrumentation<br>Phase II: Apical third<br>Phase III: Middle third</td></tr></table>","Requires image/diagram: source question or explanation contains a figure/image (printed page 772)."
