"Subject","Chapter","Question No","Question","Option A","Option B","Option C","Option D","Correct Answer","Explanation","Image Reference"
"General Surgery","1. Diseases of Salivary & Thyroid Glands","1","Which is the most common cause of hypothyroidism","Multinodular goiter","Lymphoma of thyroid","Autoimmune thyroiditis","Reidel's thyroiditis","C","'C' [B & L 23rd ed 711 / 24th ed 803]
Non goitrous form of autoimmune thyroiditis is called primary myxoedema and goitrous form is called hashimoto's disease. Presence of high serum titres of antithyroid antibodies is characteristic of autoimmune thyroiditis.",""
"General Surgery","1. Diseases of Salivary & Thyroid Glands","2","The treatment of anaplastic carcinoma of thyroid is","Total thyroidectomy","Palliative radiotherapy","Radioactive","Tracheostomy","B","'B' [B & L 23rd ed 730-1 / 24th ed 801]
Anaplastic carcinoma of thyroid is highly undifferentiated and extremely lethal of all thyroid tumours. Aggressive lesions present with tracheal obstruction and require urgent tracheal decompression. Tracheostomy should be avoided and palliative radiotherapy provide a worth while treatment.",""
"General Surgery","1. Diseases of Salivary & Thyroid Glands","3","The histopathologic feature of medullary carcinoma of thyroid is","Anaplasia","Mitotic figures","Psammoma bodies","Amyloid stroma","D","'D' [B & L 23rd ed 731 / 24th ed 801]
Medullary carcinoma is parafollicular (c) – cell derived neoplasm. Presence of amyloid stroma and high levels of serum calcitonin are characteristic of medullary carcinoma. Treatment is by total thyroidectomy and resection of involved lymph nodes.",""
"General Surgery","1. Diseases of Salivary & Thyroid Glands","4","The most common level of thyroglossal cyst is:","Lingual","Infra-lingual (caecum)","Supra-hyoid","Infra-hyoid","D","'D' [B & L 23rd ed 708 / 24th ed 771,777]
The common situation in order of frequency of thyroglossal cyst are beneath the hyoid, in the region of thyroid cartilage, above the hyoid bone and opposite cricoid cartilage. It is always present in midline except in the region of thyroid cartilage where it is pushed to side.",""
"General Surgery","1. Diseases of Salivary & Thyroid Glands","5","All the following are seen in thyrotoxicosis except","Tremor","Increased temperature","Slow pulse rate","Exophthalmos","C","'C' [B & L 23rd ed 719 / 24th ed 790]
Signs and symptoms of hyperthyroidism:
• Heat intolerance
• Palpitations
• Weight loss inspite of excessive appetite
• Tachycardia
• Exophtholmos
• Lid lag
• Insomina
• Muscle weakness

Signs and symptoms of hypothyroidism:
• Cold intolerance
• Weight gain
• Menstrual disturbance
• Bradycardia (slow pulse rate)
• Mental lethargy
• Carpal tunnel syndrome
• Delayed relaxation phase of ankle jerks.",""
"General Surgery","1. Diseases of Salivary & Thyroid Glands","6","The cyst that moves by protruding the tongue is:","Thyroglossal cyst","Median rhomboid cyst","Ranula","Tracheal cyst","A","'A' [B & L 23rd ed 701 / 24th ed 777]",""
"General Surgery","1. Diseases of Salivary & Thyroid Glands","7","A 45 year old woman has a nodule in the neck which moves during swallowing. The nodule most probably is attached to:","Thyroid","Larynx","Oesophagus","Pharynx","A","'A' [B & L 23rd ed 701 / 24th ed 777]",""
"General Surgery","1. Diseases of Salivary & Thyroid Glands","8","Thyroglossal fistula is:","Lined by squamous epithelium","Causes a bulge in neck","Inflammatory lesion","Precancerous lesion","B","'B' [B & L 23rd ed 709 / 24th ed 778]
Thyroglossal fistula follows infection or inadequate removal of thyroglossal cyst. It is never congenital. It moves upwards on protrusion of tongue and is lined by columnar epithelium.",""
"General Surgery","1. Diseases of Salivary & Thyroid Glands","9","Symptoms of hyperthyroidism include","Intolerance to cold","Decreased appetite","Weight gain","Palpitations.","D","'D' [B & L 23rd ed 719 / 24th ed 790]",""
"General Surgery","1. Diseases of Salivary & Thyroid Glands","10","Symptoms of hypothyroidism:","Intolerance to heat","Diarrhoea","Loss of weight","Menstrual disturbance","D","'D' [B & L 23rd ed 711 / 24th ed 780]",""
"General Surgery","1. Diseases of Salivary & Thyroid Glands","11","FNAC (Fine Needle Aspiration Cytology) can diagnose all the following except","Papillary carcinoma of thyroid","Follicular carcinoma of thyroid","Anaplastic carcinoma of thyroid","Medullary carcinoma of thyroid","B","'B' [B & L 23rd ed 716 / 24th ed 785]
FNAC helps in diagnosis of papillary carcinoma, medullary carcinoma, anaplastic carcinoma, colloid nodules and thyoiditis. It cannot distinguish between a benign follicular adenoma and follicular carcinoma as this distinction depends on histological criteria, which include capsular and vascular invasion.",""
"General Surgery","1. Diseases of Salivary & Thyroid Glands","12","Thyroglossal cyst is most often located:","Near hyoid bone","At the base of tongue","Sub mandibular","Opposite cricoid cartilage","A","'A' [DAS 2nd ed 140]",""
"General Surgery","1. Diseases of Salivary & Thyroid Glands","13","Retrosternal goiter:","Causes stridor","Obtains its blood supply from thoracic vessels.","Characteristically malignant","Must be removed by thoracotomy","A","'A' [B & L 23rd ed 713 / 24th ed 783]
Retro sternal goitre causes dyspnoea, cough, stridor, deviation and compression of trachea. In severe cases it causes engorgement of neck veins and superficial veins on the chest wall and obstruction of the superior vena cava.",""
"General Surgery","1. Diseases of Salivary & Thyroid Glands","14","Hashimoto's disease is:","Agranulomatous thyroiditis","An autoimmune thyroiditis","Fibrous thyroiditis","A viral infection of the thyroid gland","B","'B' [B & L 23rd ed 712 / 24th ed 781]
'Primary Myxoedema' is non-goitrous form of autoimmune thyroiditis while 'Hashimoto's' disease is considered as goitrous form of autoimmune thyroiditis.",""
"General Surgery","1. Diseases of Salivary & Thyroid Glands","15","A patient with increased metabolic rate, hyperthyroidism, goiter and have deposits of calcium in capsule of thyroid, it can be due to:","Follicular Carcinoma of thyroid","Medullary carcinoma of thyroid","De Quervain's thyroiditis","Riedel's thyroiditis","B","'B' [B & L 23rd ed 731 / 24th ed 802]",""
"General Surgery","1. Diseases of Salivary & Thyroid Glands","16","Tachycardia, nervousness, intolerance to heat and exophtholmas are seen in:","Hyperthyroidism","Hypothyroidism","Hyperparathyroidism","Hypoparathyroidism","A","'A' [AIPG -01]",""
"General Surgery","1. Diseases of Salivary & Thyroid Glands","17","Sistrunk's operation is done for:","Thyroglossal cyst","Thyroglossal fistula","Both the above","None of the above","C","'C' [KAR -03, GCET-14]",""
"General Surgery","1. Diseases of Salivary & Thyroid Glands","18","Follicular carcinoma of thyroid is best treated by","Hemi thyroidectomy","Near total thyroidectomy","Sub total thyroidectomy","Radiotherapy alone","B","'B' [KAR -98]",""
"General Surgery","1. Diseases of Salivary & Thyroid Glands","19","Which of the following is true for thyrotoxicosis:","In Grave's disease antibodies are formed to TSH receptors which result in excessive thyroxine secretion","Hashimoto's thyroiditis occurs in young males","In primary hypothyroidism, decreased TSH levels are seen","In Grave's disease no antibodies are formed to TSH receptors which result in decreased thyroxine secretion","A","'A' [AIPG -01]
Graves disease is a diffuse toxic goitre occurring usually in the younger woman and frequently associated with eye signs. The hypertrophy and hyperplasia of the gland is due to abnormal thyroid stimulating antibodies.",""
"General Surgery","1. Diseases of Salivary & Thyroid Glands","20","The origin of thyroglossal duct is","Foramen caecum","Tuberculum impar","Rathke's pouch","Rosenmiller's fossa","A","'A' [TNPSC -99]",""
"General Surgery","1. Diseases of Salivary & Thyroid Glands","21","A cold nodule in thyroid scintiscan mean","Nodule which is cold","Hyperactive nodule","Nodule which is nonfunctioning & malignant","Nodule which has no signs of inflammation","C","'C' [COMEDK -03]",""
"General Surgery","1. Diseases of Salivary & Thyroid Glands","22","The only reason for operating in case of thyroiditis is","To prevent cancerous degeneration","For relief of pain in neck and ear","To overcome pressure on trachea or oesophagus","To cure the toxic reaction","C","'C' [B & L 23rd ed 717 / 24th ed 804]",""
"General Surgery","1. Diseases of Salivary & Thyroid Glands","23","The carcinoma of thyroid associated with Hypocalcemia is:","Papillary cancer","Medullary cancer","Follicular cancer","Anaplastic","B","'B' [B & L 23rd ed 731 / 24th ed 802]
This is due to overproduction of serum calcitonin in medullary carcinoma of thyroid.",""
"General Surgery","1. Diseases of Salivary & Thyroid Glands","24","Toxic adenoma on scanning appear as","Hot nodule","Cold nodule","Warm nodule","Neutral","A","'A' [B & L 23rd ed 715, 719 / 24th ed 779]

| Scan type | Description |
|---|---|
| Hot nodule | Overactive, it takes up isotope while the surrounding gland does not. It actively secretes excess thyroid hormones. |
| Warm | Active, both the swelling and the normal thyroid tissue takes up isotope. |
| Cold | Under active and it does not take up isotope. |",""
"General Surgery","1. Diseases of Salivary & Thyroid Glands","25","Thyroid carcinoma","Is often associated with hypothyroidism","Often produces hyperthyroidism","Is usually euthyroid","Occurs in toxic nodules","C","'C' [B & L 23rd ed 716 / 24th ed 785]",""
"General Surgery","1. Diseases of Salivary & Thyroid Glands","26","All of the following regarding papillary carcinoma thyroid are true except:","Multicentric origin","Secondaries to lymphnodes","Slowly growing","Bony metastasis in early stage","D","'D' [B & L 23rd ed 727, 728 / 24th ed 798]

| Feature | Papillary carcinoma | Follicular carcinoma |
|---|---|---|
| Incidence | Most common | Less common |
| Lymphnode metastasis | Most common | Less common |
| Blood bone metastasis | Less common | Common |
| Mortality rate | Very less | High |",""
"General Surgery","1. Diseases of Salivary & Thyroid Glands","27","Commonest thyroid malignancy is:","Medullary carcinoma","Follicular carcinoma","Anaplastic carcinoma","Papillary carcinoma","D","'D' [B & L 23rd ed 726 / 24th ed 798]",""
"General Surgery","1. Diseases of Salivary & Thyroid Glands","28","Lymphnode metastasis commonest in....... carcinoma thyroid","Follicular","Papillary","Anaplastic","Medullary","B","'B' [B & L 23rd ed 727, 728 / 24th ed 798]",""
"General Surgery","1. Diseases of Salivary & Thyroid Glands","29","Orphan Annie eyed nuclei is the characteristic histologic appearance is seen in","Papillary carcinoma thyroid","Follicular carcinoma thyroid","Medullary carcinoma thyroid","Hashimoto's thyroiditis","A","'A' [B & L 23rd ed 728 / 24th ed 798]
Histologically the papillary carcinoma of thyroid shows papillary projections and characteristic pale empty nuclei (orphan Annie-eyed Nuclei). They are never encapsulated.",""
"General Surgery","1. Diseases of Salivary & Thyroid Glands","30","Therapy of choice for diffuse toxic goiter in a patient over 45 years:","Surgery","Antithyroid drugs","Radio iodine","Antithyroid drugs first followed by surgery","C","'C' [B & L 23rd ed 722 / 24th ed 793]
Radio iodine destroys thyroid cells, and as in thyrotoxicosis reduces the mass of functioning thyroid tissue to a critical level. Option 'A' surgery is recommended for patients below 45 years.",""
"General Surgery","1. Diseases of Salivary & Thyroid Glands","31","Thyroglossal fistula develops due to","Developmental anomaly","Injury","Incomplete removal of thyroglossal cyst","Inflammatory disorder","C","'C' [B & L 23rd ed 709 / 24th ed 778]",""
"General Surgery","1. Diseases of Salivary & Thyroid Glands","32","Most common cause of hypercalcemic crisis is -","Parathyroid adenoma","Parathyroid hyperplasia","Carcinoma breast","Paget's disease","A","'A' [B & L 23rd ed 735 / 24th ed 812]",""
"General Surgery","1. Diseases of Salivary & Thyroid Glands","33","A patient has hypocalcaemia which was the result of a surgical complication. Which operation could it possibly have been.","Nephrectomy","Thyroidectomy","Gastrectomy","Vocal cord tumour biopsy","B","'B' [B & L 23rd ed 736 / 24th ed 808]",""
"General Surgery","1. Diseases of Salivary & Thyroid Glands","34","Hyperparathyroidism is characterized by the following except","Generalised osteoporosis","Renal calculi","Hypercalcemia","Osteosclerosis","D","'D' [B & L 23rd ed 736 / 24th ed 808]
The clinical features of hyperparathyroidism can be described as bones, stones, abdominal groans and psychic moans:

| System | Features |
|---|---|
| Bones | • Decalcification • Cysts and pseudotumors (von recklinghausen's disease) • Vague pain in the bones and joints |
| Stones | • Renal stones |
| Abdominal groans | • Nausea • Anorexia • Peptic ulcer |
| Psychic moans | • Tiredness • Personality changes. |",""
"General Surgery","1. Diseases of Salivary & Thyroid Glands","35","After thyroidectomy, the patient developed stridor within 2 hrs. All are likely cause of stridor except:","Hypocalcemia","Recurrent laryngeal nerve palsy","Larynogomalacia","Wound hematoma","C","'C' [B & L 23rd ed 735 / 24th ed 812]",""
"General Surgery","1. Diseases of Salivary & Thyroid Glands","36","A ranula is a","Type of epulis","Sublingual thyroid","Thyroglossal cyst","Cystic swelling in the floor of the mouth","D","'D' [B & L 23rd ed 736 / 24th ed 808]
Ranula is form of mucocele occurring in the floor of the mouth in association with the duct of sublingual salivary gland. Sometimes the intra oral ranula may herniate through the mylohyoid muscle and appears as a swelling in the upper part of neck. This is called as plunging ranula. The treatment of ranula is excision of sublingual salivary gland.",""
"General Surgery","1. Diseases of Salivary & Thyroid Glands","37","Mickulicz's disease is","An inflammatory disease","Neoplastic disease","An autoimmune disease","Viral infection","C","'C' [KAR -02, AIPG -94]
Mickulicz's disease is an autoimmune disease. Characterised by chronic, bilateral, symmetric enlargement of the salivary and lacrimal glands.",""
"General Surgery","1. Diseases of Salivary & Thyroid Glands","38","A condition of the mouth which increases the caries activity in the oral cavity is","Xerostomia","Fissured tongue","Hairy tongue","Watery saliva","A","'A' [AIIMS -89]",""
"General Surgery","1. Diseases of Salivary & Thyroid Glands","39","Reduction in flow of saliva is not generally seen in","Elderly diabetics","Patient undergoing radiation therapy","Patients suffering from parkinsonism","Patients on phenothiazine drugs.","A","'A' [AIPG -91]",""
"General Surgery","1. Diseases of Salivary & Thyroid Glands","40","Adenoid cystic carcinoma is also known as","Cylindroma","Pindborg tumor","Warthins tumor","Pleomorphic adenoma","A","'A' [AP -2K]
Adenoid cystic carcinoma or Cylindroma is an aggressive malignant salivary gland tumor characterised by spread of tumor cells along perineural spaces or perineural sheaths.",""
"General Surgery","1. Diseases of Salivary & Thyroid Glands","41","Anatomical structure injured in excision of ranula","Lingual vein","Lingual artery","Submandibular duct","Parotid duct","C","'C' [B & L 23rd ed 662 / 24th ed 722]

| Surgical procedure | Anatomical structure injured |
|---|---|
| Excision of Ranula | • Submandibular duct |
| Excision of submandibular gland | • Lingual nerve (most common) • Hypoglossal nerve (PGI-06) • Marginal mandibular branch of facial nerve |
| Parotidectomy | • Facial nerve |
| Excision of brachial cyst | • Hypoglossal nerve • Accessory nerve |",""
"General Surgery","1. Diseases of Salivary & Thyroid Glands","42","Stones are maximum in","Parotid","Submandibular","Pancreas","Sublingual","B","'B' [B & L 23rd ed 655 / 24th ed 723]
Majority of stones occurs in submandibular glands because of the tortuous submandibular duct course and the high viscosity of its secretions.",""
"General Surgery","1. Diseases of Salivary & Thyroid Glands","43","All are seen in sjogren's syndrome, except","Positive antinuclear factor","Decreased immunoglobulins","Raised ESR","Positive rheumatoid factor","B","'B' [B & L 23rd ed 661 / 24th ed 737]",""
"General Surgery","1. Diseases of Salivary & Thyroid Glands","44","Parotid tumour which spreads perineurally is","Mucoepidermoid carcinoma","Epidermoid carcinoma","Carcinoma in pleomorphic adenoma","Adenoid cystic carcinoma","D","'D' [B & L 23rd ed 659 / 24th ed 727]",""
"General Surgery","1. Diseases of Salivary & Thyroid Glands","45","Treatment of submandibular salivary gland duct calculi is:","Excision of submandibular gland","Opening the duct at the frenulum","Opening the duct and removal of calculus","Excision of gland and duct","C","'C' [B & L 23rd ed 656 / 24th ed 723]",""
"General Surgery","1. Diseases of Salivary & Thyroid Glands","46","Sjogren's syndrome is associated with","Rheumatoid arthritis","SLE","Scleroderma","All of the above","D","'D' [B & L 23rd ed 667 / 24th ed 734]",""
"General Surgery","1. Diseases of Salivary & Thyroid Glands","47","The commonest parotid tumour is","Pleomorphic adenoma","Warthins tumour","Adenoid carcinoma","Secondaries","A","'A' [B & L 23rd ed 656 / 24th ed 722]",""
"General Surgery","1. Diseases of Salivary & Thyroid Glands","48","Adenolymphoma refers to","Warthin's tumour","Pleomorphic adenoma","Adeno carcinoma","Adenocystic carcinoma","A","'A' [B & L 23rd ed 659]",""
"General Surgery","1. Diseases of Salivary & Thyroid Glands","49","In submandibular gland surgery, the nerve least likely to be injured is","Inferior alveolar nerve","Lingual nerve","Hypoglossal nerve","Mandibular branch of facial nerve","A","'A' [B & L 23rd ed 665 / 24th ed 732]",""
"General Surgery","1. Diseases of Salivary & Thyroid Glands","50","In a case of parotid swelling the diagnostic procedure of choice:","FNAC","Superficial parotidectomy","Enucleation","Excision biopsy","A","'A' [B & L 23rd ed 596 / 24th ed 720]
Open surgical biopsy of intrinsic neoplasms of the major salivary glands is contraindicated as it causes spillage of tumour cells. FNAC is a safe alternative to open biopsy.",""
"General Surgery","1. Diseases of Salivary & Thyroid Glands","51","What is Ranula:","Retention cyst of sublingual gland","Retention cyst of submandibular gland","Extravasation cyst of sublingual glands","Extravasation cyst of submandibular glands","A","'A' [B & L 23rd ed 596 / 24th ed 720]",""
"General Surgery","1. Diseases of Salivary & Thyroid Glands","52","The parotid duct is known as -","Wharton's duct","Stenson's duct","Duct of santorini","Duct of wirsung","B","'B' [B & L 23rd ed 656 / 24th ed 727]",""
"General Surgery","1. Diseases of Salivary & Thyroid Glands","53","Nerve, which lies in association to Wharton's duct, is -","Hypoglossal","Lingual","Facial","Spinal accessory","B","'B' [B & L 23rd ed 656 / 24th ed 722]",""
"General Surgery","1. Diseases of Salivary & Thyroid Glands","54","During parotid surgery injury to the nerve, which results in Frey's syndrome, is -","Auriculotemporal Nerve","Great auricular Nerve","Mandibular Nerve","Buccal Nerve","A","'A' [B & L 23rd ed 667 / 24th ed 734]",""
"General Surgery","1. Diseases of Salivary & Thyroid Glands","55","The nerve sacrificed in parotid surgery","Auriculotemporal","Facial","Buccal","Cervico facial","B","'B' [B & L 23rd ed 667 / 24th ed 732]",""
"General Surgery","1. Diseases of Salivary & Thyroid Glands","56","In a 3-year old child which of the following the most common cyst located in midline of neck:","Thyroglossal cyst","Bronchial cyst","Lymphangiocelec","Cystic hygroma","A","'A' [PGI-06]",""
"General Surgery","1. Diseases of Salivary & Thyroid Glands","57","Chronic lymphocytic thyroiditis refers to:","Tuberculous thyroiditis","Hashimoto's thyroiditis","Dequervain's thyroiditis","Riedel's thyroiditis","B","'B' [B & L 23rd ed 712]",""
"General Surgery","1. Diseases of Salivary & Thyroid Glands","58","In Hashimoto's disease, serum antibodies are mainly against:","Thyroid follicles","Thyronine","Thyroglobulin","Iodine","C","'C' [Robbins 6th ed 1134]
In Hashimoto's thyroiditis, serum antibodies directed against:
• Thyroglobulin
• Thyroid peroxidase
• TSH receptor
• Iodine transporter",""
"General Surgery","1. Diseases of Salivary & Thyroid Glands","59","Thyroglossal cyst may occasional give rise to... carcinoma:","Papillary","Medullary","Anaplastic","Follicular","A","'A' [B & L 23rd ed 709 / 24th ed 778]",""
"General Surgery","1. Diseases of Salivary & Thyroid Glands","60","The following statements about thyroglossal cyst are true, except:","Frequent cause of anterior midline neck masses in the first decade of life","The cyst is located within 2 cm of the midline","Incision and drainage is the treatment of choice","The swelling moves upwards on protrusion of tongue","C","'C' [AIPG-06]",""
"General Surgery","1. Diseases of Salivary & Thyroid Glands","61","Prophylactic thyroidectomy indicated in","Papillary carcinoma thyroid","Follicular carcinoma thyroid","Medullary carcinoma","Malignant lymphoma","C","'C' [Manipal Manual of Surgery 3rd ed 305]
Medullary carcinoma of thyroid has familial tendency to propagate. Sometimes prophylactic thyroidectomy is done in relatives, if calcitonin levels are observed high in them.",""
"General Surgery","1. Diseases of Salivary & Thyroid Glands","62","A patient has wide eyes, nervousness, raised systolic BP and weight loss. Most probable diagnosis is:","Hypothyroidism","Hyperthyroidism","Hyperparathyroidism","Hypoparathyroidism","B","'B' [B & L 24th ed 790]",""
"General Surgery","1. Diseases of Salivary & Thyroid Glands","63","Thyroglossal fistula is:","Congenital","Acquired","Hereditary","Discharges blood","B","'B' [COMEDK-07]",""
"General Surgery","1. Diseases of Salivary & Thyroid Glands","64","The most common cause of hypoparathyroidism after thyroidectomy is:","Removal","Vascular injury","Hypertrophy","Malignancy","A","'A' [COMEDK-07]",""
"General Surgery","1. Diseases of Salivary & Thyroid Glands","65","The commonest cause of hypocalcemia in a patient with known cancer is:","Ectopic parthormone production","Direct destruction of the bone by tumor cells","High levels of Vit. D","Production of parathormone like substance (P.ThiP)","D","'D' [B & L 23rd ed 736 / 24th ed 808]",""
"General Surgery","1. Diseases of Salivary & Thyroid Glands","66","A patient presents with swelling in the neck following a thyroidectomy. What is the most likely resulting complications?","Resp. obstruction","Recurrent laryngeal nerve palsy","Hypovolemia","Hypocalcemia","A","'A' [PGI-06]",""
"General Surgery","1. Diseases of Salivary & Thyroid Glands","67","In retrosternal goiter, most common presenting feature is:","Dysphagia","Stridor","Dyspnoea","Superior venacaval syndrome","B","'B' [B & L 23rd ed 693 / 24th ed 762]",""
"General Surgery","1. Diseases of Salivary & Thyroid Glands","68","Screening method for medullary carcinoma thyroid is:","Serum calcitonin","Serum Calcium","Serum alkaline phosphatase","Serum Acid phosphatase","A","'A' [KCET-2012]",""
"General Surgery","1. Diseases of Salivary & Thyroid Glands","69","Carcinoma thyroid with blood borne metastasis is:","Follicular","Papillary","Mixed","Anaplastic","A","'A' [B & L 23rd ed 727 / 24th ed 798]",""
"General Surgery","1. Diseases of Salivary & Thyroid Glands","70","Lateral aberrant thyroid refers to:","Congenital thyroid abnormality","Metastatic foci from primary in thyroid","Struma ovarii","Lingual thyroid","B","'B' [B & L 24th ed 779]",""
"General Surgery","1. Diseases of Salivary & Thyroid Glands","71","A patient has pituitary tumor and pheochromocytoma and a thyroid nodule. Which carcinoma is most likely to occur:","Follicular","Medullary","Papillary","Anaplastic","B","'B' [B & L 24th ed 798]
The patient is suffering from MEN syndrome, characterised by familial occurrence of multiple endocrine neoplasms.

| MEN I (WERNER'S SYNDROME) | MEN II |
|---|---|
| Characterised by tumors of: • Parathyroid • Pituitary • Pancreatic islet cells – Zollinger Ellison syndrome (Gastrin) – Insulinoma (Insulin) – Glucagonoma (Glucagon) – Verner Morrison (or) – watery diarrhea syndrome (Pancreatic cholera) | Characterised by: – Medullary carcinoma – Pheochromocytoma IIA – When associated with Hyperthyroidism IIB – when associated with – Mucosal neuromas – Marfanoid habitus |",""
"General Surgery","1. Diseases of Salivary & Thyroid Glands","72","Not a feature of de Quervain's disease:","Autoimmune in etiology","Increased ESR","Tends to regress spontaneously","Painful and associated with enlargement of thyroid.","A","'A' [B & L 23rd ed 712]",""
"General Surgery","1. Diseases of Salivary & Thyroid Glands","73","Treatment of thyroid storm includes all, except:","Proponolol","Radioactive Iodine","Hydrocortisone","Lugols iodine","B","'B' [KCET-08]",""
"General Surgery","1. Diseases of Salivary & Thyroid Glands","74","In case of hypothyroidism, which investigation is most informative and most commonly used?","Serum TSH level","Serum T3, T4 level","Serum calcitonin assay","Serum TRH assay","A","'A' [B & L 23rd ed 714 / 24th ed 783]",""
"General Surgery","1. Diseases of Salivary & Thyroid Glands","75","Patient after thyroid surgery presents with perioral paresthesia, secrum Ca-level is 7mg/dl. What will be the best management?","Oral Vit D2","Oral Vit D3 and Ca","IV calcium gluconate","Oral calcium","D","'D' [B & L 23rd ed 736 / 24th ed 808]",""
"General Surgery","1. Diseases of Salivary & Thyroid Glands","76","Therapy of choice for diffuse toxic goiter in a patient over 45 years is:","Surgery","Antithyroid drugs","Radioiodine","Antithyroid drugs first, followed by surgery","C","'C' [B & L 23rd ed 722 / 24th ed 793]",""
"General Surgery","1. Diseases of Salivary & Thyroid Glands","77","What % of cold thyroid nodules are malignant?","70-80%","50-60%","40-50%","10-20%","D","'D' [B & L 24th ed 779]",""
"General Surgery","1. Diseases of Salivary & Thyroid Glands","78","Absolute indication for surgery in hyperparathyroidism is","Serum calcium < 2.85m mol/lt","Increased bone density","Urinary tract calculi","Patient more than 50 years of age","C","'C' [KCET-08]",""
"General Surgery","1. Diseases of Salivary & Thyroid Glands","79","The commonest thyroid malignancy is","Anaplastic","Follicular","Papillary","Medullary","C","'C' [KCET-08]",""
"General Surgery","1. Diseases of Salivary & Thyroid Glands","80","Treatment of choice for Mixed Parotid Tumor is:","Enucleation","Superficial parotidectomy","Radical parotidectomy","Radiation","B","'B' [COMEDK-08]",""
"General Surgery","1. Diseases of Salivary & Thyroid Glands","81","Which of the following conditions is the most common complication of radioiodine treatment of Grave's disease?","Thyroid storm","Subacute thyroiditis","Thyroid cancer","Hypothyroidism","D","'D' [COMEDK-08]",""
"General Surgery","1. Diseases of Salivary & Thyroid Glands","82","Which one of the following nerves is not encountered during submandibular gland resection?","Lingual nerve","Hypoglossal nerve","Accessory nerve","Marginal mandibular nerve","C","'C' [COMEDK-08]",""
"General Surgery","1. Diseases of Salivary & Thyroid Glands","83","First investigation for solitary thyroid nodule swelling is","Thyroid scan","CT scan","MRI","FNAC","D","'D' [MCET-07, KERALA-2015]",""
"General Surgery","1. Diseases of Salivary & Thyroid Glands","84","A Patient is wide eyed, very nervous with an increased systolic pressure (with widening of the pulse pressure), increased pulse rate, fine skin and hair and loss of body weight. He is probably suffering from?","Hypothyroidism","Hyperthyroidism","Hyperpituitarism","Hyperparathyroidism","B","'B' [AIPG-09]",""
"General Surgery","1. Diseases of Salivary & Thyroid Glands","85","Which is more dangerous after a thyroidectomy resulting in acute respiratory distress","Damage to external laryngeal nerve","Unilateral complete damage to recurrent laryngeal nerve","Unilateral partial damage to recurrent laryngeal nerve","Bilateral partial section of recurrent laryngeal nerve","D","'D' [COMED-2012]",""
"General Surgery","1. Diseases of Salivary & Thyroid Glands","86","Causes for primary hyperparathyroidism","Parathyroid carcinoma","Renal failure","Rickets","Malabsorption","A","'A' [KCET-2012]",""
"General Surgery","1. Diseases of Salivary & Thyroid Glands","87","All of the following are features of Hyperthyroidism except-","Thin person","Decreased Waist : hip ratio","Excessive sleep","Increased Muscular activity","C","'C' [MCET-10]",""
"General Surgery","1. Diseases of Salivary & Thyroid Glands","88","The following are true of primary thyrotoxicosis, EXCEPT","Tremors","Warm extremities","Diarrhea","Intolerance to cold","C","'C' [KCET-10]",""
"General Surgery","1. Diseases of Salivary & Thyroid Glands","89","Which one of the following feature is NOT associated with primary hyperparathyroidism-","Giant cell tumour","Sharply defined radiolucencies of maxilla and mandible","Partial loss of lamina dura","Hypercementosis","A","'A' [KCET-09]",""
"General Surgery","1. Diseases of Salivary & Thyroid Glands","90","Treatment of choice in cold nodule of thyroid","Sub-total thyroidectomy","I-131","Hemithyroidectomy","Excision of nodule","C","'C' [KCET-09]",""
"General Surgery","1. Diseases of Salivary & Thyroid Glands","91","Thyroid carcinoma with pulsating vasular skeletal metastasis is-","Follicular","Anaplastic","Papillary","Medullary","A","'A' [KCET-09]",""
"General Surgery","1. Diseases of Salivary & Thyroid Glands","92","Pleomorphic adenomas arising from the minor salivary glands can be treated with","Local excision with 2mm margin","Local excision with 5mm margin","Radiotherapy","Chemotherapy","B","'B' [KCET-2011]",""
"General Surgery","1. Diseases of Salivary & Thyroid Glands","93","Which of the following statements is true regarding thyroglobulin?","It is a specific marker for anaplastic carcinoma","Elevation after complete therapy suggests recurrence in well-differentiated thyroid malignancies","Preoperative elevation always suggests thyroidal disease","Intra op estimation from thyroid veins is very useful for prognosis","B","'B' [COMEDK-2011]",""
"General Surgery","1. Diseases of Salivary & Thyroid Glands","94","'Thyroid storm' is treated by following except","Aspirin for hyperpyrexia","Propranolol","Dehydration is corrected","Sodium iodide","A","'A' [GCET-14]",""
"General Surgery","1. Diseases of Salivary & Thyroid Glands","95","Cricothyroidotomy is contraindicated in","Age below 5 years","Age between 15-20 yrs","Age between 20-30 yrs","Age between 30-40 yrs","A","'A' [COMED-14]",""
"General Surgery","1. Diseases of Salivary & Thyroid Glands","96","Occult thyroid malignancy with nodal metastases is seen in","Medullary carcinoma","Follicular carcinoma","Papillary carcinoma","Anaplastic carcinoma","C","'C' [KERALA-2015]",""
"General Surgery","1. Diseases of Salivary & Thyroid Glands","97","Plunging ranula is a type of","Retention cyst","Extravasation cyst","Implantation cyst","Malignant tumor","A","'A' [MHCET-15]",""
"General Surgery","1. Diseases of Salivary & Thyroid Glands","98","Subcapsular plexus of lymphatics from the thyroid drains into","Level I","Level III","Level VII","Level VI","B","'B' [KERALA-2015]",""
"General Surgery","1. Diseases of Salivary & Thyroid Glands","99","In emergency, cricothrotomy is done?","Above the cricoids","Below the cricoids","Through the isthmus","Below the thyroid cartilage","B","'B' [AIIMS MAY-2015]",""
"General Surgery","2. Infections","1","Golden period for treatment of open wounds is _____ hours","10","6","12","24","B","'B' [B & L 23rd ed 89 / 24th ed 120]
In the first 4 hours after a breach in an epithelial surface and underlying connective tissues, there is delay in the mobilisation of host defences. This period is called 'decisive period' and during this period bacterial colonisation and established infection can begin. It is logical that prophylactic antibiotics will be most effective during this time.",""
"General Surgery","2. Infections","2","Commonest form of actinomycosis is","Facio cervical","Thoracic","Right iliac fossa","Liver","A","'A' [B & L 23rd ed 110]
Actinomycosis is caused by Actinomyces israelii., an anaerobic, gram positive filamentous organism. Microscopy reveals characteristic sulphur granules in the pus. Penicillin is the drug of choice in treating actinomycosis.",""
"General Surgery","2. Infections","3","Which is not true of carbuncle","Infective gangrene of subcutaneous tissue","Caused by staphylococcus","Diabetics are more prone","Caused by streptococcus","D","'D' [B & L 23rd ed 170 / 24th ed 1325, 1326]

| Infection | Description |
|---|---|
| Boil (Furuncle) | Infection of hair follicle which usually proceeds to suppuration and central necrosis. |
| Carbuncle | Infective gangrene of the subcutaneous tissues, which often occurs in the nape of the neck. There is sloughing of skin and discharge of pus. |
| Stye | Infection of an eyelash follicle |
| Impetigo | Is an intradermal infection. The primary lesion is bulla which soon ruptures to form an erosion and then a crust |",""
"General Surgery","2. Infections","4","Sardonic grin is associated with","Rabies","Tetanus","Bell's palsy","Hemiplegia","B","'B' [B & L 23rd ed 99]
The clinical features of tetanus are:
• Trismus combined with pain and stiffness of neck, abdomen and back.
• Dysphagia
• Anxious expression (risus sardonicus)
• The muscles of neck and trunk become rigid and the back is slightly arched (opisthotonus)
• Respiratory failure",""
"General Surgery","2. Infections","5","Tetanus is caused by","Cl. Tetani","Cl. Welchii","Cl. Edematiens","Cl. Septicum","A","'A' [B & L 23rd ed 99]

| Disease | Organism |
|---|---|
| Tetanus | Clostridium tetani |
| Gas gangrene | Clostridium perfringens (welchii) |
| Pseudomembranous colitis | Clostridium difficile |
| Food poisoning | Clostridium botulinum |",""
"General Surgery","2. Infections","6","Gas gangrene is caused by... principally","Cl. tetani","Cl. welchii","Cl. edematiens","Cl. septicum","B","'B' [B & L 23rd ed 100]
Clinical features of gas gangrene are:
• Foul smelling necrosis of the muscle bundles
• Loss of contractility of the muscle
• The skin becomes dull red, green or black
• Crepitus
• Foaming liver due to gas produced by the organism in liver.",""
"General Surgery","2. Infections","7","Commonest cause of cellulites is","Staphylococcus","Streptococcus","E. coli","Hemophilus","B","'B' [B & L 23rd ed 100]
Cellulitis is caused commonly by B-hemolytic streptococci. They release streptokinase, hyaluronidase and proteases which cause tissue destruction and the spread of infection.

| Organism | Diseases |
|---|---|
| Streptococcus pyogenes (Group A beta-hemolytic) | • Erysipelas • Cellulitis • Necrotising fasciitis • Scarlet fever • Rheumatic fever • Tonsillitis • Glomerulonephritis |
| Streptococcus Viridans (Group A alpha-hemolytic) | • Endocarditis (SABE) • Septicaemia |
| Anaerobic streptococci | • Liver abscess |",""
"General Surgery","2. Infections","8","Foaming liver is seen in","Organophosphorus Poisoning","Actinomycosis","Gas gangrene","Anthrax","C","'C' [B & L 23rd ed 100]",""
"General Surgery","2. Infections","9","Erysipelas is caused by","Staph aureus","Staph albus","Strep pyogenes","Hemophilus","C","'C' [B & L 23rd ed 100]",""
"General Surgery","2. Infections","10","Hyperbaric oxygen is useful in","Tetanus","Gas gangrene","Frostbite","Vincent's angina","B","'B' [B & L 23rd ed 101]",""
"General Surgery","2. Infections","11","Commonest form of anthrax is","Wool sorters disease","Alimentary type","Cutaneous type","None of the above","C","'C' [B & L 23rd ed 110]",""
"General Surgery","2. Infections","12","Malignant pustule occurs in","Melanoma","Cellulitis","Ovarian tumour","Anthrax","D","'D' [B & L 23rd ed 110]",""
"General Surgery","2. Infections","13","Actinomycosis is sensitive to","Streptomycin","Nystatin","Penicillin","Lodox - uridine","C","'C' [B & L 23rd ed 110]",""
"General Surgery","2. Infections","14","Globi is seen in _______ leprosy","Tuberculoid","Lepromatous","Border line","Borderline tuberculoid","B","'B' [B & L 23rd ed 103]",""
"General Surgery","2. Infections","15","Which of the following parts of the body is not affected by leprosy","Testes","Ovary","Nasal mucosa","Axilla","B","'B' [B & L 23rd ed 103]
The unique feature of leprosy is its predilection for the surface of the body and also for the cool part of the surface. Ovary and other deeply placed glands and organs are unaffected.",""
"General Surgery","2. Infections","16","Leonine facies is seen in _________ leprosy","tuberculoid","Borderline","Lepromatous","Borderline tuberculoid","C","'C' [B & L 23rd ed 103]",""
"General Surgery","2. Infections","17","Most commonly affected peripheral nerve in leprosy","Ulnar","Radial","Medial","Lateral Popliteal","A","'A' [B & L 23rd ed 103]",""
"General Surgery","2. Infections","18","Treatment of spreading streptococcal cellulitis is","Erythromycin","Penicillin","Tetracycline","Chloramphenicol","B","'B' [B & L 23rd ed 100]",""
"General Surgery","2. Infections","19","Moon's molars seen with","Syphilis","Leprosy","Amyloidosis","Actinomycosis","A","'A' [B & L 23rd ed 99]",""
"General Surgery","2. Infections","20","Following may be premonitory symptoms of tetanus except","Sleeplessness","Anxious expression","Urinary incontinence","Headache","C","'C' [B & L 23rd ed 99]",""
"General Surgery","2. Infections","21","Following are true of erysipelas except","Streptococcal infection","Contagious and infectious","Margin is distinct","None of the above","B","'B' [B & L 23rd ed 100]",""
"General Surgery","2. Infections","22","The HIV virus can be transmitted by the following routes, except","Homosexual contact","Intact skin","Maternofoetal","Needle prick","B","'B' [B & L 23rd ed 114]",""
"General Surgery","2. Infections","23","Treatment of contaminated wound in Gas Gangrene is","Debridement of wound","Systemic penicillin","Metronidazole Administration","Peroxide dressings","A","'A' [B & L 23rd ed 100, 101]
The basic treatment of contaminated wound in gas gangrene is debridement. Penicillin administration, blood transfusion and hyperbaric oxygen are essential along with debridement.",""
"General Surgery","2. Infections","24","Collar-stud abscess is associated with","M. tuberculosis","M. leprae","C. tetani","None of the above","A","'A' [B & L 23rd ed 101]
The changes occurring in the cervical lymphnodes in tuberculus lymphadenitis are:
• Stage 1 : Lymphnodes remain discrete and tender
• Stage 2 : Matting of the lymphnodes
• Stage 3 : Cold abscess formation

The cold abscess remains deep to the deep cervical fascia and when the deep cervical fascia erodes, pus flows through the small opening into the superficial facia. In this stage the cold abscess can be called as 'collar stud abscess'.",""
"General Surgery","2. Infections","25","Salmonella may cause","Enteric fever","Osteitis","Bacteremia","All of the above","D","'D' [B & L 23rd ed 101]",""
"General Surgery","2. Infections","26","All the following are features of tetanus except:","Vertebral fractures","Survivors recover completely in 4 weeks","Diagnosis is clinical and no microbiological tests are required","Loss of consciousness occurs in moderately advanced case","D","'D' [B & L 23rd ed 99]
The patient never loses consciousness and experiences intense pain.",""
"General Surgery","2. Infections","27","In tetanus infection:","The disease is produced by the endotoxin of bacillus tetani","The toxin travels along the nerves to CNS","A child under the age of one year has an inborn immunity","The spasm does not affect respiration.","B","'B' [DAS 2nd ed 129]",""
"General Surgery","2. Infections","28","Cold abscess is related to","Periapical pathology","Mycobacterium tuberculosis","Streptococcus viridans","None of the above","B","'B' [B & L 23rd ed 101]",""
"General Surgery","2. Infections","29","In bacterial meningitis, CSF has","High protein","High glucose","High lymphocytes","High leukocytes","A","'A' [Harrison 16th ed 2474]",""
"General Surgery","2. Infections","30","After spleenectomy patient becomes more prone to","Gram +ve & anaerobic","Gram -ve & anaerobic","Nonencapsulated","Encapsulated organisms","D","'D' [B & L 25th ed 1110]",""
"General Surgery","2. Infections","31","Saint Antony's Fire is a description given for","Erysipela's","Impetigo","Scarlet fever","Streptococcal tonsillitis","A","'A' [KCET-2012]",""
"General Surgery","2. Infections","32","Following splenectomy in children, which one of the following is recommended?","Hepatitis B vaccination","Typhoid vaccination","Pneumococcal vaccination","Regular follow up","C","'C' [COMED-2012]",""
"General Surgery","2. Infections","33","In Ludwig's angina, the 1st step when patient report to emergency room:","Incision & drainage under local anaesthesia","Tracheostomy under general anaesthesia","Tracheostomy under local anaesthesia","I/V antibiotics and fluids","C","'C' [B & L 23rd ed 103 / 24th ed 773]",""
"General Surgery","2. Infections","34","Which of the following conditions presents with a palpable crepitus?","Anaerobic infections","Streptococcal infections","Surgical emphysema","All of the above","D","'D' [KAR-2013]",""
"General Surgery","2. Infections","35","Pastia's lines in Scarlet are","White lines on the dorsum of the tongue","Seen bilaterally on buccal mucosa","Present in skin folds secondary to capillary fragility","Seen when white and red strawberry tongue occur concomitantly","C","'C' [MCET-14]",""
"General Surgery","2. Infections","36","Which of the following disease is associated with loss of the disc space and vertebral bone?","Multiple myeloma","Tuberculosis","Metastasis","Lymphoma","B","'B' [AIPG-14]",""
"General Surgery","2. Infections","37","Synergistic spreading gangrene is","Caused by clostridia","Caused by a mixed pattern of organisms","Treated by incision and drainage","Treated by antibiotics only","B","'B' [KERALA-2016]",""
"General Surgery","3. Trauma","1","From the scheme given below, choose the appropriate order of priorities in the management of a patient with polytrauma: 1.Control of external haemorrhage 2.Intravenous infusion and transfusion 3.Maintenance of patent airway 4.Relief of a tension pneumothorax. 5.Splinting of fractures.","1,5,2,3,4","3,4,1,2,5","4,1,5,3,2","2,1,5,3,4","B","'B' [B & L 23rd ed 274,276/24th ed 282]
Elements of primary survey are:
• A - Air way management
• B - Breathing and ventilation
• C - Circulation and haemorrhage control
• D - Dysfunction of the central nervous system
• E – Exposure in a controlled environment",""
"General Surgery","3. Trauma","2","The first and the most important measure in the management of severely injured patient is to:","To maintain airway","Start I.V. fluids","Arrest bleeding","Splinting fractures","A","'A' [B & L 23rd ed 274 / 24th ed 282]",""
"General Surgery","3. Trauma","3","Le Forte II facial fracture implies:-","Fracture running through alveolar ridge","Fracture running through midline of the palate and zygomatico maxillary suture","Fracture running through zygomatic process of the maxilla, floor of orbit, root of nose on one side only","Similar to C but on both sides","D","'D' [B & L 23rd ed 601, 602/24th ed 667]
• Lefort I - Guerin fracture
• Lefort II - Pyramidal or subzygomatic fracture
• Lefort III - Craniofacial dysjunction (or) Suprazygomatic fracture",""
"General Surgery","3. Trauma","4","A 20 year old man has hit on the eye with a ball. On examination there is restriction of lateral and upward gaze and diplopia. There is no obvious visible sign of injury to the eye ball, but there is some Enophthalmos, the likely diagnosis is:-","Zygoma fracture","Maxillary fracture","Blow out fracture of the orbit","Injury to lateral rectus","C","'C' [B & L 23rd ed 602 / 24th ed 668]
Characteristics of blow out fracture:
• Rupture of infra orbital plate and herniation of orbital contents in to the maxillary antrum
• Fracture of the orbital floor into the maxillary antrum without the involvement of the orbital rim
• Restriction of lateral and upward movement of eyeball
• Enophthalmos and profound diplopia
• Hanging drop appearance in radiograph",""
"General Surgery","3. Trauma","5","The extent of muscle damage by a bullet depends mainly up on","Size","Density","Velocity","Weight","C","'C' [B & L 23rd ed 282 / 24th ed 293]",""
"General Surgery","3. Trauma","6","Glasgow coma scale does not include","Eye opening","Best verbal response","Blood pressure","Best motor response","C","'C' [B & L 23rd ed 276 / 24th ed 601]",""
"General Surgery","3. Trauma","7","A high rating of 15 on Glasgow coma scale indicates","Patient is stable","Patient is unstable","Patient is conscious","Patient is critical","A","'A' [B & L 23rd ed 276 / 24th ed 601]",""
"General Surgery","3. Trauma","8","A patient with head injury should be carried in which position","Prone","Supine","Lateral","Sitting","C","'C' [B & L 23rd ed 599 / 24th ed 664]
Patients with head injury should be carried in semiprone position and never on their back. This prevents the accumulation of blood and secretions and pulls the tongue forward in semi or unconscious patients.",""
"General Surgery","3. Trauma","9","CPR should have a ratio of chest compression to mouth breathing of","1:4","4:1","2:3","3:2","B","'B' [Check Explanation Below]
Heart rate is 72 and respiratory rate is 16 per minute. So the ratio of chest compression to mouth breathing is 4:1.",""
"General Surgery","3. Trauma","10","Contusion indicates","Tear in skin","Wound due to friction","No break in skin","None of the above","C","'C' [B & L 23rd ed 33 / 24th ed 87,88]
• Laceration – tear in skin
• Abrasion – wound due to friction
• Contusion – Closed blunt injury with visible discolouration",""
"General Surgery","3. Trauma","11","CSF rhinorrhea is from the","Fracture cribriform plate","Fracture petrous temporal bone","Fracture of the posterior wall of the nose","Fracture floor of the floor of the anterior cranial fossa","A","'A' [B & L 23rd ed 600 / 24th ed 667]
CSF rhinorrhoea is the result of a dural tear associated with fracture of the cribriform plate of the ethmoid in Lefort II and III fractures.",""
"General Surgery","3. Trauma","12","Craniofacial dissociation seen in","Lefort-I fracture","Lefort-II fracture","Lefort-III fracture","None of the above","C","'C' [B & L 23rd ed 602 / 24th ed 667]",""
"General Surgery","3. Trauma","13","Nerve injury leading to contusion of the nerve in which continuity of both epineuira sheath and the axons is maintained is known as:","Neurotmesis","Axonotmesis","Neuropraxia","Traumatic neuroma","C","'C' [B & L 24th ed 581]

| Injury Type | Description |
|---|---|
| Neurapraxia | Axons are intact. Spontaneous recovery is complete. |
| Axonotmesis | • Axons divided. • Connective tissue intact. • Wallerian degeneration occurs. • Axons then regenerate slowly. |
| Neurotmesis | Whole nerve severed. Recovery occurs if cut ends are apposed. |",""
"General Surgery","3. Trauma","14","In CPR, chest compressions are done:","On the upper part of sternum","On the xiphisterum","On the middle of the lower part of the sternum","On the left side of the chest","C","'C' [AI-05]",""
"General Surgery","3. Trauma","15","Trauma to the nerve with paresthesia is called:","Neuropraxia","Axonotmesis","Neurotmesis","None","A","'A' [B & L 24th ed 581]",""
"General Surgery","3. Trauma","16","Which of the following statement is true with reference to the Glassgow coma scale:","In the first 24 hr. following a head injury an overall score of 11 indicates a good prognosis","An overall score of less than 9 indicates a poor prognosis","Gives an accurate impression of the neurological status","Cannot be assessed in an unconscious patient","B","'B'",""
"General Surgery","3. Trauma","17","In Glassgow comma scale a patient with V4M4E3 a total score of 15 shows:","A normal patient with full command and normal verbal response and obeys full command","No response with primary stimuli but normal verbal response","A unconscious patient show no reflex to the light and follows verbal command","A unconscious patient shows no verbal response with normal corneal reflex","A","'A' [AIPG-07]
Maximum score in each category indicates best response i.e., 4 + 6 + 5 = 15",""
"General Surgery","3. Trauma","18","Which of the following is the commonest source of extradural haemorrhage?","Middle meningeal artery","Subdural venous sinus","Charcoat's artery","Middle cerebral artery","A","'A' [B & L 24th ed 601]

| Trauma | Artery involved |
|---|---|
| Extradural haemorrhage | Middle miningeal artery |
| Subudural haemorrhage | Communicating veins or cortical bridging veins |
| Intracerebral bleed | Lenticulostriate arteries around basal ganglia |
| Subarachnoid haemorrhage | Rupture of Berry aneurysms |",""
"General Surgery","3. Trauma","19","A person is fully conscious with time, place; Person shows normal speech & responds to verbal commands. In this case, the Glasgow coma scale would be:","3","19","14","15","D","'D' [B & L 24th ed 601]",""
"General Surgery","3. Trauma","20","Algorithm for the stabilization of the severely injured patient:","Treating the hard tissue injuries","Reducing facial bone fractures","Control of haemorrhage","Airway, breathing and circulation","D","'D' [COMEDK-08]",""
"General Surgery","3. Trauma","21","A patient with head injury, Glass Gow coma scale 8, having mid-face fracture, Cyanoses and decreased breathing with frequent apnea and low oxygen management, the method of airway maintenance is?","Oropharyngeal airway","Orotracheal airway","Nasotracheal airway","Cricothyrotomy","D","'D' [AIPG-09]",""
"General Surgery","3. Trauma","22","Wound that does not involve dermis is.","Abrasion","contusion","Laceration","Incision","A","'A' [AIIMS-08]",""
"General Surgery","3. Trauma","23","A patient is in shock with gross comminuted fracture. Immediate treatment is to give","Normal saline intravenously","Ringer's lactate solution intravenously","Blood transfusion","Plasma expanders","B","'B' [KCET-10]",""
"General Surgery","3. Trauma","24","Which is the correct statment regarding facial nerve palsy in temporal bone fractures?","More common with transverse fractures","More common with longitudinal","Facial palsy is of immediate onset","It is always associated with CSF leakage.","A","'A' [AIPG-09]",""
"General Surgery","3. Trauma","25","Sorting a patient of trauma of head injury on basis of need of care and availability of resources","Triage","Emergency care","Definitive care","Hospital care","A","'A' [B & L 25th ed 286]",""
"General Surgery","3. Trauma","26","A vibration perceptile on palpation is","Detritus","Fremitus","Auscultatus","Somnatus","B","'B'",""
"General Surgery","3. Trauma","27","A full thickness wound having length greater than depth caused by a sharp object is described as","Stab wound","Slash wound","Lacerated wound","Incision wound","B","'B'",""
"General Surgery","3. Trauma","28","In Glasgow Coma Scale which of the following is a parameter","Verbal","Eye","Motor","Sensory","D","'D' [B & L 25th ed 308]",""
"General Surgery","3. Trauma","29","In a bus accident which patient is given more priority to shift to the hospital?","Severe haemorrhage with leg fracture","Head injury","Circulation shock","Airway obstruction","A","'A' [Bailey & Love 26th ed 289]",""
"General Surgery","3. Trauma","30","Epidural hematoma is caused by","Middle meningeal artery","Vertebral artery","Anterior cerebral artery","Post cerebellar artery","A","'A' [Bailey & Love 26th ed 315]
Epidural or extradural hematoma (haematoma) is a type of traumatic brain injury (TBI) in which a buildup of blood occurs between the dura mater and the skull. It is typically caused by injury to middle meningeal artery.",""
"General Surgery","4. Cleft Lip and Palate","1","Cleft lip is operated at what age","1 month","6 months","10 weeks","1 year","C","'C' [B & L 23rd ed 589 / 24th ed 648]
Cleft lip repair is commonly performed between 3-6 months of age. Cleft lip is repaired according to the rule of tens i.e., when the baby is 10 lbs, 10 weeks old and has haemoglobin more than 10gm%.",""
"General Surgery","4. Cleft Lip and Palate","2","Cleft palate should be repaired","After 5 years of age","Before 1 year","1 and a half to 2 years","Any time","B","'B' [B & L 23rd ed 589 / 24th ed 648]
Soft palate cleft repair should be done in 6 months and hard palate cleft repair should be done in 15-18 months.",""
"General Surgery","4. Cleft Lip and Palate","3","The ideal time of repair of cleft of hard palate is","At birth","Between 3-6 months of age","Between 12-15 months of age","After 2 years of age","C","'C' [B & L 23rd ed 590 / 24th ed 649]",""
"General Surgery","4. Cleft Lip and Palate","4","The ideal time of repair of cleft lip is:","At birth","Between 3-6 months of age","At 1-1 and a half years of age","At 1 and a half to 2 years of age","B","'B' [B & L 23rd ed 590 / 24th ed 649]",""
"General Surgery","4. Cleft Lip and Palate","5","Which of the following shows lowest frequency of cleft lip and palate?","Negroes","Afghanese","American Indian","Indian","A","'A' [Bhalaji 3rd ed 439]
The negroid race has the least incidence (1 in 2000 births); while the mongoloids have the highest incidence.",""
"General Surgery","4. Cleft Lip and Palate","6","Pierre Robbin syndrome is:","Cleft palate with syndactly","Cleft palate with mand. hypoplasia and respiratory obstruction","Cleft lip with mandibular hypoplasia","Cleft lip","B","'B' [B & L 23rd ed 593]
Pierre Robin's Syndrome is characterized by hypoplasia of mandible, cleft palate and glossoptosis.",""
"General Surgery","4. Cleft Lip and Palate","7","Hynes pharyngoplasty is used to improve a child's","Appearance","Teething","Speech","Feeding","C","'C' [B & L 23rd ed 592 / 24th ed 657]

| Secondary Management | Age |
|---|---|
| Hearing, Prophylactic myringotomy, Regular audiological testing | 6-12 months |
| Speech, Velopharyngeal surgery, Pharyngoplasty, Speech and language therapy | 18 months |
| Orthodontic management, Expansion of maxillary arch | 8-10 years |
| Rhinoplasty | 16+ years |",""
"General Surgery","4. Cleft Lip and Palate","8","Rhinoplasty is usually done at the age (year) of_____ until the nose is fully grown.","6 years","12 years","16 years","25 years","C","'C' [AIIMS-40]",""
"General Surgery","4. Cleft Lip and Palate","9","Unilateral clefts are most common on","Left side","Right side","Median","None of the above","A","'A' [B & L 23rd ed 586 / 24th ed 645]",""
"General Surgery","4. Cleft Lip and Palate","10","Commonest type of cleft lip is","Bilateral","Midline","Combined with cleft palate","Unilateral","D","'D' [B & L 23rd ed 586 / 24th ed 645]",""
"General Surgery","4. Cleft Lip and Palate","11","Speech problems in cleft palate patients are due to","Lisping of tongue","Inability of soft palate to stop air to go nasopharynx","Inability of learning process","All of the above","D","'D' [AIIMS-54]",""
"General Surgery","4. Cleft Lip and Palate","12","Which of the following features is not seen with cleft palate?","Supernumerary tooth at site of cleft","High palatal vault","Bilateral maxillary constriction","Missing lateral incisor.","D","'D' [AIIMS-54]",""
"General Surgery","4. Cleft Lip and Palate","13","Cleft lip is due to non-union of","Maxillary process with MNP","MNP - LNP","MNP - MNP","All of the above","A","'A' [AIIMS-54]
Cleft lip occurs due to failure of fusion of the maxillary process with the medial nasal process.",""
"General Surgery","4. Cleft Lip and Palate","14","A child who suffered from bilateral cleft lip and palate is brought to your clinic. Immediate treatment should be:","Posterior and anterior cross bite correction","Expansion of mand. arch which will cause maxilla to stretch","Speech therapy","Patient counseling and orthognathic surgery","B","'B' [AIIMS-54]",""
"General Surgery","4. Cleft Lip and Palate","15","A prosthetic appliance given to cover the palatal defect in patients with cleft palate is called","Artificial velum","Obturator","Removable prosthetic appliance","None of the above","B","'B' [AIIMS-54]
Obturator is an intra-oral prosthetic device that fills the palatal cleft and provides a false roofing.",""
"General Surgery","4. Cleft Lip and Palate","16","Surgery on the hard palate of a 3 years old child patient may inhibit growth, causing the facial profile to become:","Straight","Elongated","Shortened","More concave","D","'D' [AIPG -03, AIIMS -40]
Due to inhibition of the growth of the maxilla, the facial profile becomes concave.",""
"General Surgery","4. Cleft Lip and Palate","17","The repair of cleft palate is primarily done for:","Correction of speech","Correction of esthetics","Induce growth of maxilla","Induce growth of mandible","A","'A' [PGI-40]",""
"General Surgery","4. Cleft Lip and Palate","18","Symbolic stripped 'Y' classification for cleft lip and palate was given by","Veou","Kernahan","Jackson","Edward H. Angle","B","'B' [Neelima Malik 2nd ed 549]","Requires image: Kernahan Y-strip diagram"
"General Surgery","4. Cleft Lip and Palate","19","If pre-surgical movement of maxillary segments is indicated in a cleft infant, it is done beginning at:","3 to 6 weeks age","10 to 12 weeks of age","3 to 6 months of age","10 to 12 months of age","A","'A' [COMEDK-07]",""
"General Surgery","4. Cleft Lip and Palate","20","The oral cleft problem occurs between the period of:","1st and 2nd week of embryo-fetal life","6th and 10th week of embryo-fetal life","3rd week of fetal life","None of the above","B","'B' [KCET-07]",""
"General Surgery","4. Cleft Lip and Palate","21","Most common occurrence of cleft lip:","Unilateral right","Unilateral left","Bilateral","Medial","B","'B' [PGI-06]",""
"General Surgery","4. Cleft Lip and Palate","22","In cleft lip operation, all the stitches are removed on:","2nd day","4th day","10th day","14th day","B","'B' [S. Das Surgery 3rd ed 597]
Stitches are removed on 5th post-operative day.",""
"General Surgery","4. Cleft Lip and Palate","23","Patient having cleft lip and palate. The difficulty in speech is due to:","Incomplete lip seal","Space between teeth","Space between nasal floor and mouth inability to maintain air seal","None of the above","C","'C' [NEET-2013]",""
"General Surgery","4. Cleft Lip and Palate","24","Cleft lip is treated by all of the following methods except:","Von-Langenback","Millard's method","Tannison rindal method","Le-mesurier","A","'A' [AIIMS-2012]",""
"General Surgery","4. Cleft Lip and Palate","25","Primary bone graft in cleft palate patient?","6 month - 1 year","< 2 year","2-4 year","4-5 year","C","'C' [PGI JUNE-13]",""
"General Surgery","4. Cleft Lip and Palate","26","Cleft in facial region;","Non fusion of ectodermal process","Absence or deficiency of mesodermal mass or other failure to penetrate ectodermal grooves","Covering of mesoderm on both sides by ectodermal process","Failure of endodermal structures to fuse in midline","B","'B' [AIIMS MAY-14]",""
"General Surgery","4. Cleft Lip and Palate","27","According to Veau's classification of cleft lip and palate, isolated cleft palate falls under?","Group I","Group II","Group III","Group IV","B","'B' [PGI DEC-2011]",""
"General Surgery","4. Cleft Lip and Palate","28","Inheritance of cleft lip and palate is","Monogenic","Polygenic","Multifactorial","Sex linked","C","'C' [AIIMS NOV-14]",""
"General Surgery","5. Swellings, Ulcers and Tumors of Head and Neck","1","Cystic hygroma is","A form of hydrocele","A branchial cleft cyst","Salivary gland enlargement","Lymphangioma","D","'D' [B & L 23rd ed 700 / 24th ed 771]
Cystic hygroma is the cavernous lymphangioma (lymphangiectasia), which manifests in the neck of neonates or occasionally present at birth.",""
"General Surgery","5. Swellings, Ulcers and Tumors of Head and Neck","2","Dermoid cyst is a form of","Cystic hamartoma","Cystic teratoma","Choriostoma","Hamartoma","B","'B' [B & L 23rd ed 149]
Four types of dermoids: Teratomatous, Sequestration, Implantation and Tubulo dermoid.",""
"General Surgery","5. Swellings, Ulcers and Tumors of Head and Neck","3","Which of the following statements about a basal cell carcinoma of the skin is TRUE?","It is also called a marjolin's ulcer.","It metastases to the regional lymph nodes","It is radiosensitive","None of the above statements is true","C","'C' [B & L 23rd ed 181 / 24th ed 632]
Basal cell carcinoma (Rodent ulcer) grows slowly, invades deeper structures and rarely metastasises. It is highly radiosensitive.",""
"General Surgery","5. Swellings, Ulcers and Tumors of Head and Neck","4","In staging of Hodgkin's lymphoma, bilateral involvement of lymph nodes on either side of diaphragm is","State-I","State-II","Stage-III","Stage-IV","B","'B' [B & L 23rd ed 175]

| Stage | Description |
|---|---|
| Stage I | Involvement of single lymphnode region |
| Stage II | Involvement of two or more lymphnode region on the same side of the diaphragm. |
| Stage III | Involvement of lymphnode regions on both sides of the diaphragm |
| Stage IV | Multiple or disseminated foci of involvement |",""
"General Surgery","5. Swellings, Ulcers and Tumors of Head and Neck","5","A soft, cystic, fluctuant swelling in a child's neck which is brilliantly translucent is most likely","Sternomastoid tumour","Cystic hygroma","Branchial cyst","Cold abscess","B","'B' [B & L 23rd ed 700 / 24th ed 771]",""
"General Surgery","5. Swellings, Ulcers and Tumors of Head and Neck","6","Potato tumor is a tumor of","Carotid body","Sternocleidomastoid muscle","Carotid sinus","None of the above","A","'A' [S. Das 2nd ed 149]",""
"General Surgery","5. Swellings, Ulcers and Tumors of Head and Neck","7","All are true regarding sebaceous cyst except","Is classified as an epidermoid cyst.","Only occurs on the face and scalp.","Can, if ulcerated, becomes a sebaceous horn","Characteristically displays a punctum","B","'B' [B & L 23rd ed 173 / 24th ed 415]",""
"General Surgery","5. Swellings, Ulcers and Tumors of Head and Neck","8","All the following are congenital cysts except","External angular dermoid cyst","Sebaceous cyst","Branchial cyst","Thyroglossal cyst","B","'B' [B & L 23rd ed 156 / 24th ed 207]",""
"General Surgery","5. Swellings, Ulcers and Tumors of Head and Neck","9","Ranula is a condition which can occur in:","Pre auricular area","Medial angle of orbit","Nasolabial angle","Floor of the mouth","D","'D' [B & L 23rd ed 657]",""
"General Surgery","5. Swellings, Ulcers and Tumors of Head and Neck","10","Basal cell carcinomas:","Usually metastasize to regional lymph nodes","Common on the face and neck","Common in females","Radio resistant","B","'B' [B & L 23rd ed 180,181/24th ed 632]",""
"General Surgery","5. Swellings, Ulcers and Tumors of Head and Neck","11","In a middle aged female swelling that presents in the midline of neck is most likely originating from:","Larynx","Trachea","Thyroid","Hyoid","C","'C' [AIIMS -2K]",""
"General Surgery","5. Swellings, Ulcers and Tumors of Head and Neck","12","'Pott's puffy' tumour is:","A malignant tumour","An extradural abscess","A tumour or pituitary gland","An adrenal gland tumour","B","'B' [AIIMS -02]",""
"General Surgery","5. Swellings, Ulcers and Tumors of Head and Neck","13","Cock's peculiar tumour is","Infected squamous cell carcinoma","Infected basal cell carcinoma","Infected, ulcerated Sebaceous cyst","Infected ulcerated dermoid cyst","C","'C' [KAR -03]",""
"General Surgery","5. Swellings, Ulcers and Tumors of Head and Neck","14","What is sternocleidomastoid tumor?","Hematoma of sternocleidomastoid muscle","Malignancy of sternocleidomastoid muscle","Lymphnodes related to the muscle","Benign tumor of the said muscle","D","'D' [KAR -2K]",""
"General Surgery","5. Swellings, Ulcers and Tumors of Head and Neck","15","The type of ultraviolet radiation (UV) that is known to induce skin cancer is","UV - A","UV - B","UV - C","UV - D","B","'B' [COMED-2012]",""
"General Surgery","5. Swellings, Ulcers and Tumors of Head and Neck","16","Midline swelling is seen in all except:","Blind brachial cyst","Thyroglossal cyst","Submental lymphadenopathy","Substernal cyst","A","'A' [AIPG -98]",""
"General Surgery","5. Swellings, Ulcers and Tumors of Head and Neck","17","All are true about cystic hygroma except","Pulsatile","May cause respiratory obstruction","Common in neck","Present at birth","A","'A' [B & L 23rd ed 700 / 24th ed 771]",""
"General Surgery","5. Swellings, Ulcers and Tumors of Head and Neck","18","Earliest tumour to appear after birth is","Sternomastoid tumour","Cystic hygroma","Branchial cyst","Lymphoma","A","'A' [B & L 23rd ed 708]",""
"General Surgery","5. Swellings, Ulcers and Tumors of Head and Neck","19","Treatment of cystic hygroma is","Surgical excision","Injection of sclerosants","Irradiation","Masterly inactivity","A","'A' [B & L 23rd ed 700 / 24th ed 771]",""
"General Surgery","5. Swellings, Ulcers and Tumors of Head and Neck","20","Commonest site of branchial cyst","Lower 1/3 of sternomastoid on anterior border","Lower 1/3 of sternomastoid on posterior border","Upper 1/3 of sternomastoid on anterior border","Upper 1/3 of sternomastoid on posterior border","C","'C' [B & L 23rd ed 699 / 24th ed 770]",""
"General Surgery","5. Swellings, Ulcers and Tumors of Head and Neck","21","The most common site of the internal opening of a branchial fistula is at the","Lateral nasopharyngeal wall","Fossa of rosemuller","Gingivo - labial sulcus","Tonsilar fossa","D","'D' [B & L 25th ed 596]",""
"General Surgery","5. Swellings, Ulcers and Tumors of Head and Neck","22","Sebaceous cyst does not occur in the","Scalp","Scrotum","Back","Sole","D","'D' [B & L 23rd ed 173]",""
"General Surgery","5. Swellings, Ulcers and Tumors of Head and Neck","23","The term universal tumour refers to","Adenoma","Papilloma","Fibroma","Lipoma","D","'D' [B & L 23rd ed 151]",""
"General Surgery","5. Swellings, Ulcers and Tumors of Head and Neck","24","Cause of persistence of a sinus or fistulae includes","Foreign body","Non dependent drainage","Unrelieved Obstruction","All of the above","D","'D' [B & L 23rd ed 179]",""
"General Surgery","5. Swellings, Ulcers and Tumors of Head and Neck","25","Premalignant conditions of the skin include","Bowen disease","Pagets disease of nipple","Leukoplakia","All of the above","D","'D' [B & L 23rd ed 148]",""
"General Surgery","5. Swellings, Ulcers and Tumors of Head and Neck","26","Marjolin's ulcer is","Squamous cell carcinoma from scar","Adenoma of scar","Tuberculous ulcer","Amoebic ulcer","A","'A' [B & L 23rd ed 159]
Marjolin ulcer occurs in long standing scar, especially in burns scar. It is locally malignant because of absence of lymphatics in scar tissue. It is painless because of absence of nerves.",""
"General Surgery","5. Swellings, Ulcers and Tumors of Head and Neck","27","Painless ulcer of the tongue is due to","Dyspepsia","Syphilis","Tuberculosis","None of the above","B","'B' [B & L 23rd ed 159]",""
"General Surgery","5. Swellings, Ulcers and Tumors of Head and Neck","28","Undermined ulcer is present in","Syphilis","TB","Basal cell carcinoma","Hodgkin's lymphoma","B","'B' [B & L 23rd ed 159 / 24th ed 208]",""
"General Surgery","5. Swellings, Ulcers and Tumors of Head and Neck","29","Shotty lymphnodes are seen in","Syphilis","TB","Epithelioma","Hodgkin's lymphoma","A","'A' [B & L 23rd ed 159]

| Disease | Lymphnodes |
|---|---|
| Syphilis | Firm, discrete and shotty |
| TB | Matted |
| Hodgkin's lymphoma | Elastic and rubbery |
| Carcinoma | Hard and fixed |",""
"General Surgery","5. Swellings, Ulcers and Tumors of Head and Neck","30","In modified radical neck dissection, structure not preserved is","Sternocleidomastoid","Internal jugular vein","Accessory nerve","Submandibular gland","C","'C' [B & L 23rd ed 706 / 24th ed 775]",""
"General Surgery","5. Swellings, Ulcers and Tumors of Head and Neck","31","Squamous cell carcinoma can arise from","Long standing venous ulcers","Chronic lupus vulgaris","Rodent ulcer","All of the above","A","'A' [B & L 23rd ed 181]",""
"General Surgery","5. Swellings, Ulcers and Tumors of Head and Neck","32","Not a carcinogen for cancer of Head & Neck","Alcohol","Smoking","Tobacco","Unflourinated water","D","'D' [B & L 23rd ed 637 / 24th ed 704]",""
"General Surgery","5. Swellings, Ulcers and Tumors of Head and Neck","33","Commonest premalignant condition of oral cancer","Leukoplakia","Apthous ulcer","Syphilitic ulcer","Erythroplakia","A","'A' [B & L 23rd ed 637 / 24th ed 704]
Premalignant lesions and conditions for oral cancer are:
• Leukoplakia
• Erythroplakia
• Chronic hyperplastic candidiasis
• Oral submucous fibrosis
• Syphilitic glossitis
• Sideropenic dysphagia
• Oral lichen planus
• Discoid lupus erythematosus",""
"General Surgery","5. Swellings, Ulcers and Tumors of Head and Neck","34","Treatment of choice for carcinoma of lip of less than 1 cm is","Radiation","Chemotherapy","Excision","Radiation and chemotherapy","C","'C' [B & L 23rd ed 644 / 24th ed 712]",""
"General Surgery","5. Swellings, Ulcers and Tumors of Head and Neck","35","Predisposing factors for development of oral carcinoma is","Smoking","Alcohol","Syphilis","All of the above","D","'D' [B & L 23rd ed 637 / 24th ed 704]",""
"General Surgery","5. Swellings, Ulcers and Tumors of Head and Neck","36","Keratoacanthoma is","A type of basal cell carcinoma","Infected sebaceous cyst","Self healing nodular lesion with central ulceration","Pre-malignant disease","C","'C' [B & L 23rd ed 182]",""
"General Surgery","5. Swellings, Ulcers and Tumors of Head and Neck","37","Prognosis of malignant melanoma depends on","Grade of tumor","Spread of tumor","Depth of invasion","Metastasis","C","'C' [B & L 23rd ed 183]",""
"General Surgery","5. Swellings, Ulcers and Tumors of Head and Neck","38","Which is not true of Carcinoma tongue","Lateral border is involved","Cervical lymph node involvement","Commonly adenocarcinoma","Tobacco chewing is a risk factor","C","'C' [B & L 23rd ed 640 / 24th ed 712]",""
"General Surgery","5. Swellings, Ulcers and Tumors of Head and Neck","39","Carcinoma tongue less than 2 cm is treated by","Excision","Radiotherapy","Chemotherapy","Excision and Radiotherapy","A","'A' [B & L 23rd ed 640 / 24th ed 712]",""
"General Surgery","5. Swellings, Ulcers and Tumors of Head and Neck","40","Most severe form of malignant melanoma is","Superficially spreading","Nodular infiltrating type","Those arising in lower limb","Those in choroid","B","'B' [B & L 23rd ed 183 / 24th ed 715]
Five types of melanoma are:
• Lentigo malignant: least malignant
• Superficial spreading
• Nodular: Most malignant
• Acral – lentigenous
• Amelanotic",""
"General Surgery","5. Swellings, Ulcers and Tumors of Head and Neck","41","Margins of squamous cell carcinoma is","Inverted","Everted","Rolled","Undermined","B","'B' [B & L 23rd ed 181 / 24th ed 632]",""
"General Surgery","5. Swellings, Ulcers and Tumors of Head and Neck","42","Commonest site of carcinoma tongue","Apical","Lateral borders","Dorsum","Posterior 1/3","B","'B' [B & L 23rd ed 640 / 24th ed 712]",""
"General Surgery","5. Swellings, Ulcers and Tumors of Head and Neck","43","Which of the following structures is not removed in radical neck dissection:","Sternocleidomastoid muscle","Internal jugular vein","Spinal accessory nerve","Phrenic nerve","D","'D' [KAR-99]",""
"General Surgery","5. Swellings, Ulcers and Tumors of Head and Neck","44","Functional neck dissection is done usually by preserving","Sternocleidomastoid muscle and spinal accessory nerve","Sternocleidomastoid muscle jugular vein and spinal accessory nerve","Spinal accessory nerve alone","Sternocleidomastoid muscle alone","B","'B' [KAR-99]",""
"General Surgery","5. Swellings, Ulcers and Tumors of Head and Neck","45","Block dissection of lymph nodes along with hemiglossectomy is called","Radical Neck dissection","Commando operation","Brachy therapy","Teletherapy","B","'B' [B & L 23rd ed 69]",""
"General Surgery","5. Swellings, Ulcers and Tumors of Head and Neck","46","A 4 cm lesion on the tongue with palpable lymphnodes bilaterally and distant metastasis is","State-I","Stage-II","Stage-III","Stage-IV","D","'D' [B & L 23rd ed 645 / 24th ed 713]",""
"General Surgery","5. Swellings, Ulcers and Tumors of Head and Neck","47","Carcinomatous ulcer is diagnosed by","Everted and indurated borders","Everted punched out borders","Inverted undermined borders","None of the above","A","'A' [B & L 23rd ed 159 / 24th ed 208]",""
"General Surgery","5. Swellings, Ulcers and Tumors of Head and Neck","48","Glomangioma arises from","Neuroglial cells","Nerve cells","Cutaneous glomus","None of the above","C","'C' [B & L 23rd ed 153]",""
"General Surgery","5. Swellings, Ulcers and Tumors of Head and Neck","49","Loss of differentiation of tumour cells is called","Metaplasia","Dysplasia","Anaplasia","Hyperplasia","C","'C' [B & L 23rd ed 148]",""
"General Surgery","5. Swellings, Ulcers and Tumors of Head and Neck","50","The muscle which is resected in classical neck dissection is:","Sternohyoid","Sternothyroid","Sterno mastoid","Sternocricoid","C","'C' [PGI-06]",""
"General Surgery","5. Swellings, Ulcers and Tumors of Head and Neck","51","A malignant tumour of childhood, that metastazied to bone most often, is:","Wilm's tumour","Neuroblastoma","Adrenal gland tumour","Granuloma cell tumour of ovary","B","'B' [AIPG-06]",""
"General Surgery","5. Swellings, Ulcers and Tumors of Head and Neck","52","Punched out edge is characteristic of which type of ulcer:","Tuberculosis","Rodent ulcer","Syphillitic","Non specific","C","'C' [KAR-04]",""
"General Surgery","5. Swellings, Ulcers and Tumors of Head and Neck","53","The term 'pulse granuloma' suggests reaction towards the fragments of foreign material like:","Cotton fibres","Black silk","Silver amalgam","Legumes","C","'C' [COMEDK-07]",""
"General Surgery","5. Swellings, Ulcers and Tumors of Head and Neck","54","A patient having tumor of maxillary sinus manifests with excessive rolling tears from his eyes, likely due to obstruction of:","Nasolacrimal duct","Conjunctival sac","Lacrimal gland","None of the above","A","'A' [B & L 23rd ed 658 / 24th ed 732]",""
"General Surgery","5. Swellings, Ulcers and Tumors of Head and Neck","55","The treatment of choice for Nasopharyngeal carcinoma is:","Chemotherapy alone","Radiotherapy alone","Radiotherapy & surgery","Surgery alone","B","'B' [COMEDK-07]",""
"General Surgery","5. Swellings, Ulcers and Tumors of Head and Neck","56","Schwann cells are derived from:","Neural crest cells","Endoderm","Mesoderm","Ectoderm","A","'A' [KCET-07]",""
"General Surgery","5. Swellings, Ulcers and Tumors of Head and Neck","57","Malignant ulcer is differentiated from benign by","Heaping up of margins","Fibrous scars radiating from crater","Induration of base","clean base","C","'C' [COMEDK-2011, 14]",""
"General Surgery","5. Swellings, Ulcers and Tumors of Head and Neck","58","The benign neoplasm of 'brown fat' noted in oral/ pharyngeal region is:","Lipoma","Hibernoma","Teratoma","Brown tumor","B","'B' [COMEDK-07]",""
"General Surgery","5. Swellings, Ulcers and Tumors of Head and Neck","59","Following ONE is not true of carcinoma of lip:","Most common on vermilion border of lower lip","A 90% cure rate is possible with surgery or radiotherapy","Initially tumor spreads laterally rather than infiltrating deeply","Upto one third of the lip cannot be removed","D","'D' [KCET-07]",""
"General Surgery","5. Swellings, Ulcers and Tumors of Head and Neck","60","Marjolin's ulcer is:","Squamous cell carcinoma from scar","Trophic ulcer","Tuberculous ulcer","Rodent ulcer","A","'A' [COMED-07]",""
"General Surgery","5. Swellings, Ulcers and Tumors of Head and Neck","61","The common site of glomangioma is","Head & neck","Chest wall","Nail bed","Retroperitoneal","C","'C' [KCET-07]",""
"General Surgery","5. Swellings, Ulcers and Tumors of Head and Neck","62","Bedsore is an example of:","Tropical ulcer","Trophic ulcer","Venous ulcer","Post thrombotic ulcer","B","'B' [AIIMS-06]",""
"General Surgery","5. Swellings, Ulcers and Tumors of Head and Neck","63","Not compressible swelling is:","Meningocele","Lymphangioma","Mucocele","Cystic hygroma","A","'A' [MCET-07]",""
"General Surgery","5. Swellings, Ulcers and Tumors of Head and Neck","64","Squamous cell carcinoma","Spreads through lymphatics","Radioresistant","Metastasize through blood stream","Surgical excision contraindicated","A","'A' [KCET-08]",""
"General Surgery","5. Swellings, Ulcers and Tumors of Head and Neck","65","Chronic burrowing ulcer is caused by?","Microaerophilic streptococci","Peptostreptococcus","Streptococcus viridans","Streptococcus pyogenes","A","'A' [AIPG-09]",""
"General Surgery","5. Swellings, Ulcers and Tumors of Head and Neck","66","Quinsy is","Peritonsillar abscess","Infratemporal space infection","Para Pharyngeal space infection","Lateral pharyngeal space infection","A","'A' [MCET-10]",""
"General Surgery","5. Swellings, Ulcers and Tumors of Head and Neck","67","The most common clinical pattern of basal cell carcinoma is","Nodular","Morphea form","Superficial","Keratotic","A","'A' [COMEDK-10]",""
"General Surgery","5. Swellings, Ulcers and Tumors of Head and Neck","68","Malignancies that frequently metastasize to the jaws are","Lung","Prostate","Colorectal","All of the above","D","'D' [KAR-2013]",""
"General Surgery","5. Swellings, Ulcers and Tumors of Head and Neck","69","Which of the following is NOT a feature of keloids?","Never gets worse after 6 months","Severe itching is present","Margins are tender","None of the above","A","'A' [KAR-2013]",""
"General Surgery","5. Swellings, Ulcers and Tumors of Head and Neck","70","Tumour antigen S-100 is present in","Chorio carcinoma","Breast cancer","Neural tumours","Testicular tumours","C","'C' [GCET-14]",""
"General Surgery","5. Swellings, Ulcers and Tumors of Head and Neck","71","The following wound is not untidy","Incised untidy wound","Crushed wound","Avulsed wound","Lacerated wound","A","'A' [MCET-14]
Tidy wounds are inflicted by sharp instruments. Incised wound is an example of tidy wound.",""
"General Surgery","5. Swellings, Ulcers and Tumors of Head and Neck","72","Empyma is a term given for","Collection of pus in the tissue spaces","Collection of blood in the tissue spaces","Collection of air in the tissue spaces","Collection of serous fluid in the tissue spaces","A","'A' [GCET-14]
Empyma is a condition in which pus and fluid from infected tissue collects in a body cavity. Usually, empyema refers to pus inside pleural cavity, or pleural space.",""
"General Surgery","5. Swellings, Ulcers and Tumors of Head and Neck","73","Grade 1 axillary lymph node","Medial to Pectoralis Major","Lateral to Pectoralis Major","Medial to Pectoralis Minor","Lateral to Pectoralis Minor","B","'B' [AIPG-2015]
Level I (low-axilla): lymph nodes lateral to the lateral border of pectoralis minor muscle.",""
"General Surgery","6. Diseases of Larynx and Pharynx","1","Which of the following conditions may necessitate emergency tracheostomy to prevent suffocation","Cellulitis","Ludwig's angina","Cavernous sinus thrombosis","Maxillary sinusitis","B","'B' [B & L 23rd ed 703 / 24th ed 773]
Ludwigs angina is a severe form of cellulites involving the submandibular, sublingual and submental spaces. Tracheostomy is necessary in cases of oedema of the glottis.",""
"General Surgery","6. Diseases of Larynx and Pharynx","2","A chronic smoker with history of hoarseness was found on examination to have keratosis of the larynx. All of the following are possible treatment modalities except:","Laser vaporizer","Stop smoking","Stripping of the vocal cord","Partial laryngectomy","B","'B' [AIPG -02]",""
"General Surgery","6. Diseases of Larynx and Pharynx","3","Laryngeal oedema – a life-threatening situation is seen in association with:","Cavernous sinus thrombosis","Infection of pharyngeal tonsils","Ludwig's angina","Cellulitis","C","'C' [B & L 23rd ed 703 / 24th ed 773]",""
"General Surgery","6. Diseases of Larynx and Pharynx","4","In tracheostomy, the entry into the trachea is through:","Cricoid cartilage","First tracheal ring","Second and third tracheal rings","Fourth and fifth tracheal ring","C","'C' [KAR -01]
Entry through 1st ring results in tracheal stenosis and entry through 5th – 7th rings is very difficult.",""
"General Surgery","6. Diseases of Larynx and Pharynx","5","Tracheostomy will:","Increase dead air space","Increase respiratory resistance","Decrease respiratory work","Cause obstruction in respiration","C","'C' [AIIMS -95]
All forms of tracheostomy and cricothyroidotomy have the following advantages:
• Reduces the anatomical dead space by 50%
• Work of breathing is reduced
• Alveolar ventilation is increased",""
"General Surgery","6. Diseases of Larynx and Pharynx","6","The treatment of choice for stage-I cancer larynx is:","Radical surgery","Chemotherapy","Radiotherapy","Surgery followed by radiotherapy","C","'C' [AIIMS -03]",""
"General Surgery","6. Diseases of Larynx and Pharynx","7","Which of the following is not a complication of tracheostomy:","Surgical emphysema","Pneumothorax","Carotid artery injury","Subglottic stenosis","C","'C' [AIPG -01]",""
"General Surgery","6. Diseases of Larynx and Pharynx","8","In performing an elective tracheostomy the trachea should be entered","Below the cricoid","Above the cricoid","Through the cricothyroid membrane","Laterally below the thyroid cartilage","A","'A' [APPSC -99]",""
"General Surgery","6. Diseases of Larynx and Pharynx","9","If an emergency tracheostomy is to be performed the incision should be:","Vertical","Horizontal","Oblique","Paramedian","A","'A' [B & L 23rd ed 690 / 24th ed 760]
A vertical incision is preferred as it is inconspicuous and heals well.",""
"General Surgery","6. Diseases of Larynx and Pharynx","10","The virus associated with nasopharyngeal carcinoma is","Epstein Bar","Cytomegalo virus","Hepatitis","Herpes virus","A","'A' [B & L 23rd ed 679 / 24th ed 749]",""
"General Surgery","6. Diseases of Larynx and Pharynx","11","Commonest manifestation of carcinoma of nasopharynx","Nasal blockage","Epistaxis","Squint","Secondaries in neck","D","'D' [B & L 23rd ed 679 / 24th ed 749]",""
"General Surgery","6. Diseases of Larynx and Pharynx","12","Paucity of pus is seen in","Quinsy","Ludwig angina","Carbuncle","Mellaroys disease","B","'B' [MAN -02]",""
"General Surgery","6. Diseases of Larynx and Pharynx","13","The least significant finding in the palpation of neck nodes is","The size","The degree of firmness","Tenderness","Fixation to the underlying tissues","A","'A' [KAR-01]",""
"General Surgery","6. Diseases of Larynx and Pharynx","14","The following statement about Plummer Vinson syndrome is false","It is due to prolonged iron deficiency anaemia","It occurs mostly in middle aged women","It is manifested as dysphagia and carcinoma of hypopharynx","None of the above","D","'D' [B & L 23rd ed 685 / 24th ed 755]",""
"General Surgery","6. Diseases of Larynx and Pharynx","15","Peritonsillar abscess is called as","Quinsy","Follicular tonsillitis","Chronic tonsillitis","None of the above","A","'A' [B & L 23rd ed 680 / 24th ed 750]",""
"General Surgery","6. Diseases of Larynx and Pharynx","16","The examiner stands behind a patient and keeps his head upright and tilted to one side. He is palpating","Submandibular gland","Spasmodic masseter muscle","TMJ","Deep and superficial cervical lymph nodes","D","'D'",""
"General Surgery","6. Diseases of Larynx and Pharynx","17","The complication after tonsillectomy is","Haemorrhage","Otaigia","Infection","All of the above","D","'D' [B & L 23rd ed 682 / 24th ed 752]",""
"General Surgery","6. Diseases of Larynx and Pharynx","18","Tracheostomy is indicated in","Head injury with unconsciousness","Foreign body obstruction","Major surgery involving the oral cavity","All of the above","D","'D' [B & L 23rd ed 689 / 24th ed 759]",""
"General Surgery","6. Diseases of Larynx and Pharynx","19","Cervical rib syndrome commonly produces","Dysphagia","Neurological manifestation","Respiratory symptoms","Vascular manifestation","B","'B' and 'D' [B & L 23rd ed 702]",""
"General Surgery","6. Diseases of Larynx and Pharynx","20","Early postoperative complications of tracheostomy are all except:","Apnoea","Haemorrhage","Pneumomediastinum","Tracheal stenosis","D","'D' [KAR-04]",""
"General Surgery","6. Diseases of Larynx and Pharynx","21","Most common and earliest manifestation of carcinoma glottis is:","Hoarseness","Hemoptysis","Cercial lympnhodes","Stridor","A","'A' [AIPG-05]",""
"General Surgery","6. Diseases of Larynx and Pharynx","22","Secondaries in the neck with no obvious primary malignancy is most often due to:","Ca. stomach","Ca. Larynx","Ca. Nasopharynx","Ca. Thyroid","C","'C' [B & L 23rd ed 305]",""
"General Surgery","6. Diseases of Larynx and Pharynx","23","Trottler's triad is seen in:","Angiofibroma","Nasopharyngeal carcinoma","Laryngeal carcinoma","Growth in fossa of Rosenmuller","B","'B' [B & L 23rd ed 305]
Trotter's triad:
1) Conductive deafness (Eustachian tube blockade)
2) Ipsilateral temporoparietal neuralgia (Cranial Nerve V)
3) Palatal paralysis (Cranial Nerve X)",""
"General Surgery","6. Diseases of Larynx and Pharynx","24","Standard Airway for Ludwig's Angina is:","Tracheotomy","Cricothyrotomy","Nasal intubation","Oral intubation","B","'B' [MCET-07]",""
"General Surgery","6. Diseases of Larynx and Pharynx","25","A young boy with history of severe sore throat and fever had these clinical findings on oral examination. The cause of the above problem could be due to","Quinsy","Tonsillitis","Oral thrush","Severe glossitis","A","'A' [APPG -2015]","Requires image: Oral photograph of peritonsillar abscess"
"General Surgery","6. Diseases of Larynx and Pharynx","26","Bjork flap in tracheostomy is","Superiorly based","Inferiorly based","Laterally based","Free flap","B","'B' [MH PG CET 2016]",""
"General Surgery","6. Diseases of Larynx and Pharynx","27","Common complication after tracheal intubation is","Sore throat","Glottic edema","Haemorrhage","Laryngospasm","A","'A'",""
"General Surgery","7. Transfusion, Shock, Burns and Wound Healing","1","Incompatible blood transfusion leads to all except","Increased plasma bilirubin","Increased plasma prothrombin","Jaundice","Renal failure","B","'B' [B & L 23rd ed 50 / 24th ed 84]",""
"General Surgery","7. Transfusion, Shock, Burns and Wound Healing","2","Lactated Ringer's solution (Hartmann's solution) contains all of the following electrolytes EXCEPT","Bicarbonate","Chloride","Potassium","Sodium","A","'A' [B & L 23rd ed 52 / 24th ed 62]",""
"General Surgery","7. Transfusion, Shock, Burns and Wound Healing","3","The best method of controlling bleeding is to","Apply a tourniquet","Apply direct pressure to the injury","Compress pressure points between the injury and the heart","Bandage the area","B","'B' [MAN -01]",""
"General Surgery","7. Transfusion, Shock, Burns and Wound Healing","4","Secondary haemorrhage appears in:","7-14 days","Within 6 hours","Due to Slipping of ligature","Bleeding disorders","A","'A' [B & L 23rd ed 46 / 24th ed 60]
Primary haemorrhage occurs at the time of injury or operation.
Reactionary haemorrhage occurs within 24 hours and is due to slippage of a ligature or dislodgement of a clot.
Secondary haemorrhage occurs after 7-15 days due to infection and sloughing of part of the wall of an artery.",""
"General Surgery","7. Transfusion, Shock, Burns and Wound Healing","5","Clotting capacity of blood after storage","Improves","Not altered if kept at 4°C","Not altered if used within 3 days","Diminishes","D","'D' [B & L 23rd ed 48 / 24th ed 68]",""
"General Surgery","7. Transfusion, Shock, Burns and Wound Healing","6","The sodium excretion shut down following trauma remains for","6 hours","24 hours","36 hours","48 hours","D","'D' [B & L 23rd ed 41 / 24th ed 56]",""
"General Surgery","7. Transfusion, Shock, Burns and Wound Healing","7","A patient of burns should be given","5% dextrose","Hypertonic saline 0.9%","Dextrose saline","Human albumin 4.5%","D","'D' [AIPG -03]",""
"General Surgery","7. Transfusion, Shock, Burns and Wound Healing","8","SAG-M blood is useful in","Anaemia","Haemophilia A","Burns","DIC","A","'A' [B & L 23rd ed 49 / 24th ed 63]",""
"General Surgery","7. Transfusion, Shock, Burns and Wound Healing","9","Following infection can be transmitted by blood transfusion:","HIV","Hepatitis B","Malaria","All of the above","D","'D' [B & L 23rd ed 50 / 24th ed 65]",""
"General Surgery","7. Transfusion, Shock, Burns and Wound Healing","10","Hemorrhage occurring due to raised blood pressure is","Reactionary","Secondary","Both of the above","None of the above","A","'A' [B & L 23rd ed 46 / 24th ed 60]",""
"General Surgery","7. Transfusion, Shock, Burns and Wound Healing","11","Reactionary haemorrhage occurs","Within 24 hours of surgery","After 48 hours of surgery","After 72 hours of surgery","After 7-14 days of surgery","A","'A' [B & L 23rd ed 46 / 24th ed 60]",""
"General Surgery","7. Transfusion, Shock, Burns and Wound Healing","12","Surgery should be carried out in a haemophilic patient if the factor VIII concentration is raised to","2 - 20%","20 - 40%","50 - 100%","100%","C","'C' [B & L 23rd ed 51 / 24th ed 65]",""
"General Surgery","7. Transfusion, Shock, Burns and Wound Healing","13","Which of the following statements is true","Elderly patients sustaining trauma should be given packed RBC","One unit of blood raises Hb% concentration by 1 gm%","Massive blood transfusion leads to hyperkalemia","All of the above","D","'D' [B & L 23rd ed 48 / 24th ed 62]",""
"General Surgery","7. Transfusion, Shock, Burns and Wound Healing","14","Following trauma or surgery which of the following fluids should be avoided","5% dextrose","Isotonic saline","Ringers lactate","Blood","A","'A' [B & L 23rd ed 48 / 24th ed 62]",""
"General Surgery","7. Transfusion, Shock, Burns and Wound Healing","15","Which of the following statements is incorrectly matched","Thrombocytopenia - platelet rich plasma","Haemophilia - Cryoprecipitate","Burns - Packed red cells","DIC - fibrinogen","C","'C' [B & L 23rd ed 53 / 24th ed 67]

| Replacement | Given in |
|---|---|
| Platelet rich plasma | Thrombocytopenia |
| Cryoprecipitate | Haemophilia |
| Packed red cells | Anaemia, elders and small children |
| Human albumin 4.5% | Burns |
| Fibrinogen | DIC |",""
"General Surgery","7. Transfusion, Shock, Burns and Wound Healing","16","Massive blood transfusions may be complicated by:","Hypokalemia","Hypercalcemia","Leucopenia","Coagulopathy","D","'D' [B & L 23rd ed 53 / 24th ed 67]",""
"General Surgery","7. Transfusion, Shock, Burns and Wound Healing","17","Hypovolemic shock is seen when fluid loss is:","10 - 20%","20 - 45%","50 - 70%","70 - 80%","B","'B' [B & L 23rd ed 53 / 24th ed 67]",""
"General Surgery","7. Transfusion, Shock, Burns and Wound Healing","18","Patient with severe acidosis is treated with","i.v. NaHCo3","Ringers lactate","Dextrose","None of the above","A","'A' [AIIMS -95]",""
"General Surgery","7. Transfusion, Shock, Burns and Wound Healing","19","Common reaction to blood transfusion may include all except:","Fever","Hypocalcemia","Hemolysis","Urticaria","B","'B' [KAR -01]",""
"General Surgery","7. Transfusion, Shock, Burns and Wound Healing","20","Stored plasma is deficient in","Factors 7 and 8","Factors 2 and 5","Factors 5 and 8","Factors 7 and 9","A","'A' [KAR -01]",""
"General Surgery","7. Transfusion, Shock, Burns and Wound Healing","21","Shock is a circulatory disturbance characterized by:","Increased blood","Elevated body temperature","Increased atmospheric pressure","Decreased volume of circulating blood","D","'D' [AIPG -03]",""
"General Surgery","7. Transfusion, Shock, Burns and Wound Healing","22","The best dressing for open wounds is","Skin","Amnion","Opsite","Tulle grass","B","'B' [AIPG -99]",""
"General Surgery","7. Transfusion, Shock, Burns and Wound Healing","23","Which of the following is common to all types of shock?","Vasoconstriction","Hypotension","Sepsis","Bradycardia","B","'B' [AIIMS -92]",""
"General Surgery","7. Transfusion, Shock, Burns and Wound Healing","24","An accurate method of measuring fluid replacement following acute blood loss is to check the:","Hematocrit","Hemoglobin","Blood pressure","Central venous pressure","D","'D' [KAR -97]",""
"General Surgery","7. Transfusion, Shock, Burns and Wound Healing","25","Tachycardia in a patient in shock is response to:","Hypotension","Vasoconstriction","CNS anoxia","Anxiety","A","'A'",""
"General Surgery","7. Transfusion, Shock, Burns and Wound Healing","26","C.V.P. (Central Venous Pressure) and pulmonary wedge pressure give an accurate assessment of all the following except","Tissue perfusion","Volume depletion","Volume overload","Myocardial function","A","'A' [AIIMS -92]",""
"General Surgery","7. Transfusion, Shock, Burns and Wound Healing","27","Features of hypovolemic shock are all except","Oliguria","Bradycardia","Low B,P","Acidosis","B","'B'",""
"General Surgery","7. Transfusion, Shock, Burns and Wound Healing","28","Neurogenic shock occurs due to blockage of","Peripheral nervous system","Parasympathetic nervous system","Sympathetic nervous system","Cerebral tracts","C","'C' [B & L 23rd ed 45 / 24th ed 59,60]
Neurogenic shock is caused by traumatic or pharmacological blockade of the sympathetic nervous system producing dilatation of resistance arterioles and capacitance veins leading to relative Hypovolemia and hypotension.",""
"General Surgery","7. Transfusion, Shock, Burns and Wound Healing","29","Sustained diarrhoea can lead to","Metabolic acidosis","Metabolic alkalosis","Respiratory alkalosis","Respiratory acidosis","A","'A'",""
"General Surgery","7. Transfusion, Shock, Burns and Wound Healing","30","If rupture marks are to be avoided, skin sutures should be removed by","72 hours","1 Week","2 Weeks","3 Weeks","B","'B' [B & L 23rd ed 29 / 24th ed 34]",""
"General Surgery","7. Transfusion, Shock, Burns and Wound Healing","31","What is true about keloid","It appears immediately after surgery","It appears a few days after surgery","It is limited in its distribution","It is common in old people","B","'B' [B & L 23rd ed 31]
Keloids are extreme overgrowth of scar tissue that grows beyond the limits of the original wound and does not show tendency to resolve.",""
"General Surgery","7. Transfusion, Shock, Burns and Wound Healing","32","Keloid is best treated by","Intrakeloidal injection of triamcinolone","Wide excision and grafting","Wide excision and suturing","Deep X-ray therapy","A","'A' [AIPG -03]",""
"General Surgery","7. Transfusion, Shock, Burns and Wound Healing","33","A patient with grossly contaminated wound presents 12 hours after an accident. His wound should be managed by","Through cleaning and primary repair","Thorough cleaning with debridement of all dead and devitalized tissue without primary closure","Primary closure over a drain","Covering the defect with split skin graft after cleaning","B","'B' [B & L 23rd ed 29]",""
"General Surgery","7. Transfusion, Shock, Burns and Wound Healing","34","The best scars are seen in _______","Infants","Children","Adults","Very old people","B","'B' [B & L 23rd ed 37 / 24th ed 92]
Ideal Scar is achieved in:
• Primary healing • Minimised tension • Old Person • Clean incised, edges, no tissue loss • Fine lax skin",""
"General Surgery","7. Transfusion, Shock, Burns and Wound Healing","35","Patient has lacerated untidy wound of the leg and attended the casualty after 2 hours. His wound should be","Sutured immediately","Debrided and sutured immediately","Debrided and sutured secondarily","Cleaned and dressed","B","'B' [B & L 23rd ed 31 / 24th ed 1]",""
"General Surgery","7. Transfusion, Shock, Burns and Wound Healing","36","Management of an open wound seen 12 hours after the injury","Suturing","Debridement and suture","Secondary suturing","Heal by granulation","B","'B' [B & L 23rd ed 31]",""
"General Surgery","7. Transfusion, Shock, Burns and Wound Healing","37","Degloving injury is","Surgeon made wound","Lacerated wound","Blunt injury","Avulsion injury","D","'D' [B & L 23rd ed 34 / 24th ed 89]",""
"General Surgery","7. Transfusion, Shock, Burns and Wound Healing","38","Delayed primary suturing can be done","Immediately","1 -5 days after surgery","c) > 5 days after surgery","Whenever required","B","'B' [Check Explanation Below]
Types of wound suturing:
• Primary suturing means suturing the wound immediately within 6 hrs.
• Delayed primary suturing means suturing the wound in 2-10 days.
• Secondary suturing means suturing the wound in 10-14 days or later.",""
"General Surgery","7. Transfusion, Shock, Burns and Wound Healing","39","Delayed primary closure is performed to:","Increase wound strength","Prevent wound infection","Hasten wound healing","To avoid pain of suture","B","'B' [B & L 23rd ed 29]",""
"General Surgery","7. Transfusion, Shock, Burns and Wound Healing","40","The cold water treatment of burns has the disadvantages that it increase the chances of","Pain","Exudation","Infection","None of the above","C","'C' [B & L 23rd ed 193 / 24th ed 268]",""
"General Surgery","7. Transfusion, Shock, Burns and Wound Healing","41","The 'rule of nines' may be used to estimate the total body surface area burnt in adults.","9%","18%","36%","45%","B","'B' [B & L 23rd ed 189 / 24th ed 269]
The 'rule of nines':
• Head - 9%
• Right upper limb - 9%
• Left upper limb - 9%
• Right lower limb - 18%
• Left lower limb - 18%
• Anterior trunk - 18%
• Posterior trunk - 18%
• Genitalia - 1%",""
"General Surgery","7. Transfusion, Shock, Burns and Wound Healing","42","The effects of burn injury are:","Cell necrosis only","Hypovolemia only","Multiple organ failure","All local and systemic effects","D","'D' [B & L 23rd ed 191]",""
"General Surgery","7. Transfusion, Shock, Burns and Wound Healing","43","One of following is not seen in severe burns","Hypovolemia","Sepsis","Duodenal ulcer","Hyperthermia","D","'D' [B & L 23rd ed 192 / 24th ed 270]",""
"General Surgery","7. Transfusion, Shock, Burns and Wound Healing","44","The initial colonization of a burn is by which microorganisms","Proteus","Pseudomonas","Staphylococcus","E. coli","C","'C' [B & L 23rd ed 192 / 24th ed 270]",""
"General Surgery","7. Transfusion, Shock, Burns and Wound Healing","45","Deep skin burns is treated with","Split thickness graft","Full thickness graft","Amniotic membrane","Synthetic skin derivatives","B","'B' [B & L 23rd ed 195 / 24th ed 270]",""
"General Surgery","7. Transfusion, Shock, Burns and Wound Healing","46","An Isograft indicates transfer of tissues between:","Related donors","Monozygotic twins","Parts of same individual","Unrelated donors","B","'B' [B & L 23rd ed 126 / 24th ed 184]

| Graft type | Description |
|---|---|
| Allograft / Homograft | Graft transferred from one individual to another of the same species |
| Heterograft | Graft taken from different species |
| ISO/Synergistic Graft | Transplant between identical twins |
| Autogenous Graft | Graft from the same individual |",""
"General Surgery","7. Transfusion, Shock, Burns and Wound Healing","47","A graft that has been derived from another species of a different genetic disposition is also known as a:","Allograft","Isograft","Homograft","Heterograft","D","'D' [KAR -2K]",""
"General Surgery","7. Transfusion, Shock, Burns and Wound Healing","48","Commonest complication of immunosuppression is","Malignancy","Graft rejection","Infection","thrombocytopenia","C","'C' [B & L 23rd ed 126 / 24th ed 184]",""
"General Surgery","7. Transfusion, Shock, Burns and Wound Healing","49","Highest chance of success in renal transplant is seen when the donor is the","Identical twin","Father","Mother","Sister","A","'A' [B & L 23rd ed 131 / 24th ed 190]",""
"General Surgery","7. Transfusion, Shock, Burns and Wound Healing","50","Following drugs are known immunosuppressive agent except:","Prednisolone","Cephalosporin","Azathioprine","Cyclosporin -A","B","'B' [B & L 23rd ed 131 / 24th ed 190]",""
"General Surgery","7. Transfusion, Shock, Burns and Wound Healing","51","Transplantation of kidney from mother to son is an example of","Autograft","Allograft","Isograft","Xenograft","B","'B' [B & L 23rd ed 126 / 24th ed 184]",""
"General Surgery","7. Transfusion, Shock, Burns and Wound Healing","52","Scalds are due to","Chemicals","Dry heat","Moist heat","Electric burns","C","'C' [B & L 23rd ed 189 / 24th ed 270]",""
"General Surgery","7. Transfusion, Shock, Burns and Wound Healing","53","'Rule of nines' in burns may be used to estimate","Body weight","Dehydration","Body surface area","All of the above","C","'C' [B & L 23rd ed 189 / 24th ed 270]",""
"General Surgery","7. Transfusion, Shock, Burns and Wound Healing","54","Local effects of burns may include","Increased capillary permeability","Infection","Inflammation","All of the above","D","'D' [B & L 23rd ed 192 / 24th ed 270]",""
"General Surgery","7. Transfusion, Shock, Burns and Wound Healing","55","Systemic effects from burning may include","Fluid loss","Multiple organ failure","Infection","All of the above","D","'D' [B & L 23rd ed 192 / 24th ed 270]",""
"General Surgery","7. Transfusion, Shock, Burns and Wound Healing","56","Which of the following hormones have greatest effect on granulation tissue in wound healing","ADH","Oestrogen","Cortisol","Parathormone","B","'B' [MAN -98]",""
"General Surgery","7. Transfusion, Shock, Burns and Wound Healing","57","Scar tissue is called","Granulation tissue","Keloid","Callus","All of the above","A","'A' [AIPG -93]",""
"General Surgery","7. Transfusion, Shock, Burns and Wound Healing","58","Wolf's graft is","Partial thickness graft","Micro vascular free graft","Full thickness graft","Mucocutaneous flap","C","'C' [MAN -98]
• Thiersch graft - split thickness graft
• Wolf graft - full thickness graft",""
"General Surgery","7. Transfusion, Shock, Burns and Wound Healing","59","Wound contraction can be most effectively minimized by:","Split skin graft","Full thickness grafting","Allowing secondary granulation","Dressing with placenta","B","'B' [KAR-02]",""
"General Surgery","7. Transfusion, Shock, Burns and Wound Healing","60","In an open injury during toileting and debridement, muscle viability is detected by:","Colour of the muscle","Muscle size","Muscle function","Muscle function","D","'D' [S.Das 4th ed 60]
Muscle viability is detected by 4 'C':
• Colour - dead muscle has dark unhealthy colour
• Contractility - dead muscles does not twitch
• Consistency - dead muscles has lost in turgor and mushy in consistency
• Capillary bleeding - dead muscle does not bleed at cut ends.",""
"General Surgery","7. Transfusion, Shock, Burns and Wound Healing","61","Treatment of dehydrated child patient is:","0.9% normal saline","5% dextrose","10% dextrose","50% dextrose","B","'B' [AIIPG-06]",""
"General Surgery","7. Transfusion, Shock, Burns and Wound Healing","62","In the blood bank, platelets are stored at","18°C for 1 year","20 to 24°C for 35 days","20 to 24°C for 3 to 5 days","2 to 4°C for 35 days","B","'B' [COMED-2012]",""
"General Surgery","7. Transfusion, Shock, Burns and Wound Healing","63","The most lethal of complications due to blood transfusion is:","Jaundice","Antigen antibody reaction","Hep. B transmission","HIV transmission","D","'D' [B & L 23rd ed 53 / 24th ed 67]",""
"General Surgery","7. Transfusion, Shock, Burns and Wound Healing","64","Keloid scars:","Usually occur in the Caucasian race","Often occur in wounds which have healed perfectly without complications","Surgical treatment as a single modality has the least recurrence","Radiation should not be administered as it is a non-malignant condition","B","'B' [B & L 24th ed 93]
Usually occur in Afro-Caribbean and Oriental racial groups.

| Feature | Hypertrophic scar | Keloid scar |
|---|---|---|
| Genetic | Not familial | Familial |
| Race | Not race related | Black > White |
| Sex | Female = Male | F > M |
| Age | Children | 10 - 30 years |
| Borders | Remain within wound | Outgrows wound area |
| Site | Flexor surfaces | Sternum, shoulder, face |",""
"General Surgery","7. Transfusion, Shock, Burns and Wound Healing","65","The following is the first sign that appeared in shock:","Hypotension","Tachycardia","Hypertension","Syncope","B","'B' [AIPG-07, APPG-15]",""
"General Surgery","7. Transfusion, Shock, Burns and Wound Healing","66","A patient is suffering from dehydration secondary to diarrhea. Which of the following Intravenous agent is used in this case?","10% glucose solution","Distilled water","0.9% saline","5% glucose solution","C","'C' [AIIMS-06]",""
"General Surgery","7. Transfusion, Shock, Burns and Wound Healing","67","3rd degree burns, all are except","Vesicles are absent","Painful","Leathery skin","Charred & black","B","'B' [COMEDK-07]
Full thickness or 3rd degree burns:
• Whole of the dermis destroyed
• Charred and black
• Completely anaesthetised - No pain and bleeding",""
"General Surgery","7. Transfusion, Shock, Burns and Wound Healing","68","If during blood transfusion reaction develops in form of incompatibility, the first thing to be done is","Stop the transfusion","Inj Hydrocortisone to be given","Inj Chlorpheneramine maleate to be given","Inj Frusemide to be given","A","'A' [KCET-2011]",""
"General Surgery","7. Transfusion, Shock, Burns and Wound Healing","69","Rule of 9 to estimate surface area of burnt patient was introduced by:","Mortiz Kaposi","Alexander & Wallace","Lister","Barclag","B","'B' [COMEDK-07]",""
"General Surgery","7. Transfusion, Shock, Burns and Wound Healing","70","Ideal temperature of water to cool the burnt surface is:","15°","10°","8°","6°","B","'B' [COMEDK-07]",""
"General Surgery","7. Transfusion, Shock, Burns and Wound Healing","71","Which of the following is the best parameter to assess fluid intake in a poly-trauma patient?","Urine output","BP","Pulse","Pulse oximetry","A","'A' [MCET-14]",""
"General Surgery","7. Transfusion, Shock, Burns and Wound Healing","72","Blood clot of the size of a clenched fist is roughly equal to:","250ml","350ml","500ml","600ml","C","'C' [MCET-14]",""
"General Surgery","7. Transfusion, Shock, Burns and Wound Healing","73","According to the 'rule of nine' in burns, what is the percentage of burns if both the upper limbs and lower limbs are involved?","24%","6%","54%","72%","C","'C' [KCET-2011]",""
"General Surgery","7. Transfusion, Shock, Burns and Wound Healing","74","Massive transfusion in previous healthy adult male can cause haemorrhage due to:","Increased EPA","Dilutional thrombocytopenia","Vit K deficiency","Decreased fibrinogen","B","'B' [B & L 24th ed 64]",""
"General Surgery","7. Transfusion, Shock, Burns and Wound Healing","75","Best vein for total parental nutrition is:","Subclavian vein","Femoral vein","Branchall","Saphenous","A","'A' [B & L 24th ed 81, 87]",""
"General Surgery","7. Transfusion, Shock, Burns and Wound Healing","76","Haemaccel contains:","Albumin","Degraded gelatin","Calcium","Sodium","B","'B' [B & L 24th ed 66]",""
"General Surgery","7. Transfusion, Shock, Burns and Wound Healing","77","Fibroblast in healing wound derived from:","Local mesenchyne","Epithelium","Endothelium","Vascular fibrosis","A","'A' [B & L 23rd ed 126 / 24th ed 184]",""
"General Surgery","7. Transfusion, Shock, Burns and Wound Healing","78","Limb salvage primarily depends on:","Vascular injury","Skin cover","Bone injury","Nerve injury","A","'A' [B & L 24th ed 268]",""
"General Surgery","7. Transfusion, Shock, Burns and Wound Healing","79","Worst position of scars is:","Back","Shoulder","Sternum","Abdomen","C","'C' [B & L 23rd ed 31]",""
"General Surgery","7. Transfusion, Shock, Burns and Wound Healing","80","In hemorrhagic shock, hypotension occurs when blood loss is more than:","10% - 15%","15% - 30%","30% - 40%","More than 40%","D","'D' [S. Das 4th ed 10]",""
"General Surgery","7. Transfusion, Shock, Burns and Wound Healing","81","High tension electrical burns from overhead electrical lines can cause:","Myoglobinurea and Acute renal failure","Severe alkalosis","No ECG change will be seen in the first 24 hrs","Blood vessels are spared","A","'A' [AIIMS-07]",""
"General Surgery","7. Transfusion, Shock, Burns and Wound Healing","82","First priority in management of burn injury is","Exposure","Fluid resuscitation","Circulation","Airway control","D","'D' [KCET-08]",""
"General Surgery","7. Transfusion, Shock, Burns and Wound Healing","83","Most common cause of post-operative shock is-","Hypokalaemia","Cardiogenic","Septic","Air embolism","C","'C' [KCET-09]",""
"General Surgery","7. Transfusion, Shock, Burns and Wound Healing","84","Rapid infusion of blood causes","Acute Left heart failure","Ankle edema","Pulmonary edema","Respiratory Distress","C","'C' [AP-10]",""
"General Surgery","7. Transfusion, Shock, Burns and Wound Healing","85","Golden period for treating wounds is upto:","2 hrs","4 hrs","6 hrs","8 hrs","C","'C' [IGNOU-10]",""
"General Surgery","7. Transfusion, Shock, Burns and Wound Healing","86","Wound healing is","Impaired in anaemic patients","Not impaired by hypoproteinaemia","Stimulated by steroids","More rapid in young than in old","D","'D' [KCET-09]",""
"General Surgery","7. Transfusion, Shock, Burns and Wound Healing","87","Which of the following is transfused in a patient who has severe burn injuries?","Plasma","Blood","Platelets","Erythrocytes","A","'A' [KAR-2013]",""
"General Surgery","7. Transfusion, Shock, Burns and Wound Healing","88","Hypertonic solution is used in all except","Prolonged bowel surgery","Cardiac type IV shock","Brain injury","Burn","A","'A' [AIIMS NOV-13]",""
"General Surgery","7. Transfusion, Shock, Burns and Wound Healing","89","For treatment of shock, if colloid infusion is used, the ratio at which the blood loss is compensated, is","1:2","1:1","1:3","1:5","B","'B' [GCET-14]",""
"General Surgery","7. Transfusion, Shock, Burns and Wound Healing","90","Jugular venous pressure is created in","Haemorrhagic shock","Cardiogenic shock","Neurogenic shock","None of the above","B","'B' [GCET-14]",""
"General Surgery","7. Transfusion, Shock, Burns and Wound Healing","91","Main cause of shock is?","Hypoxia","Hypotension","Hypoperfusion of tissue","Not recalled","C","'C' [PGI DEC-2013]",""
"General Surgery","7. Transfusion, Shock, Burns and Wound Healing","92","Fresh frozen plasma is used in?","Acute blood loss","Nutritive support","Decreased blood volume","Specific receptor deficiency","D","'D' [PGI DEC-2013]",""
"General Surgery","7. Transfusion, Shock, Burns and Wound Healing","93","All the following are characteristic feature of anaphylactic shock EXCEPT","Angioedema","Urticarial rash","Pedal edema","Flushing","C","'C' [COMEDK-15]",""
"General Surgery","7. Transfusion, Shock, Burns and Wound Healing","94","The colloidal plasma expander used in treatment of hypovolemic shock is","5% dextrose saline","Normal saline","Ringer lactate","6% dextran","D","'D' [MHCET-15]",""
"General Surgery","7. Transfusion, Shock, Burns and Wound Healing","95","A patient is not responding even after undergoing multiple platelet transfusion. Which of the following will be the best treatment for him?","Random platelet donor","Single platelet donor","HLA matched platelet","Irradiated platelets","C","'C' [AIIMS NOV-14]",""
"General Surgery","7. Transfusion, Shock, Burns and Wound Healing","96","Delayed haemolytic transfusion involves all except?","Positive DAT","Spherocytes positive","Haemoglobinuria","Reduced haemoglobin","B","'B' [AIIMS NOV-14]",""
"General Surgery","8. Arterial and Venous Disorders","1","Intermittent claudication is caused by","Venous occlusion","Arterial insufficiency","Neural compression","Muscular dystrophy","B","'B' [B & L 23rd ed 200 / 24th ed 920]
The symptoms produced by arterial stenosis or occlusion:
• Lower limb - claudication, rest pain and gangrene
• Brain - hemiplegia and transient ischemic attacks
• Myocardium - Angina and myocardial infarction",""
"General Surgery","8. Arterial and Venous Disorders","2","Buerger's disease is seen in","Only male","Age less than 40","Age more than 40","Smoker","A","'A' and 'D' [B & L 23rd ed 231 / 24th ed 951]

| Feature | Buerger's Disease | Raynaud's Syndrome |
|---|---|---|
| Type | Arterial occlusive disease mainly affecting lower limbs. | Vasospastic condition affecting upper limbs. |
| Affected | Occurs in men from 20-40 years and in smokers | Usually occurs in young women |
| Abstinence from smoking and sympathectomy are useful | Protection from cold and of calcium antagonists use is the conservative treatment. |",""
"General Surgery","8. Arterial and Venous Disorders","3","Most common cause of death in patients with Buerger's disease is","Gangrene","Pulmonary embolism","Myocardial infarction","Carcinoma lung","C","'C' [B & L 23rd ed 231 / 24th ed 950]",""
"General Surgery","8. Arterial and Venous Disorders","4","Commonest cause of A-V fistulae is","Congenital","Traumatic","Surgical creation","Tumor erosion","B","'B' [B & L 23rd ed 230,231/24th ed 950]",""
"General Surgery","8. Arterial and Venous Disorders","5","Not a feature of intermittent claudication","Cramp like pain particularly in calf muscles","Brought on by walking and relieved by standing still","Present on taking the first step","Caused due to arterial insufficiency","C","'C' [B & L 23rd ed 200 / 24th ed 920]
Intermittent claudication is a cramp like pain felt mostly in the calf muscle that:
• Is brought on by walking
• Is not present on taking the first step
• Is relieved by standing still",""
"General Surgery","8. Arterial and Venous Disorders","6","Pregangrene is the combination of all except","Rest pain","Anaesthesia","Oedema","Colour changes","A","'A' [B & L 23rd ed 200 / 24th ed 920]
Pregangrene is a combination of rest pain, colour changes and hyperaesthesia with or without ischemic ulceration.",""
"General Surgery","8. Arterial and Venous Disorders","7","Management of arterial occlusion may include","Stopping smoking","Sympathectomy","Analgesics","All of the above","D","'D' [B & L 23rd ed 206 / 24th ed 926]",""
"General Surgery","8. Arterial and Venous Disorders","8","The treatment of Buerger's disease includes","Reflex heating","Bed rest","Anticoagulant therapy","Sympathectomy","D","'D' [B & L 23rd ed 232 / 24th ed 951]",""
"General Surgery","8. Arterial and Venous Disorders","9","The following is an inappropriate statement on Buerger's disease","Intermittent claudication is the first symptom","It is commonly in smokers and smoking has to be avoided during treatment","Incidence is higher in diabetics and middle aged females","The first presentation may be dry gangrene of toes","C","'C' [B & L 23rd ed 231 / 24th ed 951]",""
"General Surgery","8. Arterial and Venous Disorders","10","Preferred material for femoro popliteal bypass","Dacron","PTFE","Saphenous vein","Gortex","C","'C' [B & L 23rd ed 210 / 24th ed 929]",""
"General Surgery","8. Arterial and Venous Disorders","11","Commonest cause of abdominal aortic aneurysm","Atherosclerosis","Marfan's syndrome","Thrombosis","Endocarditis","A","'A' [B & L 23rd ed 226 / 24th ed 945]",""
"General Surgery","8. Arterial and Venous Disorders","12","The most common complication of an aortic aneurysm size 8 cm is","Rupture","Intramural thrombosis","Embolism","Calcification","A","'A' [B & L 23rd ed 227 / 24th ed 945]",""
"General Surgery","8. Arterial and Venous Disorders","13","Raynaud's phenomenon is seen in all except","Atherosclerosis","Scleroderma","Buerger's disease","Juvenile arthritis","D","'D' [B & L 23rd ed 232,231 / 24th ed 945]",""
"General Surgery","8. Arterial and Venous Disorders","14","All are true about Raynaud's phenomenon except","Intense vasospasm of peripheral arteries","More common in women","Nifedipine is not useful","Beta blockers and cold exposure avoided","C","'C' [B & L 23rd ed 232 / 24th ed 951, 952]",""
"General Surgery","8. Arterial and Venous Disorders","15","Commonest type of aortic aneurysm","Arch of aorta","Abdominal aorta","Thoracic aorta","Common iliac","B","'B' [B & L 23rd ed 226 / 24th ed 945]",""
"General Surgery","8. Arterial and Venous Disorders","16","All of the following are seen in deep vein thrombosis except","Pain","Discolouration","Swelling","Claudication","D","'D' [B & L 23rd ed 253 / 24th ed 957]",""
"General Surgery","8. Arterial and Venous Disorders","17","The following is the commonest site for venous ulcer","Instep of foot","Lower 1/3 leg and ankle","Lower 2/3 of leg","Middle 1/3 of leg","B","'B' [B & L 23rd ed 240 / 24th ed 954]",""
"General Surgery","8. Arterial and Venous Disorders","18","All of following may be predisposing factors for deep vein thrombosis except","Oral contraceptives","Nephrotic syndrome","Sickle cell anemia","Thrombocytosis","D","'D' [B & L 23rd ed 253 / 24th ed 957]
Risk factors for deep vein thrombosis are:
• Old age • Recent orthopaedic surgery of lower limbs • Oral contraceptives • Thrombophilia • Nephrotic syndrome",""
"General Surgery","8. Arterial and Venous Disorders","19","Pulsating varicose vein is due to","Arterio venous fistula","Sapheno femoral incompetence","Deep vein thrombosis","Abdominal tumour","A","'A' [S. Das 3rd ed 194]",""
"General Surgery","8. Arterial and Venous Disorders","20","Operations for varicose veins are best accomplished by","Stripping","Multiple subcutaneous ligatures","Subfascial ligatures","Division and ligation at the superficial venous system","D","'D' [B & L 23rd ed 245 / 24th ed 962]",""
"General Surgery","8. Arterial and Venous Disorders","21","Chronic lymphedema predisposes to all except","Lymphangiosarcoma","Marjolins ulcer","Recurrent infections","Thickening of skin","B","'B' [B & L 23rd ed 260 / 24th ed 977]",""
"General Surgery","8. Arterial and Venous Disorders","22","Commonest cause of unilateral pedal edema in India is","Filariasis","Post traumatic","Post irradiation","Milroy's disease","A","'A' [B & L 23rd ed 263 / 24th ed 980]",""
"General Surgery","8. Arterial and Venous Disorders","23","Predisposing cause of deep vein thrombosis is:","Ambulatory patient","Decreased blood flow","Diabetes mellitus","High metabolic rate in aged","B","'B' [B & L 23rd ed 251 / 24th ed 954]
Virchows predisposing factors for deep vein thrombosis are:
• Changes in the vessel wall
• Decreased blood flow
• Increased coagulability of the blood",""
"General Surgery","8. Arterial and Venous Disorders","24","The main source for pulmonary embolism:","Haemorrhoids","Deep leg vein","Portal vein","None of the above","B","'B' [Robbins 7th ed 95]",""
"General Surgery","8. Arterial and Venous Disorders","25","Lumbar sympathectomy is of value in the management of:","Intermittent claudication","Distal ischaemia affecting the skin of the toes","Arteriovenous Fistula","Back pain","B","'B' [S.Das Surgery 3rd ed 154]",""
"General Surgery","8. Arterial and Venous Disorders","26","Symptoms and signs of peripheral arterial occlusion are classically remembered as 5 P's","Shock","Pallor","Pain","Pulselessness","B","'B' [B & L 24th ed 933]
Symptoms and signs of peripheral arterial occlusion are classically remembered as 5 P's:
• Pain • Pallor • Pulselessness • Paralysis • Paraestheis",""
"General Surgery","8. Arterial and Venous Disorders","27","Diabetic gangrene is due to all except:","Vasospasm","Atherosclerosis","Peripheral neuritis","Increased sugar in blood","A","'A' [B & L 24th ed 938]",""
"General Surgery","8. Arterial and Venous Disorders","28","The sequence of symptoms in pulmonary embolism is:","Fever, pain, dyspnoea","Fever, dyspnoea","Dyspnoea, pain, haemoptysis","Dyspnoea, cough, purulent sputum","C","'C' [Harrison 16th ed 1561]",""
"General Surgery","8. Arterial and Venous Disorders","29","Gold standard diagnostic test in varicose veins is:","Photoplethysmography","Duplex imaging","Ultrasonography","Radio-labelled Fibrinogen study","B","'B' [B & L 24th ed 960]",""
"General Surgery","8. Arterial and Venous Disorders","30","The most common cause of superficial thrombophlebitis is:","Trauma","Infection","Varicosities","Intravenous infusion","D","'D' [B & L 24th ed 972]",""
"General Surgery","8. Arterial and Venous Disorders","31","The duration of heparin therapy in deep vein thrombosis is:","7 - 10 days","15 - 20 days","3 - 4 days","1 month","A","'A' [B & L 24th ed 971]",""
"General Surgery","8. Arterial and Venous Disorders","32","Test for varicose veins include","Cough-impulse test","Trendelenburg test","Schwartz test","All of the above","D","'D' [KAR-2013]",""
"General Surgery","9. Miscellaneous","1","Expansile lytic osseous metastases are characteristic of primary malignancy of:","Kidney","Bronchus","Breast","Prostate","A","'A' [B & L 24th ed 1330]",""
"General Surgery","9. Miscellaneous","2","A 5-year old patient is scheduled for tonsillectomy. On the day of surgery he had running nose, temperature 37.5°C and dry cough. Which of the following should be the most appropriate decision for surgery?","Surgery should be cancelled","Can proceed for surgery if chest is clear","Should get x-ray chest before proceeding for surgery","Cancel surgery for 3 week and patient to be on antibiotic","D","'D' [ENT Dhingra 3rd ed 490]",""
"General Surgery","9. Miscellaneous","3","Androphonia can be corrected by doing:","Type 1 Thyroplasty","Tye 2 Thyroplasty","Type 3 Thyroplasty","Type 4 Thyroplasty","C","'C' [ENT Dhingra 3rd ed 364]

| Type | Description |
|---|---|
| Type I | Medial displacement of vocal cord |
| Type II | Lateral displacement of vocal cord to improve airway |
| Type III | Shorten / relax the vocal cord. Done in puberphonia/mutational falsetto voice |
| Type IV | Lengthen / tighten the vocal cord. Done in Androphonia |",""
"General Surgery","9. Miscellaneous","4","Laryngocele arises as a herniation of laryngeal mucosa through the following membrane:","Thyrohyoid","Cricothyroid","Crico-tracheal","Cricosternal","A","'A' [ENT Dhingra 3rd ed 367]",""
"General Surgery","9. Miscellaneous","5","All the statements are true about exostosis except:","It occurs at the growing end of bone","Growth continues after skeletal maturity","It is covered by cartilaginous cap","Malignant transformation may occur","B","'B' [B & B 24th ed 434]",""
"General Surgery","9. Miscellaneous","6","Dacron vascular graft is a:","Nontextile synthetic","Textile synthetic","Nontextile biologic","Textile biologic","B","'B' [AIPG-06]",""
"General Surgery","9. Miscellaneous","7","All post-operative patients must be supplemented with oxygen concentration of at least:","50-60%","40-45%","30-35%","20-25%","B","'B' [COMEDK-07]",""
"General Surgery","9. Miscellaneous","8","Sentinel lymphnode is:","Group of Lymphnodes","First stop along the route of lymphatics","A node that is skipped during distant metastasis","Distant metastatic node","B","'B' [COMEDK-07]
Sentinel node biopsy is done in melanoma and breast cancer.",""
"General Surgery","9. Miscellaneous","9","Which of the following affects the wound healing most:","Cortisol","Growth hormone","Thyroxin","Adrenaline","A","'A' [S.Das Surgery 3rd ed 5, 7]
Excess corticosteroid administration inhibits granulation tissue formation.",""
"General Surgery","9. Miscellaneous","10","Premature synostosis of coronal sutures along with basal sutures shows which of the following features:","Brachycephaly","Oxycephaly","Trigonocephaly","Scandomocephaly","B","'B' [Check Explanation Below]",""
"General Surgery","9. Miscellaneous","11","The endotracheal tube is inserted in:","Right bronchus","Left bronchus","Trachea","in Laryngopharynx","C","'C' [Check Explanation Below]",""
"General Surgery","9. Miscellaneous","12","Mallampatti test is used for:","To check the size of tongue for laryngoscope","To check the movement of cervical spine","To check the flexion and extension of neck","To check the size of endotracheal tube","A","'A' [BHU-07]
Mallampati classification is based on the structures visualized with maximal mouth opening and tongue protrusion in sitting position.",""
"General Surgery","9. Miscellaneous","13","Lucid interval is noted in:","Injury to head","Injury to neck","Injury to eye","Injury to the abdomen","A","'A' [Ref. Synopsis]
In case of extradural hemorrhage, when the hematoma has reached a considerable size, it causes sufficient rise in intracranial pressure. The time taken to form such a big hematoma to cause sufficient rise in intracranial pressure to cause unconsciousness following head injury is known as 'Lucid interval'.",""
"General Surgery","9. Miscellaneous","14","Which of the following commonly used topical antiseptics has antifungal activity?","Povidone-Iodine","Cetrimide","Chlorhexidine","Alcohol","A","'A' [COMEDK-08]",""
"General Surgery","9. Miscellaneous","15","In cases of medical emergencies, an invasive technique to deal with airway obstruction is:","Chest thrust","Abdominal thrust","Mouth to mouth resuscitation","Laryngoscopy","B","'B' [KCET-08]",""
"General Surgery","9. Miscellaneous","16","The following is not a type of fracture:","Traumatic","Pathological","Anatomical","Stress","C","'C' [KCET-07]",""
"General Surgery","9. Miscellaneous","17","The anesthetic drug injected for paravertebral block is least likely to diffuse to-","Epidural space","Subarachnoid space","Intercostal space","Superior and inferior paravertebral space","B","'B' [AIIMS-09]",""
"General Surgery","9. Miscellaneous","18","Which of the following is not ture about increased intracranial pressure","Headache","Nausea / vomiting","Muscle twitching","Somnolence","C","'C' [AIIMS-09]",""
"General Surgery","9. Miscellaneous","19","A patient with multiple injuries exhibit paradoxical chest movements during inspiration and expiration due to?","Pneumothorax","Flail chest","Cardiac temponade","Hemothorax","B","'B' [AIPG-09]",""
"General Surgery","9. Miscellaneous","20","When a minimal injury as a glancing blow is struck, to what variable is related?","Position of strike","Area of strike","Angulation of strike","Location of strike","C","'C' [AIPG-09]",""
"General Surgery","9. Miscellaneous","21","In an emergency, which of the following blood groups can be transfused without cross-matching:","B+ve","AB+ve","O+ve","O-ve","D","'D' [KCET-09]",""
"General Surgery","9. Miscellaneous","22","Which of the following venous sinuses is more likely to be affected with thrombosis in chronic otitis media and mastoiditis?","Cavernous","Inter-Cavernous","Sigmoid","Superior petrosal","C","'C' [COMED-10]",""
"General Surgery","9. Miscellaneous","23","Which of the following hormones have greatest effect on granulation tissue in wound healing?","ADH","Oestrogen","Cortisol","Parathormone","B","'B' [AIPG-10]",""
"General Surgery","9. Miscellaneous","24","Sudden loud sound is more likely to damage the cochlea than prolonged sounds because","Basilar fibers are sensitive to sudden sounds but adapt to prolonged sounds","a sudden sound carries more energy","tympanic membrane becomes flaccid during prolonged loud sounds","there is a latent period before the attenuation reflex can occur","D","'D' [COMED-10]",""
"General Surgery","9. Miscellaneous","25","Pre-auricular sinus-","Is always unilateral","Usually painful","May be in close proximity to greater auricular nerve","Recurrence after excision is common.","D","'D' [COMED-10]",""
"General Surgery","9. Miscellaneous","26","Which of the following is used to measure pain intensity-","Visual analog scale","Visual anaesthesia score","Verifiable assessment of soreness","Visual assessment of soreness","A","'A' [COMEDK-09]",""
"General Surgery","9. Miscellaneous","27","The beneficial effect of oxygen therapy in histotoxic hypoxia is about","0%","50%","100%","30%","A","'A' [KECT-10]
Histotoxic hypoxia is defined as the inability of the tissues to use oxygen. Examples are carbon monoxide and cyanide poisoning.",""
"General Surgery","9. Miscellaneous","28","Collar stud abscess occurs in","Cervical T.B. Lymphadenitis","Peri Tonsillar abscess","Pyogenic Lymphadenitis","Retro Pharyngeal abscess","A","'A' [KCET-10]",""
"General Surgery","9. Miscellaneous","29","Tissue graft rejection can be prevented by the suppression of-","Plasma antibodies","T-cells","Allergy producing mast cells and basophils","Macrophages","B","'B' [B & L 25th ed 732]",""
"General Surgery","9. Miscellaneous","30","Gold standand for diagnosis of carotid body tumour is-","Duplex scanning","MRI","C.T","Cerebral angiography","D","'D' [COMEDK-10]",""
"General Surgery","9. Miscellaneous","31","True about keloid scar is-","Non-familial, common in children, males affected.","Non-familial, does not outgrow the margin, blacks affected.","Familial, females are affected, outgrows the margins.","Familial, men affected, whites affected more.","C","'C' [MCET-10]",""
"General Surgery","9. Miscellaneous","32","An antibioma is","An all powerful antibiotic","an antibiotic contaminant","A malignant tumour caused by an antibiotic","An excess mass of fibrous tissue around an abscess persistently treated by excessive or partly sterilised antibiotic","D","'D' [KCET-10]",""
"General Surgery","9. Miscellaneous","33","MCS classification is done for","Oncology","Medical risk assessment","Major salivary gland","Mentally challenged subjects","B","'B' [KCET-10]",""
"General Surgery","9. Miscellaneous","34","Which of the following will cause post operative haemorrhage?","Salicylates","Liver cirrhosis","Prolonged antibiotic administration","All of the above","D","'D' [KCET-10]",""
"General Surgery","9. Miscellaneous","35","A complication in the first 48 hours of total parenteral nutrition is","Hyper natremia","Hyper kalemia","Hyperglycaemia","Selenium deficiency","C","'C' [COMEDK-10]",""
"General Surgery","9. Miscellaneous","36","Carcinoembryonic antigen is associated with","Hepatocellular carcinoma","Medullary carcinoma of thyroid","Seminoma","Carcinoma of colon","D","'D' [KCET-2010]",""
"General Surgery","9. Miscellaneous","37","Rhytidectomy is","Removal of skin wrinkles","A1 - of nasal septum position","Salivary gland excision","Cehek augmentation","A","'A' [Peter Ward Booth of maxillofacial surgery 2nd ed 1306-1307]",""
"General Surgery","9. Miscellaneous","38","A morbid patient unlikely to survive 24 hours without surgery is classified as","ASA I","ASA III","ASA V","ASA VI","C","'C' [KCET-2010]",""
"General Surgery","9. Miscellaneous","39","Surgical approaches for open thymectomy include all except","Transcervical thymectomy","Median sternotomy","Thoraco abdominal incision","Partial median sternotomy","C","'C' [COMED-2012]",""
"General Surgery","9. Miscellaneous","40","Condition which causes colonic carcinoma","Ulcerative colitis","Crohn's disease","EM","Pemphigoid","A","'A' [AIPG-2012]",""
"General Surgery","9. Miscellaneous","41","Necrotising fasciitis includes","Skin","Fascia","Muscle","All of the above","B","'B' [PGI-2011]
Necrotizing fasciitis is caused by polymicrobial synergistic infection. It affects skin, subcutaneous tissues, fascial planes and muscle groups.",""
"General Surgery","9. Miscellaneous","42","Suture least adherent to tissue and have a property of plasticity","Nylon","Prolene","PDS","Silk","B","'B' [AIPG-2012]
Prolene is a synthetic, nonabsorbable polypropylene suture.",""
"General Surgery","9. Miscellaneous","43","All of the following are indication of fiberoptic aided intubation except:","Previous difficulty in intubation","Grossly distorted anatomy","Previous difficulty in mask ventilation.","Anticipated problem","D","'D' [NEET-2013]",""
"General Surgery","9. Miscellaneous","44","A young boy has sickle cell trait. Which of the following anaesthesia is contraindicated?","IV Regional anaesthesia","Brachial plexus block by supraclavicular approach","Brachial plexus block by infraclavicular approach","Brachial plexus block by axillary approach.","A","'A' [NEET-2013]",""
"General Surgery","9. Miscellaneous","45","Best way to monitor perfusion of free flap:","Pulse oximeter","Laser doppler velocimetery","Prick test","Flourescin & dermo flourometer","B","'B' [AIIMS-2012]",""
"General Surgery","9. Miscellaneous","46","Which of the following is not an indicator of difficult mask ventilation?","Patient having history of snoring","Patient having beard","Old age patient","Full set of teeth present","C","'C' [AIIMS-13]",""
"General Surgery","9. Miscellaneous","47","In long surgical procedure intubation method is","Nasotracheal tube with cuff","LMA","Nasotracheal tube without cuff","Endotracheal tube","D","'D' [AIIMS NOV-13]",""
"General Surgery","9. Miscellaneous","48","Knife used for harvesting split thickness skin grafts is","Husson's knife","Bard parker's knife","Humby's knife","Foley's knife","C","'C' [GCET-14]",""
"General Surgery","9. Miscellaneous","49","The drug of choice to prevent graft rejection in recipient is","Steroids","Vincristine","Cyclophosphamide","Methotrexate","A","'A' [GCET-14]",""
"General Surgery","9. Miscellaneous","50","Which statement of the following is most appropriate? Blood pressure can be measured in both arms simultaneously","Blood pressure can be measured on right as well as left side simultaneously","JVP can be examined on right as well as left side","Radial and ulnar arteries can be palpated on both sides simultaneously","Carotid artery can be palpated on both sides simultaneously","A","'A' [AIPG - 14]",""
"General Surgery","9. Miscellaneous","51","A lady presented with a 4 cm tumor in the left parietal lobe for which she underwent surgery and radiotherapy. After 3 months she was presented with headache and vomiting. Which of the following would characterise the lesion in the patient?","Gd-enhanced MRI","99Tc-HMPAD SPECT brain","Digital substraction angiography with dual source of ST scan","18FDG PET Scan","D","'D' [APPG-14]",""
"General Surgery","9. Miscellaneous","52","Lines of skin used as guidelines for putting incision","Langer","Krausi","Blaschko","Futcher","A","'A' [PGI JUNE-2014]",""
"General Surgery","9. Miscellaneous","53","Which of the following is not seen after moderate injury/severe injury or major surgery?","Negative nitrogen balance","Tachypnoea","Hyper metabolism","Dysphagia","D","'D' [PGI JUNE-13]",""
"General Surgery","9. Miscellaneous","54","This is a reason for tissue analysis in surgery after histopathology","FNAC repeated","To confirm a suspected or established clinical diagnosis for prognosis of treatment","To confirm radiological study","Data recording","B","'B' [MHCET-15]",""
"General Surgery","9. Miscellaneous","55","After a major oral surgery, acute catabolic phase lasts for?","1-2 days","2-5 days","4-7 days","5-10 days","B","'B' [PGI JUNE-12]",""
"General Surgery","9. Miscellaneous","56","For how long can a patient survive in anhepatic phase given full supportive treatment?","1-2 hour","24-48 hours","1 week","2-4 weeks","B","'B' [PGI DEC-2013]",""
"General Surgery","9. Miscellaneous","57","Mechanical bowel preparation is used in surgery for","Intussusception","Colon","Appendicitis","Stomach","B","'B' [COMEDK-2016]",""
"General Surgery","9. Miscellaneous","58","Discharge criteria following sedation includes all EXCEPT","Airway patency is uncompromised and satisfactory","Patient can ambulate","State of hydration is adequate","Patient can eat","D","'D' [COMEDK-2016]",""
"General Surgery","9. Miscellaneous","59","Immediate management of Tension Pneumothorax is","Tracheostomy","CT Thorax","Central venous line access","Decompression with needle or chest tube","D","'D' [MH PG CET-2016]",""
"General Surgery","10. AIPG 2017 - General Surgery","1","Rolled-out and everted ulcer is seen in","Carcinoma","Healing ulcer","Basal cell carcinoma","Tuberculosis","A","'A' [Love & Bailey 26th ed 593]

| Ulcer edges | Characteristic feature of |
|---|---|
| Undermined edge | Tuberculosis |
| Punched out edge | Syphilitic ulcer or deep trophic ulcer. |
| Sloping edge | Healing traumatic or venous ulcer |
| Raised and pearly white beaded edge | Rodent ulcer (basal cell carcinoma) |
| Rolled out (everted edge) | Squamous cell carcinoma or ulcerated adenocarcinoma |",""
"General Surgery","10. AIPG 2017 - General Surgery","2","Lid retraction is seen in","Thyrotoxicosis","Hypothyroidism","Hypoparathyroidism","Hyperparathyroidism","A","'A' [Love & Bailey 26th ed 756]
Lid retraction is a prominent ophthalmologic sign seen in thyrotoxicosis. Upper eyelid retraction is in fact the most common sign of grave's disease.",""
"General Surgery","10. AIPG 2017 - General Surgery","3","Cleft lip is formed by non-fusion of","Medial nasal process and lateral nasal process","Medial nasal process and lateral palatine process","Medial nasal process and maxillary process","All the above","C","'C' [Neelima Malik 3rd ed 618]",""
"General Surgery","10. AIPG 2017 - General Surgery","4","Millards 'rule of ten' includes all except","10 pounds","10 Weeks","10 Gm % Hemoglobin","10 Months","D","'D' [Neelima Malik 3rd ed 622]
Rule of '10s': the child is 10 weeks of age, weighs at least 10 pounds, and has at least 10 gm haemoglobin.",""
"General Surgery","10. AIPG 2017 - General Surgery","5","One unit of platelets increase platelet count by","1000/ uL","10,000/ uL","50,000/ uL","100,000/ uL","B","'B'
One unit of platelet = increases platelet count by 10,000/ uL.",""
"General Surgery","10. AIPG 2017 - General Surgery","6","In secondary thyrotoxicosis, which of the following should be avoided?","FNAC","MRI","Thyroid Function Test","Thyroidectomy","D","'D' [Love & Bailey 26th ed 765]",""
"General Surgery","10. AIPG 2017 - General Surgery","7","Lucid interval seen in","Extradural trauma","Subdural trauma","Intracranial trauma","Sub arachnoid trauma","A","'A' [Schwartz's principle of surgery 9th ed Pg 317]
Lucid interval is a temporary improvement in a patient's condition after a traumatic brain injury.",""
"General Surgery","10. AIPG 2017 - General Surgery","8","Gangrene due to known infectious agent is","Wet gangrene","Dry gangrene","Pyoderma granulosum","Fourniors gangrene","D","'D' [Love & Bailey 26th ed 57]
Fournlors gangrene: also known as necrotising fasciitis, it occurs due to infections by Streptococci, Staphylococci, Enterobacteriaceae, Anaerobic organisms, Fungi.",""
"General Surgery","10. AIPG 2017 - General Surgery","9","A patient having pulsatile swelling in anterior side of sternocleidomastoid muscle","Thyroglossal cyst","Carotid body tumor","Sternocleidomastoid tumor","Cystic hygroma","B","'B' [Love & Bailey 26th ed 704]

| Swelling | Features |
|---|---|
| Branchial cyst | Swelling in the upper part of neck, anterior to sternocleidomastoid. Smooth, round, fluctuant, non-tender, non-transilluminant. |
| Carotid body tumor | Pulsatile mass in the anterior triangle of the neck. |
| Cystic hygroma | Congenital multiloculated lymphatic lesion found in the left posterior triangle. |
| Thyroglossal cyst | Fibrous cyst that forms from a persistent thyroglossal duct. |",""
"General Surgery","10. AIPG 2017 - General Surgery","10","Angiosarcoma is due to ingestion of","PVC","Acrylamide","Chromium","Mercury","A","'A' [Check Explanation Below]
Angiosarcoma of the liver is an exceedingly rare tumor related to vinyl chloride (poly vinyl chloride), Thorotrast (Thorium dioxide) and arsenic ingestion.",""
"General Surgery","10. AIPG 2017 - General Surgery","11","Supraomohyoid dissection is in association with involvement of lymph node","Type I + Type II","Type I + Type II a","Type I + Type II a + Type II","Type I + Type II + Type III","C","'C'",""
"General Surgery","10. AIPG 2017 - General Surgery","12","Period of surveillance in postoperative infection in non-prosthetic surgery","15 days","30 days","45 days","60 days","B","'B'",""
"General Surgery","10. AIPG 2017 - General Surgery","13","Patient with cystic lesion on outer canthus of eye","Meiobomian cyst","Dermoid","Sebaceous","Teratoid","B","'B'",""
"General Surgery","10. AIPG 2017 - General Surgery","14","True about hemorrhage","Primary hemorrhage occur within 24 hr postoperative","Reactionary hemorrhage occur at the time of surgery","Secondary hemorrhage occur 7 to 14 days postoperative","None of above is correct","C","'C' [Love & Bailey 26th ed 700]

| Type | Timing |
|---|---|
| Primary hemorrhage | At the time of injury or surgery |
| Reactionary hemorrhage | Within first 24 hours post surgery/trauma |
| Secondary hemorrhage | Due to infection, after 7-14 days of surgery |",""
"General Surgery","10. AIPG 2017 - General Surgery","15","Continuous discharging sinus from lower border of sternocleidomastoid muscle, since 5 years in anterior triangle of neck","Thyroglossal fistula","Branchial fistula","Tubercular sinus","Actinomycosis","B","'B' [Love & Bailey 26th ed 700]
Branchial fistula: The external orifice is nearly always situated in the lower third of the neck near the anterior border of the sternocleidomastoid.",""
"General Surgery","10. AIPG 2017 - General Surgery","16","Incompatible blood transfusion leads to, which type of hypersensitivity reaction.","Type I","Type II","Type III","Type IV","B","'B' [Ananthanarayan 6th ed 160]
Type II hypersensitivity reactions involve antibody-mediated destruction of cells.",""
"General Surgery","11. Recent Papers 2017-18 General Surgery","1","Post trauma, Pinpoint pupils are not seen in which of the following?","Mid brain hernia","Loss of parasympathetic innervation","Horner syndrome","Opioid overdosage","B","'B' [Comprehensive Ophthalmology AK Khurna 4th ed 474]
Pupil size is the result of balance between sympathetic and parasympathetic innervation to the eye. Loss of parasympathetic innervation results in mydriasis (large pupil), NOT pinpoint pupil.","Requires image: Diagrams of miosis and mydriasis"
"General Surgery","11. Recent Papers 2017-18 General Surgery","2","M3 of Glasgow coma scale?","Withdraws to pain","Decorticate","Decerebrate","Normal posture","B","'B' [Bailey & Love 24th ed 300]
Glasgow Coma Score - Motor response M3 = Abnormal flexion (Decorticate).",""
"General Surgery","11. Recent Papers 2017-18 General Surgery","3","Which is true regarding Thyroglossal fistula?","Lined by squamous epithelium","Causes a bulge in neck","Inflammatory lesion","Precancerous lesion","B","'B' [Bailey & Love 24th ed 778]
Thyroglossal fistula follows infection or inadequate removal of thyroglossal cyst, it is never congenital. It moves upwards on protrusion of tongue and is lined by columnar epithelium.",""
"General Surgery","11. Recent Papers 2017-18 General Surgery","4","In anaphylactic shock, the dose of Epinephrine given is","0.5 mg 1:1000 IV","0.5 mg 1:1000 IM","0.5 ug 1:1000 IV","0.5 ug 1:1000 IM","B","'B' [Medical emergencies in the dental office by Stanley Malamed 5th ed Pg 406]
Adrenaline IM dose - adults 0.5 mg IM (= 500 micrograms = 0.5 ml of 1:1000) adrenaline. The IM route is the best for most individuals who must give adrenaline to treat an anaphylactic reaction.",""
"General Surgery","11. Recent Papers 2017-18 General Surgery","5","Unilateral cleft lip and palate management is done at?","Cleft lip and soft palate management at 5-6 months and hard palate at 18 months of age","Single step closure at 5-6 months.","In first operation operate on Hard palate followed by second operation on Soft palate and lips","In first operation operate on alveolus followed by operation in soft palate, lips and hard palate","A","'A' [Bailey & Love 25th ed 657-661]",""
"General Surgery","11. Recent Papers 2017-18 General Surgery","6","Bilateral cleft lip repair is done at the age of","1-2 months","4-5 months","12 months","18 months","B","'B' [AIPG-2018]",""
"General Surgery","11. Recent Papers 2017-18 General Surgery","7","Punched out ulcers are seen in","Syphilis","SCC","Rodent ulcer","BCC","A","'A' [AIPG-2018]",""
"General Surgery","11. Recent Papers 2017-18 General Surgery","8","Everted & pulled out margins are seen in","SCC","Rodent ulcer","Syphilis","Tuberculosis","A","'A' [AIPG-2018]",""
"General Surgery","11. Recent Papers 2017-18 General Surgery","9","The carcinoma of thyroid associated with hypocalcemia","Papillary","Follicular","Anaplastic","Medullary","D","'D' [AIPG-2018]
Medullary carcinoma of thyroid has calcitonin as a tumor marker. Overproduction of calcitonin leads to hypocalcemia.",""
"General Surgery","11. Recent Papers 2017-18 General Surgery","10","Heimlich maneuver applies ______ Thrust.","Back slaps","Sub-diaphragmatic abdominal","Chest thrust","Supra-diaphragmatic abdominal","B","'B' [Medical Emergency in the dental office by Stanley F Malamed 6th ed 195-197]
The Heimlich maneuver, also known as the sub-diaphragmatic abdominal thrust or abdominal thrust.",""
"General Surgery","11. Recent Papers 2017-18 General Surgery","11","Cleft in soft palate is treated at what time","9 months","6 months","3 months","18 months","B","'B' [Neelima Malik 1st ed 519]
Cleft palate repair is commonly performed between 3 and 6 months of age.",""
