"Subject","Chapter","Question No","Question","Option A","Option B","Option C","Option D","Correct Answer","Explanation","Image Reference"
"Operative Dentistry","1. Principles of Cavity Preparation","1","In class II cavity for inlay, the cavosurface margin of the gingival seat clears the adjacent tooth by","0.20 ± 0.05mm","0.50 ± 0.20mm","0.80 ± 0.35mm","1.10 ± 0.45mm","B","'B' [Sturdevant 5th SA ed 435/ 5th ed 303]
Gingival seat in class II restoration:
• Should extend apical to the proximal contact or caries whichever is greater.
• It should clear the adjacent tooth by 0.5mm.
• For amalgam restoration the gingival margin is beveled at 15 – 20° whereas for cast restorations it is beveled at 30 –40°.
• If gingival seat is located in root surface, beveling is contraindicated.

The facial and lingual walls of the proximal box are extended such that they clear the adjacent tooth by 0.2 – 0.3mm. The facial and lingual walls are placed in their respective embrasures.",""
"Operative Dentistry","1. Principles of Cavity Preparation","2","Cavities beginning in the proximal surfaces of bicuspids and molars are","Class 1","Class 2","Class 4","Class 6","B","'B' [Sturdevant 5th SA ed 165/ 5th ed 296]
Black's classification is a therapeutic classification because it is based on treatment and restoration design.

| Class | Restorations on |
|---|---|
| Class 1 | Occlusal surface of molars and premolars. Facial and lingual surfaces of molars. Lingual surface of maxillary incisors. |
| Class 2 | Restorations on the proximal surfaces of posterior teeth |
| Class 3 | Restorations on the proximal surfaces of anterior teeth that does not involve incisal angle. |
| Class 4 | Restorations on the proximal surfaces of anterior teeth involving the incisal edge. |
| Class 5 | Restorations on the gingival third of the facial or lingual surfaces of all teeth. |
| Class 6 | Restorations on the incisal edge of anterior teeth or occlusal cusp heights of posterior teeth. |",""
"Operative Dentistry","1. Principles of Cavity Preparation","3","Incipient caries consists of opaque, chalky white areas that appear when the tooth surface is dried, this is referred as","white spot","hot spot","translucent zone","body of lesion","A","'A' [Sturdevant 5th SA ed 39/Sturdevant 5th ed 298]",""
"Operative Dentistry","1. Principles of Cavity Preparation","4","Pit and fissure caries is seen in","Class I","Class I compound","Class II","Class II compound","A","'A' [Sturdevant 5th SA ed 165/ 5th ed 295]",""
"Operative Dentistry","1. Principles of Cavity Preparation","5","Smear layer consists of","Enamel debris","Micro organisms","Dentinal chips","all of the above","D","'D' [Vimal Sikri 3rd ed 497/ 1st ed 551]
Smear layer is microcrystalline debris embedded within denatured collagen on the cut surfaces of the tooth. It is 1 - 2mm thick and consists of saliva, bacteria, enamel and dentin particles. The smear layer debris pushed into the dentinal tubules forms smear plugs.

Smear unit = Smear layer + Smear plugs",""
"Operative Dentistry","1. Principles of Cavity Preparation","6","A butt joint is a","90° joint","120° joint","??° joint","180° joint","A","'A' [Sturdevant 5th SA ed 356,382/ 5th ed 513]
• 90° cavosurface angle.
• Advocated in amalgam restorations because amalgam is a brittle material and has low edge strength.
• Butt joint produces maximal strength for both tooth and amalgam.
• It is also advocated in silicate and porcelain restorations.

| Joint | Characteristics |
|---|---|
| Butt joint | • 90° cavosurface angle. • Advocated in amalgam restorations because amalgam is a brittle material and has low edge strength. • Butt joint produces maximal strength for both tooth and amalgam. • It is also advocated in silicate and porcelain restorations. |
| Lap/Slip joint | • > 90° cavosurface angle. • Advocated in cast and composite restorations. • 30 – 40° marginal metal and 140 – 150° cavosurface angle. • Bevelling enables superior adaptation and burnishability of marginal metal |",""
"Operative Dentistry","1. Principles of Cavity Preparation","7","Enameloplasty is","Filling of enamel fissures with amalgam","Elimination of shallow enamel fissures","Is same as prophylactic odontomy","All of the above","B","'B' [Sturdevant 5th SA ed 167/ 5th ed 304]
Enameloplasty is the process of conversion of shallow pit, groove or fissures into a rounded or saucered self cleanable area. Fissures that does not extend more than one-third of enamel depth are removed by enameloplasty.",""
"Operative Dentistry","1. Principles of Cavity Preparation","8","A prepared cavity is best protected from moisture by","Cotton rolls","Saliva ejector","Rubber dam","Paper napkin","C","'C' [Sturdevant 5th SA ed 136/ 5th ed 463]
Moisture control refers to exclusion of sulcular fluid, saliva and blood from the operating field. Among rubber dam, suction devices and absorbents, rubber dam is best recommended for moisture control.",""
"Operative Dentistry","1. Principles of Cavity Preparation","9","Retentive grooves in the proximal box of a class II amalgam cavity should be","Sharp and elongated at the dentinoenamel junction","Round and elongated in the dentin","Round and short in the dentin","Sharp and elongated in the dentin","B","'B' [Sturdevant 5th SA ed 382/ 5th ed 748]
Locks for amalgam and the grooves for cast metal restorations provide additional retention for proximal portions of tooth preparations. They also increase the resistance form. These are placed in the axiofacial and axiolingual line angles 0.2mm inside the DEJ. They are started at the axiofaciogingival (or axio linguo gingival) point angle and terminated at the axio facio pulpal (or axio linguo pulpal) point angle.

High copper amalgam alloys (that include occlusal dovetail) does not require locks in preparation as they exhibit less creep.",""
"Operative Dentistry","1. Principles of Cavity Preparation","10","The term 'Primary Prevention' means all of the following except","Planning the patient's diet","Prophylactic odontomy","Topical application of fluoride","Extending cavity preparation to prevent Recurrence","D","'D' [Sturdevant 4th ed 277/ 5th ed 290]
Extending the preparation to self cleansing areas and including the pits and fissures to prevent recurrence of caries is known as 'Extension for prevention'.

Preventive measures such as fluorides, oral hygiene, proper diet and use of enameloplasty, pit and fissure sealants makes 'constriction for conservation' possible excluding the need for 'extension for prevention'.",""
"Operative Dentistry","1. Principles of Cavity Preparation","11","Infected dentine shows","Both organic and inorganic components in reversible form","Both organic and inorganic components in irreversible form","Organic components in irreversible form and inorganic components in reversible form","Inorganic component in reversible form and organic component in irreversible form","B","'B' [Sturdevant 5th SA ed 47/ 5th ed 291]
Infected dentin has bacteria and collagen that is irreversibly denatured. It is not remineralizable and must be removed. Affected dentin has no bacteria, the collagen is reversibly denatured and remineralizable. It is dark brown in colour, hard in texture and should not be excavated.

1% acid red solution in 0.2% propylene glycol discloses infected dentin.",""
"Operative Dentistry","1. Principles of Cavity Preparation","12","Deepening the pulpal floor during cavity preparation provides for","Outline form","Retention form","convenience form","Resistance form","D","'D' [Sturdevant 5th SA ed 169/ 5th ed 306]
Resistance form is obtained by:
• Relatively flat pulpal and gingival floors.
• Box shape.
• Inclusion of weakened tooth structure.
• Rounded internal line angles.
• Adequate thickness of restorative material.
• Reduction of cusps for capping when indicated.

Deepening of pulpal floor increases the resistance form by increasing the bulk of restoration.",""
"Operative Dentistry","1. Principles of Cavity Preparation","13","In which type of lesion 'eburnation' of the dentine is seen?","Acute caries","Chronic caries","Arrested caries","Root Caries","C","'C' [Sturdevant 5th SA ed 40/ 5th ed 290]
An arrested, dentinal lesion is typically open, hard and dark. This dentin is termed as sclerotic or eburnated dentin.",""
"Operative Dentistry","1. Principles of Cavity Preparation","14","In case of a deep carious lesion incomplete debridement is done to:","Allow secondary dentin formation first","To seal the cavity and create aseptic field","Prevent pulp exposure and allow a thin layer of a dentin to remain","Avoid microleakage","C","'C' [Shobha Tandon 1st ed 335]",""
"Operative Dentistry","1. Principles of Cavity Preparation","15","Beveling of the pulpoaxial line angle of a class II cavity is done to:","Increase the strength of the restoration","Improved marginal adaptation","To prevent the fracture of enamel","To prevent the fracture of amalgam","B","'B' [Sturdevant 5th SA ed 364/ 5th ed 721]
Beveling (or) rounding of pulpoaxial (external) line angle increases the resistance to fracture of the restoration by increasing the bulk of the restoration and by preventing stress concentration created by the sharp line angle. Bevelling is done by the gingival marginal trimmer.

Rounding of internal line angles increases the resistance form of the tooth to fracture.",""
"Operative Dentistry","1. Principles of Cavity Preparation","16","Restoration of a cusp using dental amalgam requires that:","Only all the enamel be removed to provide bulk","Only the enamel be removed to conserve tooth structure","At least 2 mm of cusp be removed to provide retention form","At least 2mm of cusp be removed to provide resistance form","D","'D' [Sturdevant 5th ed 301, 869]",""
"Operative Dentistry","1. Principles of Cavity Preparation","17","What is common in class I cavity preparation for amalgam and gold inlay?","Buccolingually divergent walls","Mesiodistally divergent walls","Maximum depth is needed in both cases to provide sufficient thickness","All of the above","B","'B' [AIIMS-91]",""
"Operative Dentistry","1. Principles of Cavity Preparation","18","In class 2 inlay preparation, How should the pulpal floor be placed in comparison with pulpal floor in amalgam class 2 preparation?","Deeper","Pulpal floor for amalgam should be placed deeper in dentin","Same as Amalgam","None of the above","B","'B' [Sturdevant 5th SA ed 169/Sturdevant 5th ed 305]
Amalgam requires a minimum occlusal thickness of 1.5 mm for adequate strength. So, the pulpal floor depth should not be less than 1.5 mm. Cast metal requires less thickness to resist fracture. Minimum of 1 mm pulpal depth is required. Ceramics require at least 2 mm pulpal depth.",""
"Operative Dentistry","1. Principles of Cavity Preparation","19","Class IV cavity:","Occurs on the proximal surface not involving the incisal edge of anterior teeth","Occurs on proximal surface involving the incisal edge of anterior teeth","Occurs on proximal surface involving the incisal edge of posterior teeth","Involves the buccal surface of Anterior and posterior teeth","B","'B' [AIIMS-2011]",""
"Operative Dentistry","1. Principles of Cavity Preparation","20","The retention for class 5 restoration are placed:","In mesial and distal areas","Occlusal and gingival area","In all except the axial wall","At expense of axial wall","B","'B' [AIPG-90]",""
"Operative Dentistry","1. Principles of Cavity Preparation","21","Extension for prevention is directly related to:","Removal of unsupported enamel on proximal surface of Class III cavity","Depth of the axial wall of a class III cavity preparation","Elimination of all carious dentin beyond average depth of pulpal wall","The outline form of the cavity preparation","A","'A' [AIPG-02]",""
"Operative Dentistry","1. Principles of Cavity Preparation","22","While preparing a Class II cavity on a maxillary first molar which of the pulp horns are likely to get exposed:","Mesiolingual and mesiobuccal","Distolingual and distobuccal","Mesiolingual and distobuccal","Distolingual and mesiobuccal","A","'A' [PGI-2K,AIIMS-92]",""
"Operative Dentistry","1. Principles of Cavity Preparation","23","In a class 1 cavity prepared for silver amalgam is extended to half the distance between the contact area and the fissures and the cusp tip, the direction of the buccal and lingual walls is:","Diverging","Converging","Parallel","Independent","B","'B' [AIPG-99]",""
"Operative Dentistry","1. Principles of Cavity Preparation","24","The reason for sealing caries during cavity preparation is:","To eliminate the need for eventual direct pulp capping","Produce an aseptic filed when pulp exposure is inevitable","To allow the formation of secondary dentin before excavation","To produce a hard surface as a foundation for subsequent restoration","D","'D' [AIPG-2K,01]",""
"Operative Dentistry","1. Principles of Cavity Preparation","25","In a cavity preparation in which the remaining thickness of dentin is more than 1.5mm, the ideal base is:","Ca(OH)₂","Zinc Phosphate","Silicophosphate","Glass Ionomer","B","'B' [PGI-99]",""
"Operative Dentistry","1. Principles of Cavity Preparation","26","The function of proximal grooves in a class II cavity is:","Resistance form","Retention form","Increases strength","Resistance and retention form","D","'D' [PGI-99]",""
"Operative Dentistry","1. Principles of Cavity Preparation","27","An incipient carious lesion on an inter proximal surface is usually located","At the contact area","Facial to contact area","Gingival to contact area","Lingual to contact area","A","'A' [AP-97, PGI-03]",""
"Operative Dentistry","1. Principles of Cavity Preparation","28","In an ideal restoration, gingival margin should be:","Below contact point but 1mm occlusal to gingival crest","Below contact point at level of gingival crest","Below gingival crest","At contact point","A","'A' [PGI-95]",""
"Operative Dentistry","1. Principles of Cavity Preparation","29","Gingival extension for a restoration should be:","At the gingival crest","At least 1mm above the alveolar crest","At least 3mm above the alveolar crest","Should not have any relation with alveolar crest height","A","'A' [AIPG-02]",""
"Operative Dentistry","1. Principles of Cavity Preparation","30","Resistance form of cavity preparation is:","flat pulp floor","enough depth of the cavity","Restricted size of the external walls","all of the above","D","'D' [AP-01]",""
"Operative Dentistry","1. Principles of Cavity Preparation","31","During M.O.D. preparation one of the cusps is under mined, indicated treatment is","Reduction of cusp and include in the preparation for onlay","Reduction of all the cusps and crown is indicated","Strengthened by use of Amalgam core","Cusp is beveled and the patient is advised not to exert force on the cusp","A","'A' [AP-98]",""
"Operative Dentistry","1. Principles of Cavity Preparation","32","Resistance form is that shape of cavity which:","Prevents displacement of restoration","permits the restoration to withstand occlusal forces","Allows adequate instrumentation","Allows the restoration to withstand occlusal forces and prevent displacement","B","'B' [PGI-99]",""
"Operative Dentistry","1. Principles of Cavity Preparation","33","A dental floss is applied to the distal bow of a clamp, its function is:","To facilitate the removal of the clamp","To prevent aspiration of clamp","To anchor the dam as cervically as possible","To stabilize the clamp","B","'B' [AIPG-94]",""
"Operative Dentistry","1. Principles of Cavity Preparation","34","Which of the following is commonly recommended procedure for debridement","Citric acid","Hydrogen peroxide-10%","Air and water spray","Hydrochloric acid","C","'C' [AP-98]",""
"Operative Dentistry","1. Principles of Cavity Preparation","35","The axiopulpal depth of the proximal box in class II cavity is:","0.2 to 0.8mm","0.5 to 1mm","1 to 2mm","2 to 3 mm","B","'B' [AP-99]",""
"Operative Dentistry","1. Principles of Cavity Preparation","36","Purpose of cavity preparation is","To receive restorating material","To cleanse the caries","To remove bacteria","None","C","'C' [PGI-02]",""
"Operative Dentistry","1. Principles of Cavity Preparation","37","Intercuspal width ideally for class II amalgam cavity should be:","1/2","1/7","1/3","1/5","B","'B' [AI-99]",""
"Operative Dentistry","1. Principles of Cavity Preparation","38","When removing a rubber dam. The first step is to:","Remove the clamp","Release the holder","Apply a water soluble lubricant","Cut the interseptal rubber with scissors","D","'D' [AIPG-91, AP-04]",""
"Operative Dentistry","1. Principles of Cavity Preparation","39","To avoid pulpal irritation below a resistant metallic restoration, the minimum dentin thickness which should remain is:","0.5mm","1.5mm","1.0mm","2.0mm","B","'B' [PGI-99]",""
"Operative Dentistry","1. Principles of Cavity Preparation","40","According to Black's classification caries on lingual pits of maxillary central incisors are:","Class I","Class II","Class III","Class IV","A","'A' [AIPG-94]",""
"Operative Dentistry","1. Principles of Cavity Preparation","41","In a class II cavity in an incisor the retentive points are placed:","At the DEJ","In the dentin","In the axial wall","Never on labial or lingual walls","B","'B' [AIPG-91]",""
"Operative Dentistry","1. Principles of Cavity Preparation","42","Inappropriate margins in restorations are corrected primarily because","They retain food debris","Inhibit proper plaque removal","Disturb occlusion","Create Sensitivity","B","'B' [AIPG-97]",""
"Operative Dentistry","1. Principles of Cavity Preparation","43","For gold inlays gingival margin finish line should be","Shoulder preparation","Chamfer preparation","Bevel","Knife edge","C","'C' [COMEDK-15]",""
"Operative Dentistry","1. Principles of Cavity Preparation","44","'Saucering' out of small pits to improve self cleansing property is called","Saucerisation","Enameloplasty","Odontotomy","None of the above","B","'B' [AP-01]",""
"Operative Dentistry","1. Principles of Cavity Preparation","45","Mesial and distal wall of class V cavity depends on:","Direction of enamel rods","Presence of carious lesion","Contour of gingiva","Location of contact area","C","'C' [AIPG-26, AIIMS MAY- 2012]",""
"Operative Dentistry","1. Principles of Cavity Preparation","46","The base of class III preparation is","Axial wall","Gingival wall","Facial wall","Lingual wall","A","'A' [KAR-98]",""
"Operative Dentistry","1. Principles of Cavity Preparation","47","While preparing occlusal cavity for amalgam in mandibular first premolar, the bur","Is kept absolutely vertical","Is tilted slightly buccally","Is tilted slightly lingually","Can be kept in any direction","C","'C' [UPPSC-01]",""
"Operative Dentistry","1. Principles of Cavity Preparation","48","Which of the following is not a consideration for obtaining a resistance form during cavity preparation?","Stress patterns of teeth","Direction of enamel rods","Designing outline form with minimal extension","Dovetail preparation of restoration to occlusal loading","D","'D' [UPPSC-01]",""
"Operative Dentistry","1. Principles of Cavity Preparation","49","Gingivally the depth of a class V cavity is","0.5 – 1 mm","0.75 – 1mm","1-1.25mm","2-3mm","A","'A' [KAR-98]",""
"Operative Dentistry","1. Principles of Cavity Preparation","50","For cast restorations the cavity wall should have a taper of","30-45","5-10","2-5","none of the above","B","'B' [KAR-98]",""
"Operative Dentistry","1. Principles of Cavity Preparation","51","In modified class III cavity restoration retention is obtained mainly by","Acid etching","Retentive groove/slot","Retentive point","Retentive pin","B","'B' [KAR-98]",""
"Operative Dentistry","1. Principles of Cavity Preparation","52","During cavity preparation, more incidence of exposure is in","Class V cavity in first premolar","Class II mesio occlusal cavity","Class II disto occlusal cavity","Class IV cavity","A","'A' [TNPSC-99]",""
"Operative Dentistry","1. Principles of Cavity Preparation","53","Transverse section of Class V through the axial wall is","Convex","Concave","Kidney shaped","Straight","B","'B' [PGI-95]",""
"Operative Dentistry","1. Principles of Cavity Preparation","54","The cavosurface angle for Inlay cavity preparation is","90 degree","150 degree","Less than 90 degree","180 degree","B","'B' [COMED-54]",""
"Operative Dentistry","1. Principles of Cavity Preparation","55","Caries detection dye can stain the following except","Granular necrotic tissue","Dry, leathery dentin","Reversibly denatured collagen","Irreversibly denatured collagen","D","'D' [COMED-54]",""
"Operative Dentistry","1. Principles of Cavity Preparation","56","The modified class III preparation uses a dovetail on the lingual side in","Maxillary canine","Mandibular canine","Mandibular central incisor","Mandibular lateral incisor","C","'C' [AI-05]",""
"Operative Dentistry","1. Principles of Cavity Preparation","57","Preparation of class I cavities for dental amalgam, direct filling gold or gold in lays have in common","Occlusally diverging facial and lingual walls","Occlusally diverging mesial and distal","Occlusally converging facial and lingual walls","Occlusally converging mesial and distal walls","C","'C' [COMED-06]",""
"Operative Dentistry","1. Principles of Cavity Preparation","58","Which of the following prevents fracture of MO amalgam:","Beveling of axiopulpal line angle","Occlusal dovetails","Pin retained amalgam","Removal of unsupported enamel rods","A","'A' [AIIMS-2011]",""
"Operative Dentistry","1. Principles of Cavity Preparation","59","The non-active carious lesion is distinguished by all except:","Covered by a layer of plaque","Soft and leathery in consistency","Brown or black discolouration","Severe pain during caries removal","D","'D' [AIPG-07]",""
"Operative Dentistry","1. Principles of Cavity Preparation","60","In a class III cavity in an incisor tooth the retentive points are placed:","At the expense of facial and lingual walls and not in dentin","Entirely in dentin","In axial wall","By placing a groove in the lingual surfaces","D","'D' [AIPG-07]",""
"Operative Dentistry","1. Principles of Cavity Preparation","61","All enamel walls of a cavity preparation must consist of full length enamel rods on","Affected enamel","Affected dentin","Sound enamel","Sound dentin","C","'C' [BHU-2012]",""
"Operative Dentistry","1. Principles of Cavity Preparation","62","In air-abrasive technology the abrasive particles used are","Iron oxide","Tin oxide","Aluminium oxide","Silicon oxide","C","'C' [KCET-07]",""
"Operative Dentistry","1. Principles of Cavity Preparation","63","In an early carious lesion, the first structure to show evidence of destruction is the","Enamel prism","Cuticle","Interprismatic substance","Lamellae","A","'A' [BHU-07]",""
"Operative Dentistry","1. Principles of Cavity Preparation","64","Which of the following principles of the cavity preparation is not considered much in modern methods of restorative Dentistry?","Extension for prevention","Convenient form","Removal of the undermined enamel","Removal of the carious dentine","A","'A' [KCET-08]",""
"Operative Dentistry","1. Principles of Cavity Preparation","65","The wall absent in class V lesion","Axial wall","Mesial","Distal","Pulpal wall","D","'D' [BHU-07]",""
"Operative Dentistry","1. Principles of Cavity Preparation","66","It is essential to lubricate dam before applying it. Which of these is NOT a suitable lubricant?","Shaving cream","Liquid soap","Scrub gel","Vaseline","C","'C' [AIPG-09]",""
"Operative Dentistry","1. Principles of Cavity Preparation","67","Which is the WRONG way to apply dam using a wingless clamp?","Put the clamp on the tooth","Place the dam on the tooth with fingers, and then position the clamp over it.","Attach the dam over the clamp and frame outside the mouth, then put the assembly over the tooth using clamp holders OVER the dam.","Attach the dam over the clamp and frame outside the mouth, and then put the assembly over the tooth using clamp holders UNDER the dam.","C","'C' [AIPG-09]",""
"Operative Dentistry","1. Principles of Cavity Preparation","68","When composites are given, exposed dentin should be covered with","Varnish","Calcium hydroxide","Phosphoric acid","ZnO eugenol cements","B","'B' [AP-09]",""
"Operative Dentistry","1. Principles of Cavity Preparation","69","Dental Pulp under any restoration is best protected by","Cavity liner","Cavity base","2 mm thick dentin","All of the above","C","'C' [UPSC-09]",""
"Operative Dentistry","1. Principles of Cavity Preparation","70","Which one of the following provides most conservative approach while restoring the tooth?","Cast gold","Dental amalgam","Glass ionomer cement","Composite resin","B","'B' [UPSC-09]",""
"Operative Dentistry","1. Principles of Cavity Preparation","71","In cavity preparation, line angle is","Union of three surfaces","Union of four surfaces","The junction of two plane surfaces of different orientation along a line","Internal boundary of a cavity","C","'C' [KCET-09]",""
"Operative Dentistry","1. Principles of Cavity Preparation","72","The tip diameter of a 245 bur used for conventional amalgam preparation is -","2 mm","0.8 mm","0.3 mm","0.4 mm","B","'B' [COMEDK-09]",""
"Operative Dentistry","1. Principles of Cavity Preparation","73","The total number of point angles present for Class II amalgam restorations is -","4","6","8","11","C","'C' [KCET-09]",""
"Operative Dentistry","1. Principles of Cavity Preparation","74","Whenever the caries cone in enamel is larger or at least the same size as that in dentin, it is called as","Residual caries","Recurrent caries","Forward caries","Backward caries","C","'C' [KCET-2011]",""
"Operative Dentistry","1. Principles of Cavity Preparation","75","What is the major difference between a class V cavity preparation for amalgam and one for composite resin by the acid-etch technique?","Depth","Convenience form","Position of retentive points","Angulation of enamel cavosurface margins","D","'D' [AIPG-2011]",""
"Operative Dentistry","1. Principles of Cavity Preparation","76","Cervical restorations fail mostly due to","Inadequate moisture control","Marginal gingivitis","Cuspal flexure","All of the above","D","'D' [KAR-2013]",""
"Operative Dentistry","1. Principles of Cavity Preparation","77","Proximal walls in a class I tooth preparation for amalgam should","Converge occlusally","Diverge occlusally","Remain straight","Rounded","B","'B' [KAR-2013]",""
"Operative Dentistry","1. Principles of Cavity Preparation","78","The configuration factor ['C' factor] for an occlusal class I cavity is","2","3","4","5","A","'A' [MCET-14]",""
"Operative Dentistry","1. Principles of Cavity Preparation","79","Preventive resin restorations are indicated in ?","Non-cavitated pit and fissures","Deep caries to prevent progress of lesion","Cavitated fissures which require restoration","Wide cavity to prevent cusp fracture","A","'A' [AIPG-14]",""
"Operative Dentistry","1. Principles of Cavity Preparation","80","In diagnosing the carious lesions, the tooth surface is examined visually and tactilely. Which of the following is NOT considered as visual examination?","Cavitations","Surface roughness","Opacification","Softness of the tooth surface","D","'D' [COMEDK-15]",""
"Operative Dentistry","1. Principles of Cavity Preparation","81","Intracoronal restoration resists displacement mainly by","Veneer retention","Wedge retention","All answers are wrong","Sleeve retention","B","'B' [APPG-2016]",""
"Operative Dentistry","1. Principles of Cavity Preparation","82","Ideal pulpal depth for amalgam restoration in a primary molar is","0.5 mm from DEJ","1 mm from enamel surface","1.5 mm from DEJ","3.2 mm from enamel surface","A","'A' [KERALA-2016]",""
"Operative Dentistry","1. Principles of Cavity Preparation","83","Which of the following are/is acceptable types of tooth preparations to receive composite resins as restorative materials?","Conventional and bevelled conventional","Modified preparation where only the defect is removed","Box only or slot preparations","All of the above","D","'D' [MH PG CET- 2016]",""
"Operative Dentistry","2. Dental Cements","1","The preferred agent for base formation below restorative resin is:","Calcium hydroxide","Cavity varnish","Zinc oxide-eugenol cement","None of the above","A","'A' [Sturdevant 5th SA ed 411,412/ Sturdevant 5th ed 311, 312]
Calcium hydroxide, self cured or light cured GIC and certain resin cements are the preferred agents of pulp protection below composites. Varnishes and zinc oxide eugenol cements interfere with polymerization of composites.

| Materials SHOULD NOT be used as liner or base under composite restorations |
|---|
| a) Resin Modified Glass Ionomers |
| b) Flowable composite |
| c) Zinc Oxide Eugenol | d) Compomer |",""
"Operative Dentistry","2. Dental Cements","2","Dentin Protection during cavity restoration is most important when the 'remaining dentin thickness' is:","1 – 2mm","1.5 mm","0.5 – 1mm","0.5 mm","B","'D' [Sturdevant 5th SA ed 410,412/ 5th ed 311]
The need for specific liners and bases are linked to the amount of remaining dentin thickness (RDT).

| Cavity depth | Recommendation |
|---|---|
| Shallow cavities, with RDT 1.5 – 2mm or more | No base, no liner. Varnish or dentin bonding agent is indicated. |
| Moderately deep cavities with RDT (1 – 1.5mm) | ZOE liner except under composite restorations. |
| Deep cavities with RDT (0.5 – 1mm) | Calcium hydroxide liner |",""
"Operative Dentistry","2. Dental Cements","3","Cavity varnish is indicated under amalgam restorations to:","Prevent galvanic currents from reaching the pulp","Improve the marginal seal of the restorations","Seal the dentinal tubules completely","Act as an effective thermal insulator","D","'B' [Sturdevant 5th SA ed 412/ 5th ed 311]
Application of cavity varnish to the prepared walls of amalgam:
• Improve the marginal seal of the restoration.
• Prevents microleakage.
• Prevents discoloration by preventing the diffusion of silver ions into the dentin.
• Reduces post operative sensitivity by reducing the infiltration of fluids at the margins.

Varnish applied to the dentinal surfaces of cast gold restoration reduces pulpal irritation from leuting cement.",""
"Operative Dentistry","2. Dental Cements","4","Calcium hydroxide is preferred to ZOE fillings below a composite resin restoration as:","Calcium hydroxide forms a calcific bridge","Eugenol irritates the inflamed pulp","Eugenol interferes with the setting of composite resins","None of the above","C","'C' [MAN-99]",""
"Operative Dentistry","2. Dental Cements","5","When using the acid etch technique to restore a Class IV fracture, exposed dentin should first be covered with:","Cavity varnish","Phosphoric acid","A calcium hydroxide liner","Zinc oxide-eugenol cement","C","'C' [AIPG-03]",""
"Operative Dentistry","2. Dental Cements","6","Which of the following bases are contra indicated under a composite resin restoration:","Calcium hydroxide","Eugenol base","Zinc phosphate cement","None of the above","B","'B' [KAR-2K]",""
"Operative Dentistry","2. Dental Cements","7","Cements in dentistry can be used as:","Liners","Bases","RC fillers","All of the above","D","'D' [AP-01]",""
"Operative Dentistry","2. Dental Cements","8","Cavity varnish is used for:","To reduce thermal conductivity","To reduce the permeability of acid into dentinal tubules","Action as an obtundant","All of the above","D","'D' [AIIMS-99]",""
"Operative Dentistry","2. Dental Cements","9","Amount of gap required for cement in restoration is:","10-25 microns","2 microns","50-100 microns","No gap required","A","'A' [Marzouk 1st ed 363]
The main objective of die spacing is to create gap for the final casting – cementing medium. The commonly used die spacers are insoluble paints applied in a thickness of 25m. This creates space for a cement with thickness of 25m.",""
"Operative Dentistry","2. Dental Cements","10","Copal varnish is:","ZnO resin","Ca(OH)₂","ZnO glycerin","All of the above","A","'A' [Sturdevant 5th SA ed 407/ 5th ed 176]
Varnish is a natural gum such as copal rosin or synthetic resin dissolved in organic solvent such as alcohol, acetone or ether. As it is applied as thin films. Varnish neither possess mechanical strength nor provide thermal insulation.",""
"Operative Dentistry","2. Dental Cements","11","Amalgam often tends to discolor the teeth. This can be inhibited by using:","A zinc free alloy","An alloy containing zinc","Calcium hydroxide on the pulpal floor","Cavity varnish on all cut surfaces","D","'D' [KAR-01]",""
"Operative Dentistry","2. Dental Cements","12","Fluoride rich materials include?","Silicate cement","Glass ionomer cement","Polycarboxylate cement","All of the above","D","'D' [MAN -97]",""
"Operative Dentistry","2. Dental Cements","13","Glass ionomer cements are composed of","Alumino silicate powder and phosphoric acid","Alumino silicate powder and polyacrylate liquid","Zinc oxide powder and phosphoric acid","Zinc oxide powder and polyacrylate liquid","B","'B' [MAN -95]",""
"Operative Dentistry","2. Dental Cements","14","Which one of the following dental cement accelerates the formation of reparative dentin?","Eugenol","Calcium hydroxide","Zinc oxide","Silica","B","'B' [MAN -97, KAR -2K]",""
"Operative Dentistry","2. Dental Cements","15","Atraumatic Restorative Treatment (ART) technique utilises","Glass ionomer cement","Composite resin","Silver amalgam","Reinforced zinc oxide eugenol cement","A","'A' [MHCET-15]",""
"Operative Dentistry","2. Dental Cements","16","Increased amount of powder in zinc phosphate cement mixture will cause","Decreased strength","Decreased film thickness","Decreased solubility","Increased setting time","B","'B' [MAN -2K]",""
"Operative Dentistry","2. Dental Cements","17","Which of the following is common to both zinc eugenol cement and polycarboxylate cement?","Polyacrylic acid is liquid","Chemical bond to tooth structure","Chelation","Substitution of eugenol by EBA to increase strength of cement","C","'C' [AIIMS -2K]",""
"Operative Dentistry","2. Dental Cements","18","The addition of which of the following can accelerate the setting time of zinc oxide cement:","Zinc acetate","Barium sulphate","Zinc sulphate","Barium chloride","A","'A' [KAR -2K]",""
"Operative Dentistry","2. Dental Cements","19","Which of the following show chemical bond with enamel:","Composites","Direct filling resins","Polycarboxylate cements","BIS-GMA resins in pit and fissure sealants","C","'C' [AIIMS -01]",""
"Operative Dentistry","2. Dental Cements","20","Which of the following cements is most irritant to pulpal tissues?","Zinc phosphate","Silicate","Glass ionomer","Polycarboxylate","A","'A' [KAR -97]",""
"Operative Dentistry","2. Dental Cements","21","Which of the following do polycarboxylate and GIC have in common?","Polysiloxane","Phosphoric acid","Polyacrylic acid","Ion leachable glass","C","'C' [KAR -97]",""
"Operative Dentistry","2. Dental Cements","22","PH of polycarboxylate liquid is:","5","7","8","1.7","D","'D' [Phillips 11th ed 469]
pH of liquid of polycarboxylate cement is 1.7. However, the liquid is rapidly neutralized by the powder and as the setting reaction proceeds, the pH of mix rises rapidly. The larger size of polyacrylic acid molecules limits its diffusion through dentinal tubules. Despite the initial acidic nature of the polycarboxylate cements, they produce minimal irritation to pulp.",""
"Operative Dentistry","2. Dental Cements","23","Which is the cement with adhesive properties?","Zinc oxide eugenol","Zinc polycarboxylate","Silicate","Zinc phosphate","B","'B' [AIPG -98]",""
"Operative Dentistry","2. Dental Cements","24","Eugenol may be replaced in the zinc oxide eugenol cement by:","Acetic acid","Alginic acid","Phosphoric acid","Ortho-ethoxy acid","D","'D' [AIIMS -99]",""
"Operative Dentistry","2. Dental Cements","25","The setting time of zinc phosphate may be retarded by?","Increase in the ratio of powder to liquid","Diluting the liquid with water","Increase the addition of powder to liquid","Decrease the addition of powder to liquid","B","'B' [AIIMS-01, AIPG-02]",""
"Operative Dentistry","2. Dental Cements","26","Thermal conductivity of which material is close to dentin:","Amalgam","Silicate","Composite resin","Cavity varnish","B","'B' [AIIMS-99, AIIMS-95]",""
"Operative Dentistry","2. Dental Cements","27","The logical explanation for the unique anticariogenic property of most silicate cements is:","The reduction in enamel solubility due to fluoride uptake by enamel","That beryllium flux is used in silicates","That silicates show very little leakage at the margins of the restoration","Due to the high silica content","A","'A' [AIIMS -03]",""
"Operative Dentistry","2. Dental Cements","28","Pulpal medication and thermal protection is given by","Solution liners (2-5μm)","Suspension liners (25-30μm)","Traditional Liner (0.2-0.3 mm)","Cement bases","C","'C' [AIIMS-09]",""
"Operative Dentistry","2. Dental Cements","29","Glass ionomer cement is composed of:","Zinc oxide powder and poly carboxylic liquid","Zinc oxide powder and phosphoric acid","Aluminia silicate powder and poly carboxylic liquid","Aluminia silicate powder and phosphoric acid","C","'C' [AP -97, AIPG -89]",""
"Operative Dentistry","2. Dental Cements","30","Which of the following cements is most biocompatible with pulp?","GIC","Copper cement","Zinc phosphate cement","Zinc oxide eugenol cement","D","'D' [AIPG-97]",""
"Operative Dentistry","2. Dental Cements","31","The major component of zinc phosphate cement is:","Zinc oxide","Phosphoric acid","Zinc","None of the above","A","'A' [AP-03]",""
"Operative Dentistry","2. Dental Cements","32","Which of the following cements is most kind to pulp?","Glass ionomer","Polycarboxylate","Silicate","Resin cement","A","'A' [AIPG-94]",""
"Operative Dentistry","2. Dental Cements","33","Polycarboxylate cement is used for:","Temporary restoration","Leuting","Permanent restoration","Die material","B","'B' [KAR-01]",""
"Operative Dentistry","2. Dental Cements","34","Silicate cement is indicated in:","Mouth breathers","Patients with high caries index","In the restoration of posterior tooth","None of the above","B","'B' [AIIMS -97]",""
"Operative Dentistry","2. Dental Cements","35","Stages of setting of GIC are?","Decomposition, migration, post set hardening, maturation.","Migration, decomposition, maturation, post set hardening","Decomposition, post set hardening, migration, maturation","Decomposition, post set hardening, migration, maturation","A","'A' [AIPG-09]",""
"Operative Dentistry","2. Dental Cements","36","The cement, which is least soluble in oral cavity:","Glass ionomer","Resin cement","Polycarboxylate cement","Silico – phosphate cement","B","'B' [KAR -97, PGI -95]",""
"Operative Dentistry","2. Dental Cements","37","Which of the following restorative material is recommended for root surface caries:","GIC","Composites","Direct filling gold","Amalgam","A","'A' [MAN-98]",""
"Operative Dentistry","2. Dental Cements","38","If hypersensitivity develops in a glass ionomer filled tooth, indicated treatment:","Extraction","Remove the restoration and place a sedative dressing","Remove the restoration perform pulpectomy","No treatment is necessary","D","'D' [KAR-88]",""
"Operative Dentistry","2. Dental Cements","39","The role of itaconic acid copolymer in glass ionomer cement:","Reduces the viscosity of the liquid and inhibits gelation","Increases the viscosity of the liquid and accelerates gelation","Increases cohesion","To provide radiolucency","A","'A' [KAR-99]",""
"Operative Dentistry","2. Dental Cements","40","The advantage of glass ionomer cement reinforced with metal particles is:","Decreased strength but biocompatibility","Increased resistance to abrasion","Better colour","Ease of manipulation","B","'B' [AIIMS-94]",""
"Operative Dentistry","2. Dental Cements","41","Which is the material of choice to be given in class V cavities:","Silicate cement","Polycarboxylate cement","Glass ionomer cement","Unfilled resin","C","'C' [KAR-2K, PGI-02]",""
"Operative Dentistry","2. Dental Cements","42","Initial best sealing of margins is done best by:","GIC","Acid etched composite","Amalgam","Polycarboxylate","A","'A' [AIPG-2K]",""
"Operative Dentistry","2. Dental Cements","43","Sandwich technique consists of:","GIC and composite","Amalgam and GIC","Amalgam and composite","None of the above","A","'A' [AIPG-2K]",""
"Operative Dentistry","2. Dental Cements","44","Resin modified glass ionomer is designed to:","Provide rapid setting to minimize cement acidity allowing early finishing","Reduce the rate of fluoride release","Reduce the cost of the product","Change the translucency of the products","A","'A' [MAN-97]",""
"Operative Dentistry","2. Dental Cements","45","After 24 hrs. of setting tensile strength of GIC is:","Equal to Znpo₄","Greater to Znpo₄","Lesser to Znpo₄","None of the above","B","'B' [AIIMS-06]",""
"Operative Dentistry","2. Dental Cements","46","Bond found in GIC is:","Covalent bond.","Ionic bond.","Hydrogen bond.","Metallic bond.","B","'B' [AIIMS-06]",""
"Operative Dentistry","2. Dental Cements","47","Calcium Hydroxide is used in deep cavities in order to:","Form dentin bridge","To kill microorganism","To cause necrosis","As a base under restoration","A","'A' [MCET-07]",""
"Operative Dentistry","2. Dental Cements","48","Deep caries (<2 mm of dentine remaining) management with resin composite restoration would include","Calcium hydroxide","Glass-ionomer cement","Dentine bonding agent","All of the above","D","'D' [KAR-2013]",""
"Operative Dentistry","2. Dental Cements","49","Vitremer is?","Resin modified GIC","Metal modified GIC","Organically modified composite","Polyacid modified composite","A","'A' [PGI JUNE-2012]",""
"Operative Dentistry","2. Dental Cements","50","High Viscosity GIC was discovered in?","1990","1980","1970","2000","B","'B' [PGI JUNE-2011]",""
"Operative Dentistry","2. Dental Cements","51","Which of the following cement has most anticariogenic effect used while placing bands on molar to prevent caries?","GIC","Polycarboxylate","Zinc phosphate","Silicate","A","'A' [AIPG - 2015]",""
"Operative Dentistry","3. Amalgams","1","Conventional dental amalgam alloy contains:","Silver, tin, copper and zinc","Silver, mercury, copper and zinc","Silver, tin, palladium and zinc","Silver, copper, iridium and mercury","A","'A' [MAN-94, AP- 05]
Conventional or traditional amalgam alloys contain Silver 65%, Tin 30%, Copper 5% and Zinc < 1%.",""
"Operative Dentistry","3. Amalgams","2","Contamination of zinc-containing amalgam by moisture during trituration or condensation:","Causes a marked expansion","Increases the setting time","Results in a sharp decrease in flow","Has no appreciable effect on amalgam","A","'A' [Sturdevant 5th SA ed 341/ Sturdevant 5th ed 155]
Delayed expansion occurs when zinc containing alloys are contaminated by moisture during trituration or condensation reaching upto 400 μm/cm. This occurs 3 – 4 days after insertion of amalgam. This is due to formation and accumulation of hydrogen gas in the restoration leading to pain, sensitivity and protrusion of the restoration.",""
"Operative Dentistry","3. Amalgams","3","Advantages of pin-retained amalgam restoration are:","Tooth preparation is more conservative","Restoration can be completed in one visit","Retention form is improved by the use of pins","All of the above","D","'D' [MAN-94]",""
"Operative Dentistry","3. Amalgams","4","In which class of cavities is amalgam contraindicated:","Class 1","Class 2","Class 4","Class 5","C","'C' [MAN-95]",""
"Operative Dentistry","3. Amalgams","5","When a posterior occlusal amalgam makes multiple contacts with an occluding tooth surface, behaves as though it is in:","Flexion","Compression","Shear","Diametral compression","B","'B' [MAN-01]",""
"Operative Dentistry","3. Amalgams","6","A finished and polished amalgam will:","Tarnish with time","Not tarnish and corrode easily","Show secondary caries","Do none of the above","B","'B' [MAN-95]",""
"Operative Dentistry","3. Amalgams","7","Which of the following restorative materials are likely to be eliminated in near future:","Amalgams","Glass ionomer","Porcelain","Composites","A","'A' [MAN-98]",""
"Operative Dentistry","3. Amalgams","8","Average mercury content in well condensed amalgam should not exceed:","30%","40%","50%","60%","C","'C' [MAN-98, 95]",""
"Operative Dentistry","3. Amalgams","9","All are required for the satisfactory bonding of an amalgam restoration in a badly broken molar except:","Resistance form","Mechanical retention","Enamel and dentin conditioning","Pin retention","C","'C' [KAR-98]",""
"Operative Dentistry","3. Amalgams","10","The pins in an amalgam restorative serve to:","Increase strength","Increase retention","Increase resistance of fracture","All the above","D","'D' [MAN-97]",""
"Operative Dentistry","3. Amalgams","11","What appears to be the principle problem with the use of gallium alloys as an amalgam substitute?","Less compressive strength","More expansion which leads to tooth fracture","Poor biocompatibility","Loss of corrosive products","B","'B' [MAN-97]",""
"Operative Dentistry","3. Amalgams","12","The percentage of unconsumed alloy in low copper amalgam is:","20","9.2","8.8","10","C","'C' [MAN-98]",""
"Operative Dentistry","3. Amalgams","13","Threaded pins are used in large dental amalgam restorations to provide:","Retention form","Resistance form","Occlusal stops for opposing teeth","Much needed reinforcement of the amalgam","A","'A' [AIPG-03]",""
"Operative Dentistry","3. Amalgams","14","If continuous hypersensitivity develops in a recently restored tooth:","No treatment necessary","Remove the restoration and place ZOE","Perform pulpectomy","Perform direct pulp capping","C","'C' [AIIMS-03]",""
"Operative Dentistry","3. Amalgams","15","The most common cause of fracture at the isthmus of a class II dental amalgam restoration:","Delayed expansion","Inadequate depth at the isthmus area","Inadequate width at the isthmus area","Moisture contamination of the amalgam","C","'C' [AIPG-98]",""
"Operative Dentistry","3. Amalgams","16","The property of amalgam that makes it undesirable to bevel occlusal margins of an amalgam cavity preparation is its:","Flow","Ductility","Brittleness","Malleability","C","'C' [AIIMS-2K]",""
"Operative Dentistry","3. Amalgams","17","Occlusal isthmus of a M.O. dental amalgam is resistant to fracture if:","Pulpal floor depth is 1mm","Dove tail is present","Axiopulpal line angle is rounded","Unsupported enamel at the gingival cavosurface margin is planed","C","'C' [AIIMS-2K]",""
"Operative Dentistry","3. Amalgams","18","Mercuroscopic expansion in dental amalgam occurs when:","Moisture contamination occurs during condensation of zinc containing amalgam","Moisture contamination occurs during trituration of zinc containing amalgam","Mercury released as a result of electrochemical corrosion re-reacts with Ag-Sn particle","Mercury released as a result of electrochemical corrosion re-reacts with Ag-Cu particle","C","'C' [KAR-99]",""
"Operative Dentistry","3. Amalgams","19","The maximum amount of mercury vapour allowed in the work place:","0.005 mg/m3","0.5 mg/m3","0.05 mg/m3","0.025 mg/m3","C","'C' [KAR-99]",""
"Operative Dentistry","3. Amalgams","20","For a class V cavity for amalgam:","Mesio-distal walls are parallel and occluso-gingival walls converging","Mesio-distal walls diverging, occlusogingival walls converging","MD walls diverging, OG walls diverging","MD walls and OG walls parallel","A","'A' [AIPG-02]",""
"Operative Dentistry","3. Amalgams","21","A patient complains of sensitivity in a Mandibular premolar. A well condensed class V amalgam restoration was placed in that tooth 5 months ago, with no discomfort for the first 4 months. Since then it has become increasingly sensitive. The problem probably relates to:","Marginal leakage","Fractured restoration","Irreversible pulpal damage","Tooth brush abrasion","A","'A' [AIPG-02, AIIMS-03]",""
"Operative Dentistry","3. Amalgams","22","Improper handling of mercury in the clinic results in occupational hazard through:","Absorption of mercury through skin","Mercury along with food","Mercury along with filling","Mercury along with water","A","'A' [AP-03]",""
"Operative Dentistry","3. Amalgams","23","What is the minimal occlusal thickness that will provide resistance to fracture of amalgam:","1.0 mm","1.2 mm","1.5 mm","1.8 mm","C","'C' [KAR-01]",""
"Operative Dentistry","3. Amalgams","24","The most frequent complaint of patients shortly after amalgam restorations are placed is:","Pain on percussion","An open contact point","Cold sensitivity","Numbness around the gingiva","C","'C' [PGI-98]",""
"Operative Dentistry","3. Amalgams","25","An advantage of using a gold restoration rather than an amalgam restoration is:","The ease of tooth preparation","Better adaptation to the walls of the preparation","The greater edge strength of cast gold","It is less expensive","C","'C' [PGI-98]",""
"Operative Dentistry","3. Amalgams","26","Corrosion in Amalgam cracks can be described as:","Wet corrosion","Stress corrosion","Crevice corrosion","Electrolytic corrosion","B","'B' [AP-01]",""
"Operative Dentistry","3. Amalgams","27","The force of condensation is directly related to:","Surface area of the condenser","Material to be condensed","Physical strength of the operator","Weight of the condenser","A","'A' [AP-98]",""
"Operative Dentistry","3. Amalgams","28","The tin mercury phase formed during amalgamation is called:","Gamma phase","Gamma-1phase","Gamma-2phase","Lathe cut","B","'B' [KAR-03]",""
"Operative Dentistry","3. Amalgams","29","Floor of class II cavity for amalgam restoration, occlusally should be:","In enamel","In dentin","In DEJ","Just above the roof of pulp chamber","B","'B' [AIPG-93]",""
"Operative Dentistry","3. Amalgams","30","Cavosurface angle for amalgam is:",">90°","< 90°","0°","None","C","'C' [AP-02,AIPG-93]",""
"Operative Dentistry","3. Amalgams","31","The discoloured corroded superficial layer frequently seen to the surface of amalgam restoration is most likely:","Mercury","A sulfide","Gamma 2","Copper oxide","B","'B' [AIPG-91]",""
"Operative Dentistry","3. Amalgams","32","Direction of placement of retentive pin holes should be:","Perpendicular to external tooth surface","Parallel to external tooth surface","Parallel to other pins","Never beneath cusps to be restored","A","'A' [AIIMS-92]",""
"Operative Dentistry","3. Amalgams","33","Upper limit of urinary mercury attributed to extensive amalgam restoration","1 μg/g of creatinine","3 μg/g of creatinine","2 μg/g of creatinine","4 μg/g of creatinine","A","'A' [KAR-03]",""
"Operative Dentistry","3. Amalgams","34","Which of the following phase is virtually eliminated in high copper amalgam:","Gamma-I phase","Gamma-II phase","Beta phase","None","B","'B' [KAR-97]",""
"Operative Dentistry","3. Amalgams","35","Mechanically, the strongest phase in amalgam restoration is","The original gamma phase (Ag3Sn)","The gamma I phase","The gamma II phase","The copper – Tin phase","B","'B' [KAR-99]",""
"Operative Dentistry","3. Amalgams","36","The most important cause for marginal failure of amalgam restoration is:","Increased creep","Decreased strength","Tarnish and corrosion","Delayed setting of the material","A","'A' [AIPG-91, TNPSC-99]",""
"Operative Dentistry","3. Amalgams","37","Greatest potential hazard of mercury toxicity occurs due to:","Skin contact with mercury","Inhalation of mercury vapours","During amalgam restoration","Ingestion of amalgam scrap during removal","B","'B' [AIIMS-01, AIPG-95]",""
"Operative Dentistry","3. Amalgams","38","Pin retained amalgam is not used in:","Where margins of restoration rest below the gingiva","Non vital teeth","Hypoplastic teeth","Vital teeth","C","'C' [AIPG-96]",""
"Operative Dentistry","3. Amalgams","39","A radio opaque area is observed under a 3-month old silver amalgam filling. The base used most probably was:","Calcium hydroxide","ZOE","Formocresol","Zinc oxyphosphate","B","'B' [PGI-2K, AIPG -06]",""
"Operative Dentistry","3. Amalgams","40","Colour gray detector is used for:","Detecting incipient carious lesions","Caries susceptibility","Differentiating between affected and effected dentin","All of the above","B","'B' [PGI-95]",""
"Operative Dentistry","3. Amalgams","41","Bevel in class II amalgam filling is given for:","Increased retention","Increased resistance","To prevent microleakage","Aesthetic reasons","B","'B' [AIPG-97]",""
"Operative Dentistry","3. Amalgams","42","Which of the following weakest phase of the set amalgam:","Beta-2","Gamma","Gamma-1","Gamma-2","D","'D' [KAR-2K, AP- 06]",""
"Operative Dentistry","3. Amalgams","43","An overhanging proximo-occlusal amalgam restoration leads to:","Decreased retention","Increased retention","Increased plaque accumulations","Fracture of the restoration","C","'C' [KAR-97, AIPG-02]",""
"Operative Dentistry","3. Amalgams","44","After a class V amalgam restoration, patient experiences pain, which may be due to?","Dentin (Hyper) sensitivity","Irreversible pulpal damage","Injury to adjacent gingiva","Any of the above","A","'A' [AIIMS-92]",""
"Operative Dentistry","3. Amalgams","45","The type of stress to which dental amalgam is most resistant:","Shear's stress","Tensile stress","Compressive stress","Impact stress","C","'C' [KAR-97]",""
"Operative Dentistry","3. Amalgams","46","Amalgam contributes to etiology of chronic periodontal disease overlong because it acts as:","A mechanical irritant","Plaque retaining area","Nondeficiency tooth surface","overcontoured tooth surface","B","'B' [AIPG-91]",""
"Operative Dentistry","3. Amalgams","47","Point angles in class II","4","6","5","3","B","'B' [AIPG-91]",""
"Operative Dentistry","3. Amalgams","48","Retentive grooves of a proximal box in a class II cavity prepared for amalgam should be:","Sharp and elongated at the dentino enamel junction of the buccal and lingual walls","Sharp and well defined extending from the gingival to the occlusal cavosurface angle along the buccal and lingual line angles","Elongated and rounded in dentine at the buccoaxial and linguoaxial line angles extending from the gingival wall to the axiopulpal line angle","Short and rounded at the dentino enamel junction of the buccal and lingual walls","A","'A' [AP-02]
Retentive grooves of a proximal box in a class II cavity prepared for amalgam should be sharp and elongated at the dentinoenamel junction of the buccal and lingual walls.",""
"Operative Dentistry","3. Amalgams","49","Polishing agent for amalgam","Tin oxide","Iron oxide","Alumina","Silica","A","'A' [AP-02]",""
"Operative Dentistry","3. Amalgams","50","The main difference between composite and amalgam as restorative material is:","Occlusal wear","Durability","Retention","Manipulation","A","'A' [AIPG-96]",""
"Operative Dentistry","3. Amalgams","51","The most retentive type of pin is","Cemented pin","Self threading pin","Friction locked pin","amalgam pins","B","'B' [TNPSC-99, PGI-03]",""
"Operative Dentistry","3. Amalgams","52","Friction locked pins are usually retained by","Threads on pin","Resiliency of dentine","Luting cement","Channel depth","B","'B' [KAR-98]",""
"Operative Dentistry","3. Amalgams","53","Mercury vapourisation seen during processing while using with premeasured capsule during","Condensation","Carving","Mulling","Trituration","A","'A' [AP-04]",""
"Operative Dentistry","3. Amalgams","54","Angle at gingival bevel in class II inlay cavity preparation","30°","10°","5°","50°","A","'A' [AP-02]",""
"Operative Dentistry","3. Amalgams","55","Difference between class II amalgam and cast restoration is","Bevels","Occlusal resistance form","Outline form","Proximal retention","B","'B' [PGI-03]",""
"Operative Dentistry","3. Amalgams","56","The highest mercury concentration in amalgam filling is found","At the margin of the restoration","In the centre of the restoration","In the deepest part of the restoration","None of the above","A","'A' [MAN-94]",""
"Operative Dentistry","3. Amalgams","57","Admixed high copper alloy powder contains","9-20% Copper","13-20% copper","9-30% copper","13-30% copper","B","'B' [MAN-01]",""
"Operative Dentistry","3. Amalgams","58","Which of the following statements about high copper silver alloy compared to conventional alloy in not true?","It has increased tensile and compressive strength","It has poor tarnish and corrosion resistance","Its edge strength is greater","Mercury content in the final restoration is less","D","'D' [AIIMS-03]",""
"Operative Dentistry","3. Amalgams","59","Setting time of amalgam is best controlled by","Using spherical particles","Lathe cut alloy","Altering Hg-alloy ratio","Trituration time","D","'D' [PGI-02]",""
"Operative Dentistry","3. Amalgams","60","In spherical alloys as compared to lathe cut:","Less condensing force is required","More condensing force is required","Both require same condensing force","Manipulation is easy","A","'A' [AIIMS-95]",""
"Operative Dentistry","3. Amalgams","61","Advantage of Zinc containing amalgam is:","Better handling property","Dimensional stability","Resistance to creep","Toxicity to pulp and dentin","B","'B' [PGI-95]",""
"Operative Dentistry","3. Amalgams","62","Cause of expansion in Zinc containing amalgam is:","Zinc + water","Water","Hydrogen","Nascent oxygen","C","'C' [PGI-95]",""
"Operative Dentistry","3. Amalgams","63","Which of the following amalgam alloys is least susceptible to creep:","Lathe cut","Spherical","Microfine","Dispersion with high copper","D","'D' [PGI-2K]",""
"Operative Dentistry","3. Amalgams","64","How soon after a moisture contamination does a zinc containing amalgam alloy start expanding:","24 hours","1-2 days","3-5 days","7 days","B","'B' [PGI-92]",""
"Operative Dentistry","3. Amalgams","65","Which of the following constituents of amalgam alloy decreases expansion","Copper","Zinc","Silver","Tin","C","'C' [KAR-97]",""
"Operative Dentistry","3. Amalgams","66","Which of the following silver amalgam alloys have the maximum strength","Lathe cut","Spherical","Admixed","Single composition","C","'C' [PGI-97]",""
"Operative Dentistry","3. Amalgams","67","What is the recommended force for condensation of dental amalgam","35 pounds","3 pounds","15 lb","25 lb","A","'A' [COMEDK-04]",""
"Operative Dentistry","3. Amalgams","68","A pin retained amalgam:","Does not reinforce the tooth","Weakens the tooth","Reinforces the amalgam structure","Improves retention of restoration","D","'D' [KAR-04]",""
"Operative Dentistry","3. Amalgams","69","How much fraction of methyl mercury is absorbed from the Gut:","20%","50%","80%","100%","C","'C' [AIPG-06]",""
"Operative Dentistry","3. Amalgams","70","Creep rate decreases with:","Increase force of condensation.","Decrease force of condensation.","Under or overtrituration.","Dealy in time between trituration and condensation.","A","'A' [AIIMS-06]",""
"Operative Dentistry","3. Amalgams","71","The pin used in pin restoration of a root canal treated tooth is:","Self thread pin","Cemented pin","Frictional pin","Any of the above","B","'B' [AIIMS-06]",""
"Operative Dentistry","3. Amalgams","72","The lower blood mercury level at which earliest non specific symptom starts appearing at:","25 ng/ml","35 ng/ml","40 ng/ml","45 ng/ml","C","'C' [AIPG-07]",""
"Operative Dentistry","3. Amalgams","73","Corrosion of amalgam restoration:","Can extend upto a depth of 100 – 500 µm","Decreases if tin content of alloy increase","Is promoted by gama phase of alloy particles","Is resisted the most by copper-tin phase in high copper amalgams","A","'A' [AIPG-06]",""
"Operative Dentistry","3. Amalgams","74","What fraction of inhaled mercury vapour is retained in the body?","45 - 50%","55 - 65%","65 - 85%","> 85%","C","'C' [AIPG-06]",""
"Operative Dentistry","3. Amalgams","75","The ideal ratio of pin in pin restoration between dentin and exposed surface of pin is:","3:1","2:1","1:1","1:2","B","'B' [AIPG-07]",""
"Operative Dentistry","3. Amalgams","76","In amalgam cavity preparation the cavosurface is beveled at:","Less than 90°","Less than 45°","More than 10°","At an obtuse angle","A","'A' [AIPG-07]",""
"Operative Dentistry","3. Amalgams","77","The plane of the axial wall of an M.O. cavity prepared for silver amalgam should be","A flat straight plane bucolingually","Parallel to the long axis of the teeth","Concave to allow greater bulk of amalgam","Parallel to the long axis of the teeth and should follow the buccolingual contour of the tooth","D","'D' [AP-08]",""
"Operative Dentistry","3. Amalgams","78","Which of the following is the most preferred luting agent used for cementing pins in vital teeth?","Zinc phosphate","Zinc phosphate with cavity liner","Poly carboxylate","Glass Ionomer","A","'A' [KAR-01]",""
"Operative Dentistry","3. Amalgams","79","Precarving burnishing is helpful except","Premalgam removal","To remove more marginal mercury","To remove old amalgam restoration","For condensation of marginal mercury","A","'A' [AIPG-2012]",""
"Operative Dentistry","3. Amalgams","80","In amalgam filling there is a wide buccolingual space, the wedge technique used should be (OR) If you are going to restore lower molar with amalgam which is having cavity with proximal box wide buccolingually which wedging technique will you use","Double wedge","Wedge wedge","Single wedge","No wedge","A","'A' [AIPG-2012, AIIMS NOV-14]",""
"Operative Dentistry","3. Amalgams","81","Cavity with normal depth is closest to pulp in","Class I Amalgams","Class II Amalgam","Class V Amalgam","Cast restortion","A","'A' [BHU-07]",""
"Operative Dentistry","3. Amalgams","82","What is the optimum depth for a pinhole in a tooth with a vital pulp","4-5 mm","2-3 mm","2 mm","1-1.5 mm","B","'B' [BHU-07]",""
"Operative Dentistry","3. Amalgams","83","Axiopulpal line angle is bevelled in amalgam preparation to facilitate","Bulk for amalgam in this critical zone","Easy condensation of amalgam","For containment of amalgam within the matrix","To increase the strength of remaining tooth structure","B","'B' [COMEDK-08]",""
"Operative Dentistry","3. Amalgams","84","Conservative cavity for amalgam restoration is made using:","33⅓ inverted cone bur","No. 245 non standardized bur","Pear shaped bur","Taper fissure bur","C","'C' [MCET-07]
The clinical condition shown by the arrow in the below picture depicts","Requires image: Clinical photograph showing amalgam tattoo/lesion"
"Operative Dentistry","3. Amalgams","85","The clinical condition shown by the arrow in the below picture depicts","Amalgam tattoo","Late ecchymotic lesion","Necrosis of gingiva","Pigmentation","A","'A' [APPG-15]","Requires image: Clinical photograph of oral lesion"
"Operative Dentistry","3. Amalgams","86","When the pins are used in the cavity for amalgam, the strength of amalgam:","Increased","Decreased","Unchanged","May increase or decrease","C","'C' [AIPG-09]",""
"Operative Dentistry","3. Amalgams","87","Most modern precapsulated dental amalgam formulated with","50-55% hg by wt.","40-45% hg by wt.","25-35% hg by wt.","15-25% hg by wt.","A","'A' [AIIMS-2011]",""
"Operative Dentistry","3. Amalgams","88","After amalgam polishing, the outermost surface has crystals arranged flattened to tooth surface. This layer is known as","Beilby layer","Beillyi layer","Beibyl layer","none of the above","A","'A' [AIIMS-08]",""
"Operative Dentistry","3. Amalgams","89","Low creep values of high copper amalgams increase its","Solubility","Corrosion","Brittleness","Hardness","D","'D' [BHU-2012]",""
"Operative Dentistry","3. Amalgams","90","Indium is added to amalgam?","It reduces mercury release during mastication","It reduces mercury release during polishing","It reduces gamma phase","It reduces corrosion","B","'B' [AIPG-09]",""
"Operative Dentistry","3. Amalgams","91","Burnishing of dental amalgam restoration does NOT","Reduce surface microporosity","Reduce creep","Improve the marginal seal","Reduce polishing time","A","'A' [AP-09]",""
"Operative Dentistry","3. Amalgams","92","A well packed premeasured capsule without any leak releases mercury during","Condensation","Trituration","Carving","Mulling","B","'B' [AP-10]",""
"Operative Dentistry","3. Amalgams","93","In self threaded pins, the pin hole is smaller than pin channel by diameter:","0.001 inch","0.002 inch","0.003 inch","0.004 inch","A","'A' [AIPG-10]",""
"Operative Dentistry","3. Amalgams","94","Which is the restoration of choice in a patient having moderate carious lesion with heavy occlusal forces?","gold foil","amalgam","cast inlay","ceramic inlay","C","'C' [AIPG-10]",""
"Operative Dentistry","3. Amalgams","95","Discolored areas seen through the enamel in the teeth that have amalgam restorations are known as","Amalgam tattoos","Amalgam overhangs","Amalgam blues","Amalgam ditchings","C","'C' [KCET-2011]",""
"Operative Dentistry","3. Amalgams","96","One of the following statements regarding pin retained restoration is NOT true","Pinholes should never be prepared at different levels on the tooth","A minimum of 0.5 mm clearance should be provided around the circumference of the pin for adequate condensation of the amalgam","Pinhole should located on a flat surface that is perpendicular to the proposed direction of the pinhole","The pinhole should be positioned no closer than 1 mm to DEJ and no closer than 1.5 mm to the external surface.","A","'A' [KCET-2011]",""
"Operative Dentistry","3. Amalgams","97","In pin retained amalgam restoration, failure is more likely to occur at the","Pin restoration interface","Pin dentin interface","Both of the above","Inside of restoration (Restoration fracture)","D","'D' [COMEDK-2011]",""
"Operative Dentistry","3. Amalgams","98","The color code for the 'Regular' size pins in the TMS (Thread Mate System) pins system is","Gold","Silver","Pink","Red","A","'A' [KCET-2012]",""
"Operative Dentistry","3. Amalgams","99","In mechanical trituration of amalgam, what is adversely affected ?","Hardness of filling","Tarnish resistance","Working time","Final gloss of the filling","C","'C' [AIMS NOV-13]",""
"Operative Dentistry","3. Amalgams","100","The pin that causes minimum stress in dentin is","Threaded pin","Cemented pin","Amalga pin","Friction lock pin","B","'B' [GCET-14]",""
"Operative Dentistry","3. Amalgams","101","Amount of fluoride in amalgam is","8% SnF2","10% SnF2","1% NaF","1% sNf2","A","'A' [PGI JUNE-2012]",""
"Operative Dentistry","3. Amalgams","102","Least amount of mercury is required in","Admixed alloy","Spherical","Hybrid","Lathe cut alloy","A","'A' [AIIMS MAY-14]",""
"Operative Dentistry","3. Amalgams","103","Who was associated with second amalgam war?","G V Black","Charles bell","Huggins","Alfred stock","D","'D' [AIIMS NOV-14]",""
"Operative Dentistry","3. Amalgams","104","Pre-carve burnishing is useful for all except","Bring further excess mercury to surface","Increase surface hardness","Decrease number and size of voids","Marginal adaptation","B","'B' [AIIMS MAY- 2015]",""
"Operative Dentistry","3. Amalgams","105","What will not help in reducing discoloration of amalgam restored tooth?","Well condensation","Void in restoration","Use of varnish on the walls prior to insertion of amalgam","Use of varnish over the restoration","B","'B' [AIPG - 2015]",""
"Operative Dentistry","3. Amalgams","106","Pre-carve burnishing is useful for all except","Increase setting time","Removes excess mercury","Initiates carving","Margin of amalgam well condensed","A","'A' [AIPG - 2015]",""
"Operative Dentistry","4. Direct Filling Gold","1","Pure gold fuses at the temperature (in °C) of","863","1063","1263","1463","B","'B' [Phillips 10th ed 431]
Properties of pure gold:
• Very soft with Brinnel hardness number – 25.
• High tarnish and corrosion resistance.
• Most noble of metals.
• It is malleable and ductile.
• It is weldable at room temperature (cold-welded).",""
"Operative Dentistry","4. Direct Filling Gold","2","The carat for gold foil used for restorations is","18","20","22","24","B","'D' [Phillips 10th ed 429]",""
"Operative Dentistry","4. Direct Filling Gold","3","Stress in cold working can be relieved by:","Age hardening","Annealing","Hydrochloric acid","Beating","B","'B' [KAR-01]",""
"Operative Dentistry","4. Direct Filling Gold","4","Annealing of gold foil is the process by which","Contaminants are removed from the surface","rigidity decreases and ductility increases","Both ductility and proportional limit decreases","none of the above","A","'A' [Phillips 11th ed 551]
Degassing or desorption or Annealing is the process of application of heat to gold to remove surface contaminants and render gold cohesive for its compaction. Annealing is accomplished by pure ethanol flame or electric annealer.",""
"Operative Dentistry","4. Direct Filling Gold","5","Which of the following restorative materials requires more skills in manipulative manoeuvres than others","Amalgam","cast gold alloy","pure gold","composite","C","'C' [MAN-98,94]",""
"Operative Dentistry","4. Direct Filling Gold","6","The cohesion of direct gold filling at room temperature is an example of","wedging","annealing","adaptability","atomic attraction","D","'D' [AIIMS-2K]",""
"Operative Dentistry","4. Direct Filling Gold","7","The purpose of heating gold foil before condensing is:","To improve welding quality","To melt the gold","To remove adsorbed gases on gold surface","To increase oxidation","C","'C' [AIPG-96,PGI -01]",""
"Operative Dentistry","4. Direct Filling Gold","8","Alloyed form of direct gold restoration is:","Goldent","Mat gold","Electralloy","laminated gold foil","C","'C' [KAR-03]",""
"Operative Dentistry","4. Direct Filling Gold","9","Tick the odd one out","Degassing","Desorbing","annealing","Metalizing","D","'D' [KAR-98]",""
"Operative Dentistry","4. Direct Filling Gold","10","The amount of force needed to compact direct filling gold properly is influenced mostly by the:","Angle of compaction","Surface area of the condenser","Bulk of the surrounding tooth","Temperature at which gold is annealed","B","'B' [Sturdevant 4th ed 876]
The smaller the nib area of the condenser the greater the force delivered. Force delivered is inversely proportional to the square of the diameter.",""
"Operative Dentistry","4. Direct Filling Gold","11","Gold foil is prepared by","Condensation","Beating","Rolling","annealing","B","'B' [Sturdevant 5th SA ed 420/ Vimal Sikri 1st ed 873]
Gold foil is manufactured by beating pure gold into thin sheets. The numbering system reflects the weight and thickness as well.
• No. 4 thickness - Weight 4 grains – 0.5μm thick.
• No. 3 thickness - Weight 3 grains– 0.38μm thick.",""
"Operative Dentistry","4. Direct Filling Gold","12","The term stepping is associated with","Root canal preparation","direct gold condensation","Silver amalgam condensation","fracture mandible","B","'B' [Sturdevant 5th SA ed 423/ Phillips 11th ed 554]
Stepping refers to the process of pure gold condensation whereby each time condenser overlaps half the previous compaction. Compaction proceeds from centre to periphery. Regardless of the technique used, some 'Bridging' or void spaces occurs.",""
"Operative Dentistry","4. Direct Filling Gold","13","If the nib diameter is reduced by half, the compaction force is","Halved","double","Increases 4 times","constant","C","'C' [KAR-98]",""
"Operative Dentistry","4. Direct Filling Gold","14","The cavosurface margin for direct filling gold are prepared with","90° butt joint","45° Bevelled","30-40° bevel","10° bevel","C","'C' [KAR-98]",""
"Operative Dentistry","4. Direct Filling Gold","15","Best marginal integrity is obtained with","GIC","Gold foil","Gold Inlay","Amalgam","B","'B' [AIPG-94]",""
"Operative Dentistry","4. Direct Filling Gold","16","Surface hardness of gold foil during condensation","Always increases","Always decreases","Increased followed by a decrease","Not correlated","A","'A' [AIPG-93]",""
"Operative Dentistry","4. Direct Filling Gold","17","For class V direct filling gold, retention points are","In the enamel completely","In the occlusal and gingival line angles","In the mesial and distal walls completely","In the axial wall completely","B","'B' [AIPG-90,AP-95]",""
"Operative Dentistry","4. Direct Filling Gold","18","The cohesive gold used as a bulk filler is","Electra alloy","Mat gold","spherical gold","gold foil","B","'B' [MAN-01]",""
"Operative Dentistry","4. Direct Filling Gold","19","Electralloy is an alloy of","Gold and platinum","Cobalt and chromium","Gold and calcium","tin and chromium","C","'C' [Phillips 11th ed 415]",""
"Operative Dentistry","4. Direct Filling Gold","20","Pitting of direct filling gold usually results from","Using contaminated gold foil","Poor finished preparation","Improper stepping of condenser point","using small condenser point","C","'C' [Sturdevant 4th ed 876]",""
"Operative Dentistry","4. Direct Filling Gold","21","The malleting force is directed","perpendicular to the walls","parallel to long axis of crown","45° to the wall","none of the above","C","'C' [Marzouk 1st ed 396]
The forces of condensation must be at 45° to cavity walls and floors. This allows maximum adaptation of gold against walls, floors, line and point angles.

The forces of condensation must be directed at 90° to previously condensed gold. This avoids shear components that displace the already condensed pieces of gold.",""
"Operative Dentistry","4. Direct Filling Gold","22","Which of the following is true about direct filling gold","Properly condensed mat gold has no voids","Whatever may be the type voids are inherent","Voids can be avoided with manual condensation","None of the above","B","'B' [Sturdevant 5th SA ed 422/ Phillips 11th ed 556]",""
"Operative Dentistry","4. Direct Filling Gold","23","Gold with highest strength and can be used in stress bearing area","Gold foil","Mat gold","Spherical gold","Electralloy","D","'D' [KAR-04]",""
"Operative Dentistry","4. Direct Filling Gold","24","Ammonia treated gold foil is also known as","Cohesive foil","Non cohesive foil","corrugated foil","Non corrugated foil","A","'A' [AIPG-07]",""
"Operative Dentistry","4. Direct Filling Gold","25","The calcium content in alloyed electrolytic precipitate is -","0.10%","0.20%","0.50%","0.80%","A","'A' [COMEDK-09]",""
"Operative Dentistry","4. Direct Filling Gold","26","Powdered gold is marketed as -","William's E-Z gold","Morgan's E-Z gold","Robert's E-Z gold","Taggart's E-Z gold","A","'A' [COMEDK-09]",""
"Operative Dentistry","4. Direct Filling Gold","27","The most recent direct filling gold which produces the hardest surface on condensation is","Mat gold","Encapsulated powered gold","Mat gold alloyed with calcium and wrapped in gold foil","Platinized gold","C","'C' [AP-2013]",""
"Operative Dentistry","5. Composites","1","Which of the following is an example of a composite material:","A filled resin","Colloidal silica","gold alloy","wax","A","'A' [Phillips 11th ed 401]
Composite is a combination of two or more materials having chemically distinct interface between them. Eg. Filled resin.",""
"Operative Dentistry","5. Composites","2","Radio opacity of composite resins is rendered by","Silica glass","organic matrix","barium glass","fluoride particles","C","'C' [MAN-02]",""
"Operative Dentistry","5. Composites","3","The main advantage of composites over unfilled direct filling resin is their:","Higher solubility in saliva","Lower modulous of elasticity","esthetic excellence","Lower thermal co-efficient of expansion","D","'D' [KAR-97]",""
"Operative Dentistry","5. Composites","4","Composite has","resin","filler","resin and filler","none","C","'C' [AP-01]",""
"Operative Dentistry","5. Composites","5","Bonding of composite resins to tooth structure is by:","Covalent bond","ionic bond","mechanical","vanderwaal forces","C","'C' [KAR-01]",""
"Operative Dentistry","5. Composites","6","The chemical used to etch enamel is","Zinc oxide","methyl methacrylate","phosphoric acid","eugenol","C","'C' [PGI-98]",""
"Operative Dentistry","5. Composites","7","The function of the coupling agent in a restorative resin is to allow:","Adhesion of resin particles","Bonding between filler crystals","Bonding between filler and resin","Bonding between tooth and resin","C","'C' [MAN-94,AIPG-94]",""
"Operative Dentistry","5. Composites","8","The particle size in microfilled composites is","0.02—0.04mm","0.5—1.0","0.04—0.4 microns","0.3—0.4mm","C","'C' [AP-03]",""
"Operative Dentistry","5. Composites","9","Dentin bonding agents usually contain","Only hydrophobic component","Only hydrophilic component","Hydrophobic and hydrophilic component","lyophilic and lyophobic component","C","'C' [COMEDK-04]",""
"Operative Dentistry","5. Composites","10","Advantage of using visible light for light cure resins is","It is easily processed by any light source","Machine is easily available","It can cure the resin through enamel","The finish is better","C","'C' [MAN-97]",""
"Operative Dentistry","5. Composites","11","As compared to UV light, visible light can cure","Greater depth of resin","Lesser depth of resin","Only superficial layer","None of the above","A","'A' [MAN-97]",""
"Operative Dentistry","5. Composites","12","Esthetic restorative materials are","Glass ionomer cement","composite","silicate","all of the above","B","'B' [MAN-97]",""
"Operative Dentistry","5. Composites","13","An old composite restoration is to be replaced. The best method is","To remove entire restoration, reetch and refill","To roughen the old restoration, reetch and refill","composite restorations cannot be replaced or refilled","none of the above","B","'B' [MAN-98]",""
"Operative Dentistry","5. Composites","14","Which is not a property of resin ionomer restorative material","It is a dual cure polymerization system","It is radiolucent","It releases fluoride","It adheres to the dentin","B","'B' [MAN-01]",""
"Operative Dentistry","5. Composites","15","Restoration of angle fracture of anterior teeth done by","Amalgam","Composite resin","GIC","All of the above","B","'B' [MAN-95]",""
"Operative Dentistry","5. Composites","16","Increasing the etching concentration","Increases the micropores formed","Increases the length of the enamel tags","Causes precipitation of phosphates","increases the bond strength","B","'B' [MAN-02]",""
"Operative Dentistry","5. Composites","17","The light from the UV light curing unit can cause:","Iritis","Cataract","Retinal damage","Corneal ulceration","C","'C' [KAR-2K]",""
"Operative Dentistry","5. Composites","18","The etching of intact enamel with phosphoric acid produces:","an increases in surface area","a decrease in surface area","An increase in chemical bonding capabilities","a decrease in chemical bonding capabilities","A","'A' [KAR-98]",""
"Operative Dentistry","5. Composites","19","In class III composite preparation, retention points should be placed:","In the axial wall","Entirely in dentine","At the dentinoenamel junction","At the expense of facial and lingual wall","B","'B' [AIIMS-94]",""
"Operative Dentistry","5. Composites","20","Which of the following should be used to clean the operating site before giving composite restorations?","Pumice slurry","Prophy paste containing glycerine","c) prophy paste containing fluoride","all of the above","A","'A' [KAR-01]",""
"Operative Dentistry","5. Composites","21","The coupling agent used in composite resin","Colloidal silica","Urethane dimethacrylate","Organo silanes","Diketones","C","'C' [KAR-99]",""
"Operative Dentistry","5. Composites","22","Class II composites are inferior to amalgam due to:","Less abrasion resistance","Lower compressive strength","Lower tensile strength","Greater solubility","B","'B' [AIPG-2K]",""
"Operative Dentistry","5. Composites","23","What is the modern approach treatment of a discoloured crown?","Composite restoration","Full crown","Bleaching","Implant","C","'C' [AIPG-95]",""
"Operative Dentistry","5. Composites","24","Which of the following is not an appropriate material for composite hand instruments?","Stainless steel","Teflon","Teflon coated metal","Nonmetallic","A","'A' [KAR-01]",""
"Operative Dentistry","5. Composites","25","Improved marginal adaptation in a composite restoration can be achieved by:","Moisture free environment","Application of pressure","Acid etching","Continued packing","C","'C' [AIIMS-99]",""
"Operative Dentistry","5. Composites","26","Acid etching of enamel margins","Provides chemical retention","Provides mechanical retention","Is used as resistance form","Is used for pulp protection","B","'B' [KAR-98]",""
"Operative Dentistry","5. Composites","27","Core built up on a molar tooth should preferably be done with a chemically cured composite as:","Light cure resin lacks sufficient strength for a core","Core made with a light cure resin would be too opaque and esthetically unacceptable","core made with a light cure resin would be too brittle and would fracture easily","Its lower viscosity allows free flow of resin also around pins and post","A","'A' [AIIMS-01]",""
"Operative Dentistry","5. Composites","28","Sensitivity in gingival area of class II light cured composite restoration after 2 months is due to:","Improper cavity preparation at gingival margin","Curing from occlusal area only","Addition of resin in multiple increments","Curing from buccal and lingual aspect","C","'C' [AIIMS-01]",""
"Operative Dentistry","5. Composites","29","All of the following are true for light cure composite except:","Held at distance of 1mm from tooth","Use of orange glass shield for eye protection","curing cycle of 40-60 seconds","Adding increments of 1-2 mm","A","'A' [AIIMS-95]",""
"Operative Dentistry","5. Composites","30","Increased size of filler particle in composite:","Increases strength","Decreases surface roughness","Increases exposure time","decreases viscosity","A","'A' [AIIMS-95]",""
"Operative Dentistry","5. Composites","31","Cross-linking in resins helps increasing:","Strength","Hardness","Crazing resistance","All of the above","D","'D' [AIIMS-95]",""
"Operative Dentistry","5. Composites","32","Advantages of light activated composite resins are:","Extended working time","Reduced resistance to wear or abrasion","Better resistance to wear or abrasion","All of the above","C","'C' [KAR-97]",""
"Operative Dentistry","5. Composites","33","Shade determination of composite resin restoration on a tooth should be done:","Before placement of rubber dam","On a dry tooth","Under bright light","Using a dry shade guide","A","'A' [AIPG-95]",""
"Operative Dentistry","5. Composites","34","The penetration of the fissure sealant into the fissure:","Is not influenced by the wettability of the enamel","Is independent of the chemical composition of the enamel","Is the result of a chemical bond between the sealant and enamel","Must occur before the polymerization of the material","D","'D' [AIIMS-01]",""
"Operative Dentistry","5. Composites","35","In a deep cavity if a composite restoration is to be placed, there is a need for:","Calcium hydroxide base","Cavity varnish","Resin base","No need for any of the above","A","'A' [AIIMS-2K]",""
"Operative Dentistry","5. Composites","36","The microwave method of processing resin is better than the conventional in that it provides:","Better shine","Less porosity","Less shrinkage","Color stability","D","'D' [AIIMS-99]",""
"Operative Dentistry","5. Composites","37","Filled sealants are better than unfilled due to:","High viscosity","High strength","Cotton application","Low abrasion","B","'B' [AIPG-2K]",""
"Operative Dentistry","5. Composites","38","Polishing of composite is problematic due to:","Soft matrix and hard filler particles","Hard filler particles","Hardness of matrix and filler particles","None of the above","A","'A' [AIIMS-97]",""
"Operative Dentistry","5. Composites","39","Micro abrasion involves the use of:","Sulphuric acid","Acetic acid","Phosphoric acid","Hydrochloric acid","B","'B' [AIPG-04]",""
"Operative Dentistry","5. Composites","40","Inorganic phase of the composite aids in","Increasing mechanical strength","Decreasing the coefficient of thermal expansion","reducing the polymerization shrinkage","all of the above","D","'D' [AP-98]",""
"Operative Dentistry","5. Composites","41","The major constituent in composite is","BIS-GMA and UDMA","Glycol and Glycidine","GIC and Silicate","Zinc oxide","A","'A' [AP-03]",""
"Operative Dentistry","5. Composites","42","True about self etched primer is","Remove smear layer","Does not remove smear layer but binds it to dentin","Increase dentin permeability","Increase sensitivity","B","'B' [PGI-2011]",""
"Operative Dentistry","5. Composites","43","What is the wavelength of visible light used for curing light cure resin restorations?","400-420nm","420-475nm","300-370nm","475-500nm","B","'B' [AIPG-95, 05]",""
"Operative Dentistry","5. Composites","44","Final finishing of composite resin is usually done","At the same time when restoration is place","24 hours after restoration is placed","48 hours after restoration is placed","after 1 week of placement","B","'B' [KAR-98]",""
"Operative Dentistry","5. Composites","45","Which of the following properties is the most trouble some for composite materials used for posterior restorations?","Wear resistance","Water sorption","Coefficient of thermal expansion","Compressive strength","A","'A' [TNPSC-99]",""
"Operative Dentistry","5. Composites","46","Marginal leakage due to temperature changes commonly seen in","Amalgam alloy","Unfilled resin","filled resin","Gold alloy","B","'B' [AP-04,05; AIPG-89]",""
"Operative Dentistry","5. Composites","47","Shade selection is done with in how much time to avoid fatigue of eyes?","5 seconds","10 seconds","15 seconds","20 seconds","B","'B' [AIPG-2012, 2014]",""
"Operative Dentistry","5. Composites","48","Which lasers can be used to cure composite resins?","Argon","Nd YAG","Er YAG","CO₂","A","'A' [AP-05]",""
"Operative Dentistry","5. Composites","49","Microleakage is more in","Direct gold filling","Composite","Amalgam","GIC","C","'C' [AP-06]",""
"Operative Dentistry","5. Composites","50","About acid etching of dentin all are true, except:","It removes smear layer.","It expose collagen.","It opens dentinal tubules.","It increase surface energy.","D","'D' [AIIMS-06]",""
"Operative Dentistry","5. Composites","51","Ormocers are:","Organically modified ceramics","Inorganically modified ceramics","Organically modified Glass Ionomer Cement","Inorganically modified Glass Ionomer Cement","A","'A' [AI-05]",""
"Operative Dentistry","5. Composites","52","Nanofillers are in the range of:","10 - 100 microns","0.1 – 1 microns","0.01 – 0.1 microns","0.001 – 0.01 microns","D","'D' [AI-05]",""
"Operative Dentistry","5. Composites","53","The poly-acid modified composite are known as","Compomers","Hybrid Ionomers","Poly Carboxylates","Poly acrylates","A","'A' [AIPG-07, COMEDK-15]",""
"Operative Dentistry","5. Composites","54","Photopolymerization stress build-up can be reduced by","High density curing","Soft-start polymerization","Low density curing","Short exposure time","B","'B' [AIPG-07]",""
"Operative Dentistry","5. Composites","55","All of the following are disadvantages of composite restoration except:","Greater localized occlusal wear","Recurrent secondary caries","Technique sensitive","More time in replacement","A","'A' [AIIMS-06]",""
"Operative Dentistry","5. Composites","56","All of the following are true about polymerization shrinkage of composite resin except:","The more surface area of bonded structure causes LESS shrinkage compare to surface area of unbonded structure restoration.","Class-V composite restoration causes. Contraction more than gold restoration.","Etching and priming reduces shrinkages.","One third (1/3rd) of the enamel involves causes more shrinkage.","A","'A' [AIIMS-06]",""
"Operative Dentistry","5. Composites","57","Self etching primers","Simultaneously etch and prime dentin and enamel","Etches enamel only","Only bonds to enamel","Only removes smear layer","A","'A' [KCET-07]",""
"Operative Dentistry","5. Composites","58","Retention in a composite restoration is mainly attained by","Chemical adhesion","Acid etching & Bonding","Inverted Truncated shape","Undercuts","B","'B' [KCET-08]",""
"Operative Dentistry","5. Composites","59","Discoloration and accelerated wear is seen in composite restoration if a patient is using a tooth paste having","Stannous flouride","Calcium carbonate","Chloroform","Glycerin","C","'C' [KAR-02]",""
"Operative Dentistry","5. Composites","60","Whenever tooth structure is cut with bur residual organic and inorganic components form the","beilby layer","hybrid layer","smear layer","rubbish layer","C","'C' [AP-2013]",""
"Operative Dentistry","5. Composites","61","What is the approximate stress caused by polymerisation shrinkage of composite?","1 Mpa","5 Mpa","15 Mpa","30 Mpa","B","'B' [AIPG-09]",""
"Operative Dentistry","5. Composites","62","A Dentin 'Primer'?","Etches the dentin","It increases the surface energy & wets the dentin surface","Removes the smear layer","Conditions the dentin","B","'B' [AIPG-09]",""
"Operative Dentistry","5. Composites","63","Composites are not recommended for direct posterior restorations in all the following except:","Heavy occlusal stresses","Deep subgingival areas","Interim restorations","Isolation is not possible","C","'C' [UPSC-09]",""
"Operative Dentistry","5. Composites","64","Which of the following is most stable restoration for a G.V. Black class V unstable erosive lesion?","Acid etch composite","GIC","Resin modified GIC","Compomer","B","'B' [AIPG-09, AIIMS MAY- 2012]",""
"Operative Dentistry","5. Composites","65","Which of the following is material of choice in class V cavity with abfraction?","GIC","Hybrid composite","Microfilled composite","Compomer","A","'A' [AIPG-09]",""
"Operative Dentistry","5. Composites","66","When the concentration of the etchant is more than 50%, it forms a complex which prevents further dissolution. The complex is","hydroxyapatite","calcium phosphate","monocalcium phosphate monohydrate","none of the above","C","'C' [AP-09]",""
"Operative Dentistry","5. Composites","67","To prevent sensitivity caused by acid etching and to protect pulp in deep cavities which of the following should be used.","Ca(OH)₂, liner","ZOE","Light cured GIC liner","Varnish","A","'A' [AIIMS-08]",""
"Operative Dentistry","5. Composites","68","Slow or soft start polymerization is seen in","A.L.E.D. ligh cure units","Laser light cure units","Quartz-Tungsten-Halogen light cure units","PAC light cure units","A","'A' [AIIMS-08]",""
"Operative Dentistry","5. Composites","69","BIS-GMA in composites","Replaced strontium filler particles","Replaced acid soluble glass particles","Replaced silane coupling agents","Replaced methacrylate based matrix","D","'D' [KCET-10]",""
"Operative Dentistry","5. Composites","70","Acid dissolution is most common in which part of rod","Periphery of head","Head region","Rod tails","equally","C","'C' [KCET-10]",""
"Operative Dentistry","5. Composites","71","Percentage of Phosphoric acid where Dicalcium phosphate monohydrate is formed that cannot be rinsed off.","25%","37%","50%","85%","B","'B' [AIIMS-09]",""
"Operative Dentistry","5. Composites","72","Which lasers can be used to cure composite resins?","Argon","NdYAG","ErYAG","CO2","A","'A' [COMEDK-2011]",""
"Operative Dentistry","5. Composites","73","After the dentist has completed an etching procedure on a class III composite preparation, the preparation gets contaminated with saliva. In response, the dentist should do which of the following?","Blow away the saliva with air, and then proceed.","Rinse away the saliva with water, dry the preparation, then proceed.","Wipe away the saliva with cotton pellet, rinse the preparation with water, dry it with air, and then proceed.","Rinse away the saliva with water, dry the preparation with air, then repeats the etching procedure.","D","'D' [AIPG-2009, 11]",""
"Operative Dentistry","5. Composites","74","The value of C-factor for class IV composite restoration is","0.25","0.5","1.0","2.0","A","'A' [KCET-2012]",""
"Operative Dentistry","5. Composites","75","For indirect tooth-colored restorations the recommended gingival-occlusal divergence per wall is in the range of","Greater than 2-5 degrees","2-5 degrees","Less than 2-5 degrees","Less than 5 degrees","B","'B' [KCET-2012]",""
"Operative Dentistry","5. Composites","76","The first generation and second generation flowable composites are intended to be used for","Class V and Class II restorations, respectively","Pit-and-fissure sealants and small anterior restorations, respectively","Class I and class II restorations, respectively","Pit-and-fissure sealants and Class I restorations, respectively","B","'B' [KCET-2012]",""
"Operative Dentistry","5. Composites","77","The components of fourth generation dentin bonding systems are described as","Self etching adhesive","Self etching primer/adhesive","Total etch, multi bottle","Total-etch, single bottle","C","'C' [KCET-2012]",""
"Operative Dentistry","5. Composites","78","As compared to total etch adhesives, self etching primers are","More technique sensitive","Less technique sensitive","Same in sensitivity","None of the above","B","'B' [BHU-2012]",""
"Operative Dentistry","5. Composites","79","While halo or line around enamel margin in composite restoration is not due to","Low intensity light curing","High intensity light curing","Inadequate etching and bonding","Traumatic contouring","B","'B' [BHU-2012]",""
"Operative Dentistry","5. Composites","80","The purpose of acid etching prior to composite resin restoration is","To soften the enamel","To produce surface irregularities","To produce a clear enamel surface","To remove the smear layer","B","'B' [AP-2012]",""
"Operative Dentistry","5. Composites","81","While working with dental material the factor C is associated with","Condensation force","Tensile strength","Polymerization shrinkage","Carving of amalgam","C","'C' [AIPG-2012]",""
"Operative Dentistry","5. Composites","82","A young female patient reports to the dental office with complaint of small gaps between her teeth","Porcelain veneers","Porcelain jacket crown","Orthodontic tooth movement","Diastema closure using composite","D","'D' [COMEDK -2013]",""
"Operative Dentistry","5. Composites","83","After etching you see hand piece oil contamination than you should do:","Re etching for 10 sec & than continue","continue with bonding","dry with air syringe and proceed with bonding agent","Rinse with water and proceed with bonding agent","D","'D' [NEET-2013]",""
"Operative Dentistry","5. Composites","84","For photo initiated resin system, the optimum depth of cure is obtained with emitting orifice held","within 4 mm of resin surface","slightly touching resin surface","within 1 mm of resin surface","within 3 mm of resin surface","B","'B' [AP-2013]",""
"Operative Dentistry","5. Composites","85","For a bonding agent to be effective wetting angle should be","Minimum with dental hard tissue","Minimum with dentin and Maximum with enamel","Maximum with dentin and Minimum with enamel","Maximum with dental hard tissue","A","'A' [AIMS NOV-13]",""
"Operative Dentistry","5. Composites","86","Diagnodent uses what for detecting caries","Sound wave","Visible light","LASER","Nanotechnology","C","'C' [AIMS NOV-13]",""
"Operative Dentistry","5. Composites","87","According to scientists recent studies says about pattern of enamel prism demineralization, true is","Head and tail both are resistant to dissolution","Head and tail both are not resistant to dissolution","Head is more resistant to dissolution","Tail is more resistant to dissolution","D","'D' [AIMS NOV-13]",""
"Operative Dentistry","5. Composites","88","Bonding agents have hydrophilic and hydrophobic groups, hydrophobic group binds which structure","Calcium in enamel","Hydroxyapatite group in hard tissue","Resin in restoration","Collagen in dentin","C","'C' [AIMS NOV-13]",""
"Operative Dentistry","5. Composites","89","Type I enamel etching pattern","Involves the dissolution of prism peripheries","Involves the dissolution of prism cores","Not related with enamel prism","Involves dentin and enamel","A","'A' [AIMS NOV-13]",""
"Operative Dentistry","5. Composites","90","The principal resin constituent of polishable composite resin is","Poly methyl methacrylate","Polycarbonates","Urethane dimethacrylate","Cyanoacrylates","C","'C' [AP-14]",""
"Operative Dentistry","5. Composites","91","Glass reinforced composite is used in all of the following except ?","Obturation of young permanent teeth","Splinting of teeth","Space maintainer","Used in intra-post cementation of endodontically treated tooth","D","'D' [AIPG-14]",""
"Operative Dentistry","5. Composites","92","C-factor is associated with?","Condensing force for amalgam","Cavity preparation factor for amalgam","Root curvature","Polymerisation shrinkage in composite","D","'D' [AIIMS MAY-14]",""
"Operative Dentistry","5. Composites","93","Which of the following contains primer and bonding agent in a single bottle and is known as 'single component system'","3rd generation","4th generation","5th generation","6th generation","C","'C' [PGI DEC-13]",""
"Operative Dentistry","5. Composites","94","Self-etching adhesives?","Incorporates the smear layer into the surface","Removes the smear layer","Fixes the smear layer","Makes impregnation in the smear layer by acidic molecules but does not remove it.","D","'D' [PGI DEC-11]",""
"Operative Dentistry","5. Composites","95","All of the following help in reducing polymerization shrinkage EXCEPT","RMGIC liner","Flowable composites","Anatomic layering technique","Use of co-polymers like TEGDMA","D","'D' [KERALA-2015]",""
"Operative Dentistry","5. Composites","96","What is the thickness of bonding agent when applied with brush to condition the dentin which minimises or prevents air incorporation?","50 microns","100 microns","150 microns","200 microns","B","'B' [PGI DEC-2013]",""
"Operative Dentistry","5. Composites","97","Total-etch concept was put forth by","Nakabayhashi","Buonocore","Bowen","Fusayama","A","'A' [KERALA-2015]",""
"Operative Dentistry","5. Composites","98","Re-etching saliva contaminated etched enamel should be done for","30 seconds","20 seconds","10 seconds","5 seconds","C","'C' [KERALA - 2016]",""
"Operative Dentistry","5. Composites","99","Enamel etching produces","Two patterns","Three patterns","Four patterns","One pattern","B","'B' [KERALA - 2016]",""
"Operative Dentistry","5. Composites","100","Major difference between self-etch primer and total etch adhesive?","Bond strength","Time","No need of wet bonding agent","Amount of smear layer removal","D","'D' [AIPG - 2015]",""
"Operative Dentistry","5. Composites","101","The 37% hydrophosphoric acid typically dissolves about _______ micrometer of enamel surface and creates a zone of etched enamel rods for about 15-25 micrometer","5-10 microns","1-5 microns","10-15 microns","> 15 microns","A","'A' [AIPG - 2015]",""
"Operative Dentistry","6. Cast Restorations","1","Secondary flare provides a marginal metal of","10-20 degrees","30-40 degrees","140-150 degrees","none of the above","B","'B' [MAN-94,AIIMS-93]
In intracoronal cavity preparations, bevels are placed on occlusal and gingival margins while flares are prepared on facial and lingual proximal walls.
• 30 – 40° marginal metal which can be easily burnishable and adaptable.
• 140 – 150° strong enamel margin.

Primary flares always have a specific angulation of 45° to the inner dentinal wall paper. Secondary flare is a flat plane superimposed perpendicular to a primary flare. Secondary flares have different angulations.",""
"Operative Dentistry","6. Cast Restorations","2","The size of sprue in casting an average bicuspid M.O.D. casting by centrifugal force is","10 gauge","12 gauge","16 gauge","20 gauge","B","'B' [MAN-98]
Generally sprue former diameter is between 8 – 18 gauge, 8 gauge is 3mm in diameter and 18 gauge is 0.8mm in diameter. The more the diameter, the faster the melt enters the mold.
• Sprue gauge for inlay – 8 – 12
• Sprue gauge for onlay – 10 – 14",""
"Operative Dentistry","6. Cast Restorations","3","Sprue should ideally be made of","Inlay wax","plastic rod","Hollow plastic","hollow metal","D","'D' [Marzouk 1st ed 376]
The three types of sprue formers are resin, wax and metal. Metal sprue formers have the advantage of rigidity during investment. Metal sprue formers may be hollow or solid.

Hollow metal sprue formers are preferable as they are more retentive to the pattern and supply minimal heat to the already formulated pattern.",""
"Operative Dentistry","6. Cast Restorations","4","In a class II mesio occlusal inlay gingival bevel is at","30-40","45-60","60-80","no fixed angulation","A","'A' [MAN-99,2K]
Occlusal bevel in inlay – 30 - 45°
• Gingival bevel in inlay – 30°
• Gingival bevel in amalgam restoration – 15-20°",""
"Operative Dentistry","6. Cast Restorations","5","Reverse bevel is given for","Convenience form","Resistance from","Lap sliding fit","To remove the undermined enamel","A","'A' [MAN-01]

| Bevel | Description |
|---|---|
| Partial bevel | Involves part of enamel. Used for removal of weakened enamel. |
| Short bevel | Involves entire enamel. |
| Long bevel | Involves entire enamel and half of dentin. Most commonly used bevel. |
| Full bevel | Involves full enamel and dentin. |
| Counter or reverse bevel | For capping cusps to protect and support them. |",""
"Operative Dentistry","6. Cast Restorations","6","The final polish of a cast gold alloy to achieve a smooth polished surface is done by","Pickling","electropolishing","sand blasting","rouge","D","'D' [Marzouk 1st ed 388]
Pickling is the process of cleaning the gold casting by 50% warm HCl. Final polishing of cast gold restorations is by the use of Iron oxide (rouge).

Option 'C' sandblasting with aluminium oxide is recommended for removing the investment material from base metal alloys. Final finishing of base metal restorations is obtained by electrolytic polishing.",""
"Operative Dentistry","6. Cast Restorations","7","In a MO cavity prepared for inlay, mechanical advantage to prevent proximal displacement of the restoration is by establishing:","Adequate pulpal depth","Parallel walls","Occlusal dovetail","Acute lingual inclination in axiogingival area","C","'C' [AIIMS-01,AP-04]",""
"Operative Dentistry","6. Cast Restorations","8","The sprue in wax pattern should be placed","At right angle","At acute angle","At obtuse angle","It depends upon type of wax pattern","A","'A' [AIPG-04]
The sprue is placed at 45° angle to the wax pattern. If it is directed at 90° to a flat portion of a wax pattern, reverse flow with turbulence occurs.",""
"Operative Dentistry","6. Cast Restorations","9","The occlusal clearance of an onlay is best detected by;","Depth cuts","Visual inspection","Wax chew-in","Articulating paper","C","'C' [Sturdevant 4th ed 824]
Wax interocclusal records are helpful for checking the occlusal clearance.

Option 'A' depth cuts serve as guides for the cusp reduction.",""
"Operative Dentistry","6. Cast Restorations","10","Type III gold alloy does not have following features except:","Harder than type IV","Used for small inlays","Easily burnishable than type IV","Less gold than type IV","B","'B' [AIIMS-95]
Cast gold alloys contain at least 75% of noble metal elements. The content of gold decreases from Type I to Type II alloys.",""
"Operative Dentistry","6. Cast Restorations","11","Binder in investment for dental castings:","Provides about reduction in expansion","Provides adequate strength to the investment, holds ingredients together and provides rigidity.","Is usually a form of silica","Can be safely heated above 700°C when present in the form of gypsum","B","'B' [AIIMS-92]",""
"Operative Dentistry","6. Cast Restorations","12","During preparation for cast gold restoration, the tooth tissue which is weakened by cavity preparation and subjected to damage by forces of mastication must be:","Reduced and covered by a cast restoration","Cemented firmly on amalgam core","Protected by full coverage of the teeth","Beveled and the patient asked not to exert force","A","'A' [AIPG-98,01]",""
"Operative Dentistry","6. Cast Restorations","13","Dental wax pattern should be invested as soon as possible because of danger of:","Distortion due to relaxation of internal stresses","Drying of the wax pattern","Continued expansion of wax","Reduction in flow of wax","A","'A' [AIPG-98,AP97]",""
"Operative Dentistry","6. Cast Restorations","14","Gypsum bonded investment should not be heated above:","900 degrees centigrade","1000 degrees centigrade","700 degrees centigrade","800 degrees centigrade","C","'C' [KAR -2K]",""
"Operative Dentistry","6. Cast Restorations","15","It is necessary to remove a disto-occlusal inlay from maxillary premolar. The procedure of choice is:","Cut through the isthmus and remove the inlay in 2 pieces","Use a chisel and mallet","Try to tease the inlay out with help of an elevator","Remove the inlay in one piece","A","'A' [AIIMS-95]",""
"Operative Dentistry","6. Cast Restorations","16","Water quenching a gold alloy casting (within its investment. is done immediately after the dull redness of the button disappears is done to:","Increase the degree of ductility of the casting","Decrease corrosion","Facilitate the easy removal of the casting from its mold","To achieve a desirable surface on the casting","A","'A' [AIPG-01]",""
"Operative Dentistry","6. Cast Restorations","17","The minimally acceptable restoration for an endodontically treated maxillary first premolar is:","An onlay","An MOD amalgam","A full cast crown","An occlusal amalgam","A","'A' [PGI-03]",""
"Operative Dentistry","6. Cast Restorations","18","Failure of casting to seat on the cast is overcomed by","Scraping the cast to seat","Forcefully position the casting","Wash the casting with HCL","Discard if the discrepancy is more than 0.3mm","D","'D' [PGI-02]",""
"Operative Dentistry","6. Cast Restorations","19","Which of the following is the functionally generated occlusal registration in an indirect gold casting technique","Centric relation","Anatomic registration","Registration of the envelope of occlusion","Static registration of dynamic occlusion","B","'B' [AIPG-92]",""
"Operative Dentistry","6. Cast Restorations","20","The asbestos liner is used in a casting ring to","Permit expansion of the mold","Retard heating of the investment","Facilitate venting of the mold","Both 1 and 3","D","'D' [KAR-99]",""
"Operative Dentistry","6. Cast Restorations","21","The best restoration for posterior tooth with an undermined cusp with caries is:","Cast gold","Silver amalgam","Direct gold filling","Pin retained amalgam restoration","A","'A' [PGI-01]",""
"Operative Dentistry","6. Cast Restorations","22","Reverse bevels are given:","To facilitate easy withdrawal of wax pattern","For purpose of aesthetics","To counteract oblique forces","All of the above","C","'C' [AIPG-96,94]",""
"Operative Dentistry","6. Cast Restorations","23","Pain and sensitivity in a tooth with onlay after 4 months is due to:","Supra occlusion","Gingivitis","Infra occlusion","None of the above","A","'A' [AIIMS-97]",""
"Operative Dentistry","6. Cast Restorations","24","In designing a retainer on a noncarious mandibular first premolar abutment with short clinical crown which of the following restorations is most appropriate?","A full crown","A reverse 3/4 crown","MOD onlay","Inlay","C","'C' [AIPG-92]",""
"Operative Dentistry","6. Cast Restorations","25","Contact areas in a gold inlay should be:","Soldered","Carved out and contoured in the wax pattern","A point contact with neighboring teeth","Rounded and at a distance from neighboring tooth","B","'B' [AIPG-95]",""
"Operative Dentistry","6. Cast Restorations","26","Pickling is done:","To remove oxide film from casting","Polish the casting","Improve the strength of casting","Avoid casting defects","A","'A' [AIPG-96,94]",""
"Operative Dentistry","6. Cast Restorations","27","Base metal alloys are useful for","Cast partial dentures","Crowns","Orthodontic wires","all of the above","D","'D' [AIIMS-03,KAR-91]",""
"Operative Dentistry","6. Cast Restorations","28","In class II cavity for inlay, the cavosurface margin at the gingival seat clears the adjacent tooth by:","0.20± 0.05mm","0.50± 0.20mm","0.80 ± 0.35mm","1.10 ± 0.45mm","B","'B' [AIIMS-93]",""
"Operative Dentistry","6. Cast Restorations","29","Short bevel extends","in almost 2/3 of the enamel","all of the enamel and half of the dentine","all of the enamel only","1/3 of the enamel","A","'A' [AIPG-97,COMEDK-08]",""
"Operative Dentistry","6. Cast Restorations","30","Who was the first person to introduce cast inlay restoration into dentistry?","William H Taggart","Micheal Buonocore","GV Black","Bowen","A","'A' [COMEDK-04]",""
"Operative Dentistry","6. Cast Restorations","31","The strength of dental investment for gold alloy is dependent on the amount of:","Silica","Carbon","Copper","gypsum","A","'A' [KAR-04]",""
"Operative Dentistry","6. Cast Restorations","32","Retention of inlay is increased by","Increased axial length of preparation","flat pulpal walls","Rounded internal line angles","all of the above","D","'D' [KAR-98]",""
"Operative Dentistry","6. Cast Restorations","33","Blocking out under cuts in cavity preparation for cad cam inlay is carried out by","Dentist after final cavity preparation stage","Laboratory technician before wax pattern Preparation","The system automatically during the optical impression","Dentist in the wax preparation","C","'C' [UPSC-01]",""
"Operative Dentistry","6. Cast Restorations","34","After an inlay preparation which of the following would be most appropriate to expose margins for an elastic impression?","Surgical intervention","Packing with cord impregnated with alum or epinephrine","Packing with cord impregnated with Zinc chloride","Packing with Zinc oxide eugenol","B","'B' [APPSC-99]",""
"Operative Dentistry","6. Cast Restorations","35","The function of a reservoir in a sprue is to avoid:","Localised shrinkage porosity","Microporosity","Generalised porosity","None of the above","A","'A' [AIPG-99]",""
"Operative Dentistry","6. Cast Restorations","36","Biocompatibility is best for:","Beta-titanium","Stainless steel","Nitinol","Base metal alloys","A","'A' [AIPG-00]",""
"Operative Dentistry","6. Cast Restorations","37","Sprue pin is attached to posterior teeth in","Cusp tip","contact area","marginal ridge","proximal surface","B","'B' [PGI-03]",""
"Operative Dentistry","6. Cast Restorations","38","Fracture tooth is restored with","Pin retained amalgam","Cast gold","Both","Direct gold","C","'C' [PGI-03]",""
"Operative Dentistry","6. Cast Restorations","39","Inlay is","Cast gold","Direct gold","Both","None of the above","A","'A' [PGI-03]",""
"Operative Dentistry","6. Cast Restorations","40","The CAD-CAM system uses","Cadmium in castings","A porcelain furnace with very high temperature","uses a video camera to all the prepared tooth","None of the above","C","'C' [KAR-98]",""
"Operative Dentistry","6. Cast Restorations","41","Ideal requirement to metal ceramic casting","Low fusing ceramics and high fusing alloys","Matching of co-efficients of thermal expansion","Bonding between ceramic and alloy","All of the above","D","'D' [MAN-02]",""
"Operative Dentistry","6. Cast Restorations","42","Gap between true end of casting ring and wax pattern should be","¼ inch","1/2 inch","3/8 inch","one inch","B","'B' [MAN-02]",""
"Operative Dentistry","6. Cast Restorations","43","The most commonly used Titanium alloy for dental and medical purposes is","Ti 6Al 4V","Ti 5Al 4 V","Ti5Al 5V","Ti6Al 6 V","A","'A' [KAR-02]",""
"Operative Dentistry","6. Cast Restorations","44","Cobalt chromium alloys contain","30% cobalt and 60% chromium","60% cobalt and 30% chromium","1% palladium","20% gold","B","'B' [AIPG-03]",""
"Operative Dentistry","6. Cast Restorations","45","Cleaning of base metal alloy is done by","Warm HCL","Cold HF","Cold H2 So4","Sand blasting with aluminium oxide","B","'B' [AIIMS-97]",""
"Operative Dentistry","6. Cast Restorations","46","Glossy smooth margins of a casting are due to","Shrinkage of alloy on cooling","Investment breakdown","incomplete wax elimination","incomplete gas elimination","C","'C' [AIIMS-99]",""
"Operative Dentistry","6. Cast Restorations","47","Incomplete casting is the result of","More porous investment in the mold","Narrow sprue diameter","Hollow sprue pin","Large reservoir","A","'A' [AIIMS-95]",""
"Operative Dentistry","6. Cast Restorations","48","Back pressure porosity can be avoided by","Using asbestos liners","By placing the sprue at least one quarter inch away from the end of casting ring","Preventing rapid heating of investment","Using a short and wide sprue","B","'B' [AP-98]",""
"Operative Dentistry","6. Cast Restorations","49","Localised shrinkage porosity is seen when there is","Thin sprue","Investment heated strongly","Inadequate air discharge","Low casting pressure","A","'A' [PGI-01]",""
"Operative Dentistry","6. Cast Restorations","50","The function of a sprue is to","Form an opening for molten metal to enter the mold","Help polish cast restorations","Eliminate air bubbles on the wax pattern","Reproduce fine detail","A","'A' [AIIMS-98]",""
"Operative Dentistry","6. Cast Restorations","51","The inlay wax used for direct technique:","Type I","Type II","Type III","Type IV","A","'A' [KAR-2K]",""
"Operative Dentistry","6. Cast Restorations","52","Titanium casting is done","Under vacuum in argon atmosphere","Under air pressure in nitrogen atmosphere","In specially fabricated aluminium vanadium crucible","using CAD-CAM technique","A","'A' [AIPG-04]",""
"Operative Dentistry","6. Cast Restorations","53","Passivating alloys are","Cr, Al, Ti","Cr, Mo, Ti","Cr, Fe, Mo","Cr, Gold, Ti","A","'A' [AIPG-04]",""
"Operative Dentistry","6. Cast Restorations","54","Crucible indicated for casting base metal alloys is:","Carbon crucible","Clay crucible","Quartz Crucible","High melting plastic crucible","C","'C' [AIPG-04]",""
"Operative Dentistry","6. Cast Restorations","55","Grain elongation is due to","Cold working","Recrystalization","Recovery","Age hardening","A","'A' [BHU-07]",""
"Operative Dentistry","6. Cast Restorations","56","Acute angles in gold gives","outline form","Convenience form","Esthetics","Retention form","D","'D' [BHU-07]",""
"Operative Dentistry","6. Cast Restorations","57","Which is the only nearly pure metal used for dental casting purposes?","Gold","Palladium","Silver","Pure titanium CP Ti","D","'D' [COMEDK-10]",""
"Operative Dentistry","6. Cast Restorations","58","The purpose of investment setting expansion is to compensate for","Casting Shrinkage","Casting expansion","Wax elimination","Alloy melting","A","'A' [COMEDK-10]",""
"Operative Dentistry","6. Cast Restorations","59","The porosity formed due to simultaneous nucleation of solid grains and gas bubbles at the first moment that the metal freezes at the mold walls is called:","Pinhole porosity","Gas inclusion porosity","Microporosity","Subsurface porosity","C","'C' [KAR-03]",""
"Operative Dentistry","6. Cast Restorations","60","The secondary flare is necessary for class II cast gold inlay preparation for several reasons but basically the direction of the flare results in -","Good aesthetics","60° marginal metal which is burnishable","40° marginal metal which is burnishable","10° marginal metal which is burnishable","C","'C' [COMEDK-09]",""
"Operative Dentistry","6. Cast Restorations","61","The Cavo surface gingival bevel for a class II cast gold inlay preparation should be","0.5 to 1 mm wide and blend with secondary lingual flare","0.2 to 0.3 mm wide and blend with secondary lingual flare","0.2 mm wide and blend with secondary lingual flare","3 to 4 mm wide and blend with secondary lingual flare","B","'B' [COMED-08]",""
"Operative Dentistry","6. Cast Restorations","62","Which of the following is not required for retention of cast gold restoration","Cavosurface bevel","Parallel walls","beveled axiopulpal line angle","undermining dentinal walls","D","'D' [BHU-07]",""
"Operative Dentistry","6. Cast Restorations","63","A patient comes to a dentist with decayed mandibular 1st molar including mesiobuccal and distobuccal cusp, restoration of choice is","Intermediate restoration","Composite","Cast metal","GIC","C","'C' [AIIMS MAY-14]",""
"Operative Dentistry","6. Cast Restorations","64","The longer and more parallel to opposing walls of a cast restoration","The greater the retention","The greater the resistance","The greater the compressive strength","The greater the tensile strength","A","'A' [KERALA - 2016]",""
"Operative Dentistry","7. Instrumentation","1","If the speed of the aerotor hand piece is increased to 100,000 rpm then.","Decreased vibration perception to the patient","More heat is generated resulting in pulpal damage","High efficiency","all of the above","D","'D' [MAN-99]",""
"Operative Dentistry","7. Instrumentation","2","Disadvantages of high-speed instrumentation is","aerosol spray inhalation","loss of tactile sensation to the operator","heat production","all of the above","D","'D' [MAN-99]",""
"Operative Dentistry","7. Instrumentation","3","Ultrahigh-speed rotary cutting tools rotate at","<60,000 rpm","60,000-3,00,000 rpm","3,00,000-5,00,000 rpm","> 5,00,000 rpm","B","'B' [MAN-95]",""
"Operative Dentistry","7. Instrumentation","4","Which of the following instruments will have a four number formula","ordinary hatchet","GMT","Jeffery hatchet","all the above","B","'B' [MAN-2K]",""
"Operative Dentistry","7. Instrumentation","5","The most effective method of maintaining dry field in dentistry is","Gingival retraction","Rubber dam","Throat swab and cotton","Suction tips","B","'B' [MAN-02]",""
"Operative Dentistry","7. Instrumentation","6","Instrument used for gingival retraction during rubber dam placement is","retainer no:208","retainer no:210","retainer no:212","retainer no:216","A","'A' [MAN-2K]",""
"Operative Dentistry","7. Instrumentation","7","When dental bur is sterilized by autoclaving, which of the following chemical is used for protection of the bur","Sodium nitrate","Sodium nitrite","Silver nitrate","Silver nitrite","B","'B' [MAN-2K]",""
"Operative Dentistry","7. Instrumentation","8","The first number in the instrument formula indicates","Length of the blade in centimeters","1/10th of the width","angulation of the blade in degrees","primary cutting edge angle","B","'B' [AP -99]",""
"Operative Dentistry","7. Instrumentation","9","Cutting and grinding procedures are predominantly:","Two directional","Unidirectional","Three directional","Multidirectional","B","'B' [KAR-02]",""
"Operative Dentistry","7. Instrumentation","10","Four numbered instrument formula other than G.M.T. is:","Chisel","Hoe","Angle former","Hatchet","C","'C' [KAR-99]
Angle former is a special type of excavator.",""
"Operative Dentistry","7. Instrumentation","11","Rake angle is negative","If rake face is before/ahead of radial line","If rake face is inline with radial line","If rake face is behind radial line","None of the above","C","'C' [AP-03,AP-99]",""
"Operative Dentistry","7. Instrumentation","12","For the balance of hand cutting instrument:","cutting edges of the working end should be centered over the long axis of the handle","The cutting edge centered on a line running at right angle to the long axis of the handle","It should have shorter, straighter shank","It should have solid handle","A","'A' [KAR-03]",""
"Operative Dentistry","7. Instrumentation","13","High speed includes the R.P.M between","20000-50000","50000-100000","100000-200000","above 200000","C","'C' [AP-99,KAR-97]",""
"Operative Dentistry","7. Instrumentation","14","The type of chisel with the shank and blade slightly curved is:","Straight chisel","Wedelsaedt chisel","Enamel hatchet","GMT","B","'B' [AIPG -99]",""
"Operative Dentistry","7. Instrumentation","15","Instrument used to plane buccooproximal and linguoproximal walls in class II cavity is:","Enamel hatchet","Bibevelled hatchet","Chisel","Single sided chisel","B","'B' [AIPG-96]",""
"Operative Dentistry","7. Instrumentation","16","Instrument which forms a blade angle of more than 125 is likely to be:","biangle chisel","Curette","chisel","Angle former","A","'A' [AIPG-95]",""
"Operative Dentistry","7. Instrumentation","17","The advantage of ultra speed hand piece is:","Low frequency and high amplitude make the patient comfortable","High frequency and low amplitude do not let the patient perceive pain","Less trauma","None of the above","B","'B' [AIIMS-99, AIPG-96]",""
"Operative Dentistry","7. Instrumentation","18","On a carbide bur, a great number of cutting blades results in:","Less efficient cutting and a smoother surface","Less efficient cutting and a rougher surface","More efficient cutting and a smoother surface","More efficient cutting and a rougher surface","C","'C' [AIPG-03]",""
"Operative Dentistry","7. Instrumentation","19","The hard carious dentin is removed with","Excavator","Bur at low speed","Bur at high speed","None of the above","B","'B' [PGI-02]",""
"Operative Dentistry","7. Instrumentation","20","A major factor determining the efficiency of bur is:","Taper angle","Spiral angle","Head length","Head diameter","B","'B' [TNPSC-99]",""
"Operative Dentistry","7. Instrumentation","21","The angle former is a special type of","Chisel","Excavator","Hatchet","Rotary instrument","C","'C' [TNPSC-99]",""
"Operative Dentistry","7. Instrumentation","22","The enamel bevel of a gingival floor is done with:","Hatchet","Chisel","Hoe","Curette","A","'A' [AIPG-99]",""
"Operative Dentistry","7. Instrumentation","23","In dental burs, the angle formed between the back of the blade and the tooth surface is called as","Clearance angle","Rake angle","Cavosurface angle","Point angle","A","'A' [UPPSC-01]",""
"Operative Dentistry","7. Instrumentation","24","Efficiency of carbide bur increases by","Negative (or) Zero rake angle","90° edge angle","At high speed","All of the above","C","'C' [KAR-96]",""
"Operative Dentistry","7. Instrumentation","25","Sodium nitrite is used as","Antiplaque agent","Antirust agent","Desensitising agent","Bleaching agent","B","'B' [PGI-03]",""
"Operative Dentistry","7. Instrumentation","26","Universal matrix band retainer is also known as","Ivory B retainer","Tofflemire retainer","Sequiland retainer","None of the above","B","'B' [MAN-2K]",""
"Operative Dentistry","7. Instrumentation","27","Matrix band is difficult to place on ------ teeth","MO 25","DO 37","DO 24","MO 24","B","'B' [AIPG-93]",""
"Operative Dentistry","7. Instrumentation","28","Auto matrix is a","Matrix system that automatically gets attached with retainer and the tooth","System where a single retainer can be used for all matrix bands","Retainer less matrix system designed for any tooth regardless of its circumference","Retainer less matrix system designed for any tooth with specific circumference","C","'C' [UPSC-01]",""
"Operative Dentistry","7. Instrumentation","29","What is the thickness of class II matrix band","0.002 inches","0.002mm","0.02-inches","0.02mm","A","'A' [AP-97]",""
"Operative Dentistry","7. Instrumentation","30","Wedging in the interproximal areas in case of recession is called","Piggy back","Tie back","Tie through","None of the above","A","'A' [AP-00]",""
"Operative Dentistry","7. Instrumentation","31","Retainer less matrix that can be used for all teeth (Retainer less matrix)","Tofflemeir","Ivory No.1","Universal","Automatrix","D","'D' [AP-00]",""
"Operative Dentistry","7. Instrumentation","32","Which tooth separator works on traction principle","Ferrior","Wedge","Elliot","Ivory","A","'A' [AP-99,03]",""
"Operative Dentistry","7. Instrumentation","33","In which of the condition 'PIGGY BACK' wedging is indicated?","Proximal caries with gingival recession","Tooth with fluted surface","Class II with wide proximal box","Narrow class II cavity","A","'A' [KAR-93]",""
"Operative Dentistry","7. Instrumentation","34","Honing machine is used for:","CAD CAM Inlay fabrication","Polishing restorations","Mechanical sharpening of Instruments","Caries detection","C","'C' [KAR-02]",""
"Operative Dentistry","7. Instrumentation","35","Ferrier double dow separator works on the principles of","Wedge principle","Traction principle","Slow separation","Delayed tooth movement","B","'B' [AIPG-07]",""
"Operative Dentistry","7. Instrumentation","36","All of the following influence the efficiency of bur, except:","Neck diameter","Length and diameter of bur","Height of taper of bur.","Spiral angle and cross-cuts of bur.","C","'C' [AIIMS-06]",""
"Operative Dentistry","7. Instrumentation","37","In a class V preparation, during application of rubber dam the punch of the tooth to be restored should be made:","According to the template supplied","According to the existing arch form","Labial to the position of the tooth to be operated","Lingual to the position of the tooth to be operated","B","'B' [AIPG-07]",""
"Operative Dentistry","7. Instrumentation","38","Most significant angle in bur design","Rake angle","Clearance angle","Spiral angle","Crosscut angle","A","'A' [AP-08]",""
"Operative Dentistry","7. Instrumentation","39","Instrument that has a 4-digit formula:","Angle Former","Hoe","Hatchet","Spoon Excavator","A","'A' [AIPG-06]",""
"Operative Dentistry","7. Instrumentation","40","Which of the following is not true about hand instruments used in Operative Dentistry?","They are generally made of stainless steel","Nickel-Cobalt-chromium is never used in its fabrication","Carbon steel is more efficient than stainless steel","It can be made with stainless steel with carbide inserts","B","'B' [AI-05]",""
"Operative Dentistry","7. Instrumentation","41","A dental bur cuts the tooth structure more effectively when rake angle of bur is","Positive","Negative","Radial","None of the above","A","'A' [KAR-04]",""
"Operative Dentistry","7. Instrumentation","42","One of the following is the best of provent pulp damage during cavity preparation","retain smear layer","Use sharp burs with brush stroke","use surface anesthesia","use adequate water coolant","D","'D' [AIPG-07]",""
"Operative Dentistry","7. Instrumentation","43","As far as the raise of frictional heat, in using various rotary cutting instruments is concerned which one of the following is the most kind to the pulp","Stainless steel bur","Diamond bur","carbide bur","Carbon steel bur","C","'C' [AIPG-07]",""
"Operative Dentistry","7. Instrumentation","44","The main disadvantage of using wing shaped rubber dam retainer is:","It does not provide extra retention of the rubber dam","Laceration to the gingival tissue","Interferes with placement of matrix band","None of the above","C","'C' [AIPG-07]",""
"Operative Dentistry","7. Instrumentation","45","The thickness of thin rubber dam is:","0.002 inch","0.004 inch","0.006 inch","0.2 inch","A","'A' [AIPG-07]",""
"Operative Dentistry","7. Instrumentation","46","Diamond abrasive having particle size of 125-150 mm is classified:","Fine","Coarse","Medium","Extrafine","C","'C' [AIPG-07]",""
"Operative Dentistry","7. Instrumentation","47","Enamel hatchet is differentiated from chisel by all except:","Curved in one plane only","Blade is larger","Blade is perpendicular to the long axis of handle","Blade is heavier.","C","'C' [AIIMS-06]",""
"Operative Dentistry","7. Instrumentation","48","Sterilization of hand piece will cause:","Rust of hand piece","Turbine wear","Fibre loss","Loss of torque","B","'B' [AIIMS-06]",""
"Operative Dentistry","7. Instrumentation","49","All of the following about use of aerotor hand piece are false except:","The sound frequency greater than 75 decibel (dB) causes damage to the ear","Nickel-Cobalt-chromium is never used in its fabrication","Carbon steel is more efficient than stainless steel","It can be made with stainless steel with carbide inserts","A","'A' [AIIMS-06]",""
"Operative Dentistry","7. Instrumentation","50","The matrix retainer where in anatomy adaptation is possible without wedges is:","Tofflemire","Steele's Siqueland","Ivory no. 1","Ivory No. 8","C","'C' [KCET-07]",""
"Operative Dentistry","7. Instrumentation","51","The instrument that has four unit formula","Gingival margin trimmer","Enamel hatchet","Hoe","Chisel","A","'A' [KCET-07]",""
"Operative Dentistry","7. Instrumentation","52","Steeglitz pliers is","Used to contour matrix bands","Used to hold the silver point","Used to remove roots during hemisection","Used to place rubber dam clamp on the tooth","D","'D' [KCET-07]",""
"Operative Dentistry","7. Instrumentation","53","Hand cutting instruments are composed of","Handle and blade","Handle, shank and blade","Shank and blade","Handle, shank and head","B","'B' [KCET-08]",""
"Operative Dentistry","7. Instrumentation","54","For most effective cutting and long usefulness of a tungsten carbide bur, it should be?","Rotating slowly before contacting the tooth","Rotating rapidly before contacting the tooth","Placed in contact with tooth before starting","Rotating rapidly before entering in to the oral cavity","D","'D' [AIPG-09]",""
"Operative Dentistry","7. Instrumentation","55","The retainerless matrix system with four types of bands fitted around any teeth regardless of its circumference is called","Tofflemire matrix","Auto matrix","Ivory No. 1 matrix","Ivory No. 8 matrix","B","'B' [UPSC-09]",""
"Operative Dentistry","7. Instrumentation","56","Carborundum is chemically known as","chromium carbide","nickel carbide","silicon carbide","aluminum carbide","C","'C' [AP-09]",""
"Operative Dentistry","7. Instrumentation","57","For GV Black class V cavities, the retainer of choice is","No. 212","No. 112","No. 132","No. 221","A","'A' [MCET-10]",""
"Operative Dentistry","7. Instrumentation","58","What is the limit of eccentricity of an air rotor bur, beyond which it stops working","0.01","0.02","0.03","0.04","A","'A' [AIPG-10]",""
"Operative Dentistry","7. Instrumentation","59","Distance of the blade from the shank to have antirotational stability of the instrument?","2 mm","3 mm","4 mm","5 mm","B","'B' [AIIMS-09]",""
"Operative Dentistry","7. Instrumentation","60","The disadvantage of winged rubber dam retainer is that it interferes with the placement of","Matrix bands","Dental floss","Rubber dam frame","Rubber dam sheet","A","'A' [KCET-2011]",""
"Operative Dentistry","7. Instrumentation","61","Most often used thickness of the matrix band is","0.0015 cm","0.0015 inch","0.015 inch","0.0028 mm","B","'B' [COMED-2012]",""
"Operative Dentistry","7. Instrumentation","62","The recommended rubber dam retainer for maxillary molar anchor teeth is","W7","W8","W4","W2","B","'B' [KCET-2012]",""
"Operative Dentistry","7. Instrumentation","63","Winged rubber dam retainer in endodontics advantages are all except","Radiographs are good showing full length of canals","Stability","Provide extra bucco-lingual retraction","Dam, clamp and frame placed in one operation","C","'C' [AIIMS-2011]",""
"Operative Dentistry","7. Instrumentation","64","Interdental papilla protruding from the rubber dam, most common cause is","Inflammation of interdental papillae","Use of light weight rubber dam","Punch are placed too far","Punch are placed too close","D","'D' [AIIMS-2011]",""
"Operative Dentistry","7. Instrumentation","65","The number 12 in a 3 unit formula 12-6-8 indicates the blade is","12 mm in length","1.2 mm in length","12 mm in width","1.2 mm in width","B","'B' [GCET-14]",""
"Operative Dentistry","7. Instrumentation","66","The matrix band for restoring a Class-I with lingual extension is","Tofflemire","Ivory No.8","Barton","T band","B","'B' [GCET-14]",""
"Operative Dentistry","7. Instrumentation","67","The cutting efficiency of a bur is improved by","Applying more pressure","More number of blades","Large size of bur","Rake angle","D","'D' [GCET-14]",""
"Operative Dentistry","7. Instrumentation","68","The design and construction of an ordinary hatchet is","Monoangle","Monoangle, bibevelled","Monoangled, bibevelled and cutting edge parallel to long axis","Monoangle, bibevelled and cutting edge perpendicular to long axis","C","'C' [GCET-14]",""
"Operative Dentistry","7. Instrumentation","69","The encircled number in the given instrument formula 10-(80)-6-12 represents","Width of the blade","Length of the blade","Angulation of the blade to the long axis","Angulation of the cutting edge of blade to the long axis","A","'A' [GCET-14]
The instrument shown here is useful for...","Requires image: Instrument diagram 10-(80)-6-12"
"Operative Dentistry","7. Instrumentation","70","The recommended rubber dam to provide effective retraction of gingival tissue is","Thin","Extra heavy","Heavy","Medium","C","'C' [COMEDK-14]",""
"Operative Dentistry","7. Instrumentation","71","Christmas Tree profile variation is attributed to the following head shape of a diamond abrasive instrument","Flame","Needle","Interproximal","Taper","A","'A' [AP-14]",""
"Operative Dentistry","7. Instrumentation","72","The second number in a four number instrument formula denotes","Blade angle","Blade length","Primary cutting edge angle","Blade width","C","'C' [AP-14]",""
"Operative Dentistry","7. Instrumentation","73","The thickness of matrix band is","0.015- 0.02 inch","0.0015 – 0.002 inch","0.0015 – 0.002 mm","0.015 – 0.02 mm","B","'B' [GCET-14]",""
"Operative Dentistry","7. Instrumentation","74","Suffix for rubber dam denotes","Winged camp","Wingless camp","Deciduous teeth","Partially erupting teeth","D","'D' [PGI JUNE-2012]",""
"Operative Dentistry","7. Instrumentation","75","Percentage of carbon in carbon steel hand instruments is","1-1.2%","10-12%","0.6 to 0.8%","6 to 8%","A","'A' [AIIMS MAY-14]",""
"Operative Dentistry","7. Instrumentation","76","Use of water spray during restorative procedures has the following advantages","Dehydration of oral tissues","Clean view of cavity can be achieved","Pulp is protected from the heat generated","Bacterial contamination is controlled","D","'D' [APPG-15]",""
"Operative Dentistry","7. Instrumentation","77","The recommended clamp for class-V tooth preparation is","No.213","No.212","No.123","No.122","B","'B' [KERALA-15]",""
"Operative Dentistry","7. Instrumentation","78","Which of the following is a foldable rubber dam frame?","Starlite visi frame","Young's metal frame","Nygaard-Ostby","Le cadre articule","D","'D' [COMEDK - 2016]",""
"Operative Dentistry","7. Instrumentation","79","The instrument shown here is useful for","To condense amalgam","For Vital Bleaching","Removal of Crown","Removal of Broken instrument","A","'A' [APPG - 2016]","Requires image: Instrument image"
"Operative Dentistry","8. Miscellaneous","1","Which of the following should not be used to polish (or) finish amalgam","A ball burnisher","A rubber (Burlew) disk","Finishing bur","A white stone","C","'C' [KAR-02]
Final finishing and polishing of amalgam restorations should be delayed for at least 24 hrs. Polishing disks and dry polishing powders will raise the temperature of surface above 60°C which cause irreversible pulp damage. Always a wet abrasive powder in paste form is used.",""
"Operative Dentistry","8. Miscellaneous","2","Final polishing of dental amalgam to get a smooth surface is achieved by","Burnishing","Use of tin oxide","Carving with finer instruments","Use of silicon carbide","B","'B' [KAR-98]",""
"Operative Dentistry","8. Miscellaneous","3","Which of the following polishing agent is called whitening agent?","Precipitated chalk","Iron Oxide","Chromium oxide","Rouge","A","'A' [AIPG-96]",""
"Operative Dentistry","8. Miscellaneous","4","Aluminium oxide polishing powder is obtained from","aluminium","Cryolite","Bauxite","Vulcanite","C","'C' [AP-03]",""
"Operative Dentistry","8. Miscellaneous","5","Which of the following is used for polishing gold restorations","Rouge","Tin Oxide","Chromium Oxide","Aluminium Oxide","A","'A' [AP-98]",""
"Operative Dentistry","8. Miscellaneous","6","Hardness of which of the following abrasives is maximum","Sand","Emery","Boron Carbide","Silicon carbide","D","'D' [AP-98]",""
"Operative Dentistry","8. Miscellaneous","7","Polishing of chrome-cobalt castings is done by:","Electrolytic polishing","Electro plating","Sand blasting","Precipitated chalk","A","'A' [AIPG-96]",""
"Operative Dentistry","8. Miscellaneous","8","Plaque micro-organisms are acidophilic acid and aciduric. What is the meaning of acidophilic?","Produce acid","Does not produce acid","Can survive in acidic environment","Cannot survive in acidic environment","C","'C' [AIPG-2012]",""
"Operative Dentistry","8. Miscellaneous","9","Porcelain denture teeth:","Have a higher coefficient of thermal expansion than acrylic teeth","Have a lower abrasion resistance than enamel","Should be used where the inter dental clearance is small","Have a higher abrasion resistance than gold","D","'D' [MAN -94]",""
"Operative Dentistry","8. Miscellaneous","10","The opacity in ceramics is achieved by adding:","Boric oxide","Copper oxide","Silica","Titanium oxide","D","'D' [MAN -01]",""
"Operative Dentistry","8. Miscellaneous","11","To prevent porosity in dental porcelain it should be baked:","In presence of air","In vacuum","For long period","Under pressure","B","'B' [MAN-97, AIIMS 93]",""
"Operative Dentistry","8. Miscellaneous","12","Porosity in porcelain at condensation stage depends on:","Shape and size of particle","Uniform distribution of particle size","Number of particles","None of the above","A","'A' [AIPG -2K]",""
"Operative Dentistry","8. Miscellaneous","13","Condensation shrinkage of porcelain during firing depends on:","Rate of arriving at firing temperature","Uniformity of particle size","Shape and size of particle","Type of investment material used","A","'A' [AIIMS -98, AIPG -99]",""
"Operative Dentistry","8. Miscellaneous","14","Phenomenon in which porcelain appears different under varying light condition is:","Translucency","Refractive optics","Metamerism","Opacification","C","'C' [COMEDK -04, AIPG -99]",""
"Operative Dentistry","8. Miscellaneous","15","Machineable glass ceramic is:","Cerestore","Decor MGC","Infusium","Leucite","B","'B' [AP -01]",""
"Operative Dentistry","8. Miscellaneous","16","Which is not present in porcelain:","Silica","Feldspar","Calcium carbonate","Amorphous material","C","'C' [AIIMS -96]",""
"Operative Dentistry","8. Miscellaneous","17","Which of the following is the main constituent of porcelain:","Feldspar","Kaolin","Quartz","Clay","A","'A' [AIPG -96]",""
"Operative Dentistry","8. Miscellaneous","18","The best tissue tolerated material for crown and bridge:","Highly polished porcelain","Highly polished acrylic","Highly glazed porcelain","Highly polished metal","C","'C' [KAR -97]",""
"Operative Dentistry","8. Miscellaneous","19","Porcelain bonded to metal is strongest when it is","Air fired","fired under compression","Tempered after firing","fired several times before completion","B","'B' [AIIMS-2K]",""
"Operative Dentistry","8. Miscellaneous","20","Glass infiltrated alumina core ceramic is:","Dicor","Inceram","Captek","IPS-empress","B","'B' [MAN -97]",""
"Operative Dentistry","8. Miscellaneous","21","The union of metal of porcelain fused restorations is by","Mechanically rough surface","Tin and indium oxides","Nickel and porcelain","Cobalt and porcelain","B","'B' [AIIMS-01]",""
"Operative Dentistry","8. Miscellaneous","22","The chemical used for etching porcelain is:","37% H₂Po₄","H₂ So4","Tartaric acid","HF","D","'D' [KAR-02]",""
"Operative Dentistry","8. Miscellaneous","23","Best cement for cementation of porcelain laminate is","Dual cure resin","GIC","Composite","Polycarboxylate","A","'A' [PGI-94]",""
"Operative Dentistry","8. Miscellaneous","24","Crack tooth syndrome is diagnosed by:","Transillumination","Dyes","Applying pressure on the tooth","None of the above","C","'C' [KAR -98]",""
"Operative Dentistry","8. Miscellaneous","25","When all diagnostic procedures fail to detect proximal caries, last resort is:","Mechanical separation","Preparation of test cavity","Transillumination","Caries activity tests","B","'B' [AIIMS-03]",""
"Operative Dentistry","8. Miscellaneous","26","Proximal caries can be detected best with:","Intra-oral periapical radiographs","Bitewting radiographs","Occlusal radiographs","Orthopantomographs","B","'B' [PGI-99]",""
"Operative Dentistry","8. Miscellaneous","27","The most common complication of bleaching non vital tooth is","Apical periodontitis","Cervical resorption","Discoloration","Root resorption","B","'B' [AIPG-96]",""
"Operative Dentistry","8. Miscellaneous","28","Which of the following drug is commonly used to control salivation in operative dentistry","Pilocarpine","Propranolol","Atropine","Muscarine","C","'C' [COMED-06]",""
"Operative Dentistry","8. Miscellaneous","29","A diagnosis of small occlusal cavities is most readily made by","Bite-wing radiographs","Periapical radiographs","Transillumination","An explorer and compressed air","A","'A' [AIPG-06]",""
"Operative Dentistry","8. Miscellaneous","30","Pain in cracked tooth syndrome is","Continuous in nature","Increases on lying down posture","Elicited mainly when pressure is applied","Elicited mainly when applied pressure is relieved","D","'D' [AIPG-06]",""
"Operative Dentistry","8. Miscellaneous","31","The distance between 2 holes in a rubber dam sheet is ideally:","6 mm","6.3 mm","6.5 mm","6.9 mm","B","'B' [AIPG-06]",""
"Operative Dentistry","8. Miscellaneous","32","Incipient or recurrent caries can be detected before they are visible on the radiograph by:","Visible light","Ultrasonic light","Fibreoptic transillumination","Digital Imaging fibreoptic transillumination","D","'D' [AIPG-06]",""
"Operative Dentistry","8. Miscellaneous","33","Regarding root caries all of the following are true EXCEPT:","Caused by actinomycosis viscosus.","Secondary to gingival recession.","Remineralization is difficult.","Slow progress","C","'C' [AIIMS-06]",""
"Operative Dentistry","8. Miscellaneous","34","Which of the following is not true about lubricant for rubber dam placement?","Should have water-miscible vehicle","Vaseline is an ideal choice","Should be easy to remove","Shoule not interfere with bonding procedure","B","'B' [AI-05]",""
"Operative Dentistry","8. Miscellaneous","35","For root canal therapy of maxillary canine (Distal caries), the isolation done is:","2nd premolar to opposite lateral incisor","1st molar to opposite lateral incisor","Adjacent 2 teeth of both the sides","Not required, only the tooth to be treated is isolated","A","'A' [AIPG-06]",""
"Operative Dentistry","8. Miscellaneous","36","One of the following is not true about treatment of dentinal hypersensitivity with dentin bonding agents:","It dentures proyein","It froms a hybried layer","It does not alter dentin permeability","It forms resin tags into dentinal tubule","C","'C' [AI-05]",""
"Operative Dentistry","8. Miscellaneous","37","The primary goals of caries prevention are all EXCEPT","Limiting pathogen growth and altering metabolism","Increasing resistance of tooth surface to demineralization","Increasing biofilm pH","Use of probiotics","D","'D' [KERALA-2019]",""
"Operative Dentistry","8. Miscellaneous","38","Affected dentin differs from infected dentin in that, it has","Been invaded by organisms","They both are precisely same","Not been invaded by microorganisms","Not been demineralized","C","'C' [KCET-08]",""
"Operative Dentistry","8. Miscellaneous","39","Feldspathic porcelain","Shows reliable chemical bonding with metals","Has high tensile strength","Is no longer used","Shows insignificant firing shrinkage","A","'A' [COMEDK-08]",""
"Operative Dentistry","8. Miscellaneous","40","Digital Imaging fiber - optic trans-illumination (DIFOTI) is used to detect","dental caries","detect enamel fracture","detect plaque","All of the above","D","'D' [KCET-08]",""
"Operative Dentistry","8. Miscellaneous","41","Cone waxing technique is indicated","For preparing the single pattern in a badly broken down tooth","For multiple patterns","For waxing the form of occlusal surfaces for accurate articulation of carving casting","All of the above","D","'D' [BHU-07]",""
"Operative Dentistry","8. Miscellaneous","42","Bases provide","No thermal insulation","Mechanical support for the restoration","Expansion space for cast restoration","Exothermic heat for increased pulpal blood circulation","B","'B' [KCET-08]",""
"Operative Dentistry","8. Miscellaneous","43","All the following are true for non active caries, except:","Pain on excavation","Soft & cheesy","Dark & hard","Presence of dark pigmentation","B","'B' [AIIMS-07]",""
"Operative Dentistry","8. Miscellaneous","44","Gallium containing alloys have:","Silver","Tin","Indium","Zinc","C","'C' [MCET-07]",""
"Operative Dentistry","8. Miscellaneous","45","Ceramic restorations are cemented using:","GIC cement","Resin cement","Zinc phosphate cement","Zinc oxide eugenol cement","B","'B' [MCET-07]",""
"Operative Dentistry","8. Miscellaneous","46","Similarity in the chemical structure of estrogen is seen with","HEMA","Polyether","Bisphenol A","Gutta percha","C","'C' [COMEDK-08]",""
"Operative Dentistry","8. Miscellaneous","47","One of the purposes of etching beveled enamel surface is to","Increase surface energy","produce macro under cut","to increase convenience","to prevent caries","A","'A' [KCET-08]",""
"Operative Dentistry","8. Miscellaneous","48","Transformation toughening is found in ceramics containing","Octagonal zirconia","Tetragonal zirconia","Decahedron zirconia","All of the above","B","'B' [BHU-2012]",""
"Operative Dentistry","8. Miscellaneous","49","The most common cause of failure of tooth colored inlays/onlays is","Discoloration","Debonding","Bulk fracture","Creep","B","'B' [BHU-2012]",""
"Operative Dentistry","8. Miscellaneous","50","A patient is having very extensive carious lesion, the radiograph of lesion shows a probable exposure of the pulp horn if excavated, what will be the treatment plan?","Proceed with endodontic treatment","Excavate the gross carious lesion and place appropriate sedative dressing","Remove all carious lesion, place sedative dressing and plan pulpotomy in next session","Remove all carious tooth structure and cap the exposure","A","'A' [AIPG-09]",""
"Operative Dentistry","8. Miscellaneous","51","Affected dentin is to be left in cavity preparation because it -","has capacity to remineralize","Hard, difficult to remove","Impermeable, so protects pulp","pain on excavation.","A","'A' [MCET-10]",""
"Operative Dentistry","8. Miscellaneous","52","Contact areas are always carefully restored in order to","protect the gingival tissue","prevent recurrence of decay","aid in the retention of the restoration","give added strength to finished restoration","A","'A' [AP-09]",""
"Operative Dentistry","8. Miscellaneous","53","Most common abrasive used for air abrasion is","Carbide particles","Alumina particles of 20 micrometer size","Alumina particles of 50 micrometer size","Silicon dioxide particles","B","'B' [AIIMS-09]",""
"Operative Dentistry","8. Miscellaneous","54","What is a ferrule?","Pin retained restorative preparation","Secondary retentive feature for amalgam restoration","Band encircling external dimension of tooth","Preparation design for composite inlay","C","'C' [KCET-10]",""
"Operative Dentistry","8. Miscellaneous","55","DIFOTI helps in diagnosing","Bone loss in children","Calcium content of enamel","Occlusal caries","Proximal caries","D","'D' [AIIMS-08]",""
"Operative Dentistry","8. Miscellaneous","56","Air Abrasive Restorations are contraindicated in all except?","Chronic pulmonary Disease","Recent Extraction","Subgingival caries","Deep Caries","B","'B' [PGI-08]",""
"Operative Dentistry","8. Miscellaneous","57","Skipping effect is seen in","use of liquid etchant","use of viscous etchant","use of GIC as pit and fissure sealant","use of composite as pit and fissure sealant","A","'A' [COMEDK-10]",""
"Operative Dentistry","8. Miscellaneous","58","Root caries is attributed to action of","streptococcus mutans","lactobacillus","actinomyces viscosus / naeslundii","(1) and (3)","C","'C' [AP-09]",""
"Operative Dentistry","8. Miscellaneous","59","Indication for indirect pulp therapy","No signs or symptoms of pulp degeneration","No response to hot and cold","Presence of pain on percussion","Presence of pulp polyp","A","'A' [KCET-10]",""
"Operative Dentistry","8. Miscellaneous","60","Macroabrasion is","The removal of localized superficial white spots and other surface stains or defects","Treating deep discolouration in type IV Tetracycline discolouration","Treating discoloured endodontically treated teeth","Treating any discolouration in anterior teeth","A","'A' [COMEDK-10]",""
"Operative Dentistry","8. Miscellaneous","61","If the rate of loading is decreased, the mechanical properties of material","Increases","Decreases","Remains unchanged","Becomes unpredictable","B","'B' [AIIMS-09]",""
"Operative Dentistry","8. Miscellaneous","62","The odontoblast which is lost is replaced from primitive mesenchymal cells in:","One week","15 days","4-6 weeks","One month","B","'B' [AIPG-10]",""
"Operative Dentistry","8. Miscellaneous","63","Which is moisture active adhesive?","Cyanoacrylate","Methyl methacrylate","Bis-GMA","All of the above","A","'A' [AIPG-10]",""
"Operative Dentistry","8. Miscellaneous","64","Dental caries is associated with","S. mitis","S. rattus","S. Salivarius","Staphylococcus","A","'A' [AIIMS-09]",""
"Operative Dentistry","8. Miscellaneous","65","Sodium hypochlorite in carisolv is used in concentration of","2% w/v","0.5% w/v","1.5% w/v","5% w/v","C","'C' [AIPG-10]",""
"Operative Dentistry","8. Miscellaneous","66","True about S. mutans are all except","It is both acidogenic & aciduric","Requires carbohydrates","Multiply rapidly","Requires specific growth conditions","D","'D' [AIPG-10]",""
"Operative Dentistry","8. Miscellaneous","67","Which of the following is not used for sterilization of a handpiece?","ethylene oxide","chemical vapour","autoclave","dry heat","B","'B' [AIPG-10, AIIMS MAY- 2012]",""
"Operative Dentistry","8. Miscellaneous","68","With slowly advancing carious caries and rapid involvement of dentin, the type of dentin formed is","Secondary","Tertiary","Reparative","Sclerotic","B","'B' [AIIMS-09]",""
"Operative Dentistry","8. Miscellaneous","69","Minimum depth of demineralisation of a caries lesion to be detected radiographically is","100 μm","200 μm","400 μm","500 μm","B","'B' [AIIMS-09]",""
"Operative Dentistry","8. Miscellaneous","70","Greatest portion of tooth is formed by","Enamel","Dentin","Pulp","Cementum","B","'B' [AIIMS-09]",""
"Operative Dentistry","8. Miscellaneous","71","Zone of carious dentin with demineralization of intertubular dentin and formation of fine crystals in tubule lumen.","Subtransparent dentin","Transparent dentin","Affected dentin (diseased)","Normal dentin","A","'A' [AIIMS-09]",""
"Operative Dentistry","8. Miscellaneous","72","Nd: YAG laser has a wavelength of","10.60 μm","1.06 μm","0.60 μm","300 μm","B","'B' [AIIMS-09]",""
"Operative Dentistry","8. Miscellaneous","73","One of the following statements regarding HIV is NOT true.","When used properly, all disinfectants except some quaternary ammonium compounds are said to inactivate HIV in less than 2 minutes.","HIV is killed by all methods of sterilization.","Aerosols produced during dental treatments have been found to transmit HIV infection.","HIV has been transmitted by blood contaminated fluids that have been heavily spattered or splashed.","C","'C' [KCET-2011]",""
"Operative Dentistry","8. Miscellaneous","74","Which of the following item in the dental operatory cannot be classified as a semi-critical item?","Suction tip","Hand piece","Endodontic file","Water syringe tip","A","'A' [KCET-2011]",""
"Operative Dentistry","8. Miscellaneous","75","'Right rear' operator position refers to","1 O'clock position","5 O'clock position","7 O'clock position","11 O'Clock position","C","'C' [KCET-2011]",""
"Operative Dentistry","8. Miscellaneous","76","The gingival cavo surface bevel for a class II preparation to receive a cast gold inlay","Results in a 30° metal that is burnishable","Results in no benefits whatsoever","Results in open margin if casting procedures are not accurate","Results in difficulty in taking wax patterns","A","'A' [AIPG-09]",""
"Operative Dentistry","8. Miscellaneous","77","Of all the bevels placed on gold inlay preparation, which is the most important bevel for success of restoration?","Occlusal","Gingival","Axiopulpal","Faciopulpal","B","'B' [AIPG-09]",""
"Operative Dentistry","8. Miscellaneous","78","Not correct for Nd:Yag lasers:","Useful for periodontal surgery","Deliver energy in free running pulse","Absorbed by pigmentation","Wavelength is 10600 nm","D","'D' [AIIMS MAY 2012]",""
"Operative Dentistry","8. Miscellaneous","79","A ceramic inlay can be used instead of amalgam in patients with","High caries rate","Class I restoration","It requires extensive preparation","None of the above","A","'A' [KAR-2013]",""
"Operative Dentistry","8. Miscellaneous","80","The danger of transmitting infections to the dental team or to the other patient particularly has a threat of:","Acquired immune deficiency syndrome (AIDS)","Hepatitis-B","Tuberculosis","All of the above","D","'D' [COMEDK -2013]",""
"Operative Dentistry","8. Miscellaneous","81","Abrasive used in air polishing agent is:","NaCl","27μ alumina particles","50μ alumina particles","Sodium bicarbonate","D","'D' [AIIMS MAY 2012]",""
"Operative Dentistry","8. Miscellaneous","82","Microfracture occurring in the cervical area of a tooth under flexural load is","abrasion","attrition","abfraction","erosion","C","'C' [AP-2013, KERALA-2015]",""
"Operative Dentistry","8. Miscellaneous","83","Caries originating on the root is difficult to manage because","It has a comparatively rapid progression","It is often asymptomatic","It is closer to the pulp","All of the above","D","'D' [KAR-2013]",""
"Operative Dentistry","8. Miscellaneous","84","To have a better ergonomics in dentistry, most operative procedures are completed from, at, or, near, the","4 o'clock position","12 o'clock position","7 o'clock position","5 o' clock position","C","'C' [KAR-2013]",""
"Operative Dentistry","8. Miscellaneous","85","Dentinal sensitivity is attributed for","Neural stimulation of dentinal tubules","Craze lines in dentin","Dentinoenamel junction","Pain transmission through movements of fluid in dentinal tubules","D","'D' [COMEDK-14]",""
"Operative Dentistry","8. Miscellaneous","86","Chairside CAD/CAM restoration requires","Elastomeric impression","Dual impression","Optical impression","Pindex impression","C","'C' [AP-14]",""
"Operative Dentistry","8. Miscellaneous","87","Dentoalveolar ablations are caused by","Decalcification by acid beverages","Mechanical wear","Forceful frictional actions between oral soft tissues and adjacent hard tissues","Occlusal wear from functional contacts of opposing teeth","A","'A' [COMEDK-14]",""
"Operative Dentistry","8. Miscellaneous","88","Incipient caries consists of opaque, chalky white areas that appear when the tooth surface is dried, this is referred as","White spot","Hot spot","Translucent zone","Body of lesion","A","'A' [COMEDK-14]",""
"Operative Dentistry","8. Miscellaneous","89","Dental porcelain cannot be used for","Making artificial teeth","For fabrication of jacket crowns and inlays","For filling decayed tooth","As a veneer over cast metal crown","C","'C' [AP-14]",""
"Operative Dentistry","8. Miscellaneous","90","If the caries cone in enamel is larger or at least the same size as that in dentin then","Backward caries","Forward caries","Reversible caries","Slow caries","B","'B' [AP-14]",""
"Operative Dentistry","8. Miscellaneous","91","The acid used in etching ceramic during repair of ceramic restorations is","Hydrochloric acid","Hydrofluoric acid","Sulphuric acid","Ortho phosphoric acid","B","'B' [EMCET-14]",""
"Operative Dentistry","8. Miscellaneous","92","Dye used for enamel caries detection","Methylene blue","Procion","Acid red","Basic fuschin","C","'C' [GCET-14]",""
"Operative Dentistry","8. Miscellaneous","93","The dentin desensitizing agents that acts by precipitating proteins in dentinal tubular fluid is","Strontium Chloride","Potassium oxalate","Fluoride","Hydroxyethyl methacrylate","A","'A' [MCET-14]",""
"Operative Dentistry","8. Miscellaneous","94","Metallic taste after application of stannous fluoride varnish is due to ?","Stannous Triflourophosphate","Stannic Triflourophosphate","Calcium triflourophosphate","Tin Hydroxyphosphate","A","'A' [AIPG-14]",""
"Operative Dentistry","8. Miscellaneous","95","Maximum demineralization of enamel occurs at a depth of?","10-20 μm","20-30 μm","30-50 μm","100-200μm","B","'B' [PGI JUNE-2011]",""
"Operative Dentistry","8. Miscellaneous","96","In detection of dental caries using 'diagnodent', the instrument readings higher than _______ suggest the presence of caries","40-45","60-65","30-35","20-25","A","'A' [KERALA-2015]",""
"Operative Dentistry","8. Miscellaneous","97","The reaction of dentin to moderate intensity attack is","Sclerotic dentin","Reparative dentin","Translucent dentin","Dentin hypersensitivity","A","'A' [KERALA-2015]",""
"Operative Dentistry","8. Miscellaneous","98","Which of the following laser has wavelength in visible light spectrum?","XeF","Nd:YAG","Argon","Co₂","C","'C' [PGI DEC-2011]",""
"Operative Dentistry","8. Miscellaneous","99","The disadvantage of CAD-CAM ceramic restorations","More porosity","Patient acceptance is less","Lack of computer controlled processing support for occlusal adjustment","Low abrasiveness","C","'C' [MH PG CET- 2016]",""
"Operative Dentistry","8. Miscellaneous","100","The major long term problem with porcelain veneers Is","Chipping","Color change","Attrition of opposing tooth","Marginal staining","A","'A' [KERALA - 2016]",""
"Operative Dentistry","8. Miscellaneous","101","The colour of root caries is usually any except","Black","Orange","Yellow","Brown","B","'B' [KERALA - 2016]",""
"Operative Dentistry","8. Miscellaneous","102","Match the following","A-Pierre Fauchard P-Rubber dam; B-H.N.Wadsworth Q-First patent for electric dental engine; C-C. Barnum R-First patent for tooth brush; D-George F. Green S-Father of modern dentistry
ABCD = RSPQ","ABCD = SQPR","ABCD = SPQR","ABCD = SRPQ","A","'A' [APPG - 2016]
In 1857, H.N. Wadsworth received the first American patent for a toothbrush.
The first electric dental drill was patented in 1875 by George F. Green.
Charles C Bass was the first to develop the nylon floss we use today.",""
"Operative Dentistry","8. Miscellaneous","103","Match the following material used for the most appropriate procedure and choose the best combination","A-Abrasive P-Zinc phosphate; B-Pulp capping Q-Guttapercha; C-Obturation R-Corundum; D-Base S-Calcium Hydroxide
ABCD = RSOP","ABCD = QPSR","ABCD = SRPQ","ABCD = SRPQ","A","'A' [Check Dental Pulse Various Chapters]",""
"Operative Dentistry","8. Miscellaneous","104","Present Caries risk status of an adult is measured by","Thickness of plaque on same day","Total number of restored tooth","Pit and fissure sealed teeth","Total number of teeth in the mouth","A","'A' [AIPG - 2015]",""
"Operative Dentistry","9. AIPG 2017 Operative Dentistry","1","Size of microfilled composite in micrometer","0.04-0.4","0.004-0.04","0.6-1","1-5","A","'A' [Phillips 12th ed 301]

| Composite type | Filler particle size(μm) |
|---|---|
| Conventional | 8-12 |
| Small particle | 1-5 |
| Microfilled | 0.04-0.4 |
| Hybrid | 0.6-1 |",""
"Operative Dentistry","9. AIPG 2017 Operative Dentistry","2","Fine type of diamond abrasive having particle size","125-150μm","88-125μm","60-74μm","None","C","'C' [Phillips 12th ed 252]
Abrasive particle sizes of diamond burs:
• Coarse grit - 125–150 μ
• Medium grit - 88–125 μ
• Fine grit – 60–74 μ
• Very fine – 38–44 μ",""
"Operative Dentistry","9. AIPG 2017 Operative Dentistry","3","Why etching time required more in primary teeth than permanent teeth","Irregular placed enamel rods","Aprismatic enamel","More inorganic matrix","More amount of water","B","'B' [Nisha Garg 3rd ed 236]
Deciduous teeth have an outer layer of aprismatic or prismless enamel. They require a longer etching time.",""
"Operative Dentistry","9. AIPG 2017 Operative Dentistry","4","Gross finishing is done with","Stainless steel bur","12 fluted carbon bur","Finishing rubber cup","Fine Diamond bur","B","'B' [Phillips 12th ed 247]
Bulk reduction process: For bulk reduction the clinician should choose 8-12 fluted carbide burs or abrasives with a particle size of 100μm or larger with sufficient hardness (9 to 10 Mohs).

Finishing is the process of removing surface defects or scratches created during the contouring through the use of cutting or grinding instruments or both. It provides a relatively blemish free, smooth surface.

Finishing action is usually accomplished using:
• 18-30 flute carbide burs.
• Fine and super fine diamond burs.
• Abrasives between 8-20μm in size.

Polishing is the process of providing luster or gloss on material surface. Polishing action is usually accomplished using:
• Rubber abrasive points
• Fine particle disks and strips
• Fine particle polishing pastes",""
"Operative Dentistry","9. AIPG 2017 Operative Dentistry","5","Coves are:-","Primary Retentive feature","Secondary retention","Retention grooves","Formed in cervical wall of class II cavity","B","'B' [Sturdevant 5th ed 313]
The secondary mechanical retention features are:
• Locks
• Grooves
• Coves
• Skirts
• Pins
• Slots",""
"Operative Dentistry","9. AIPG 2017 Operative Dentistry","6","Gingival bevel given in class 2 inlay preparation is","35 degree","40 degree","45 degree","30 degree","C","'C' [Nisha Garg 3rd ed 419]
The gingival bevel should be placed 45° to inlay preparation. It should include one-half of the gingival wall width. It eliminates the weak or unsupported enamel on the gingival wall and provides a strong obtuse angled tooth structure which aids in finishing of the casting and sealing of the margins of the restoration.",""
"Operative Dentistry","9. AIPG 2017 Operative Dentistry","7","For etching which agent is mostly used","9% HF","37% phosphoric acid","18% HCL","50%Hcl","B","'B' [Sturdevant 5th ed 246]
37% phosphoric is used extensively for etching. 10% HF acid is used to etch the ceramic restorations before cementation.",""
"Operative Dentistry","9. AIPG 2017 Operative Dentistry","8","In a composite restoration a void is seen after polishing, what should be done to eliminate the voids","Fill the void with composite","Etch the composite and refill","Roughen the area slightly and refill the void","Replace the entire restoration","C","'C' [Sturdevant 5TH ED 522]
If the composite surface is already polished it means that once resin has been fully cured and the air inhibited or uncured layer completely removed 'bonding' to it becomes difficult. The area should be slightly roughened with a fine grit diamond bur, then acid etched for 3-5 seconds for removing the debris, followed by the application of bonding agent and composite.",""
"Operative Dentistry","9. AIPG 2017 Operative Dentistry","9","Skirts are used in","Amalgam restoration","Composite restoration","Cast metal restoration","Cast inlay restoration","C","'C' [Sturdevant 5th ed 313]
Skirts are prepared for providing additional retention in cast gold restorations.",""
"Operative Dentistry","9. AIPG 2017 Operative Dentistry","10","Permanent tooth which shows cross form in occlusal cavity preparation","Mandibular second molar","Mandibular 1st molar","Maxillary 1st molar","Maxillary 2nd molar","A","'A' [Check Explanation Below]
Mandibular second molar the cavity preparation resembles + or cross form.","Requires image: Diagram of mandibular 2nd molar occlusal cavity"
"Operative Dentistry","9. AIPG 2017 Operative Dentistry","11","Radiopacity to composite is impart by","Silica","Oxides of zircon","Oxides of sodium","Dimethylglyoxime","B","'B' [Phillips 12th ed 297]
Resins are inherently translucent. Modern resin composites use glass particles with high atomic numbers, such as barium, strontium, zirconium, ytterbium fluoride and zinc to produce a radiopaque composite restoration.",""
"Operative Dentistry","9. AIPG 2017 Operative Dentistry","12","What is sandwich technique","Composite is sandwich between cement base and amalgam","Polycarboxylate cement replace dentin and composite replace enamel","Composite replace dentin and GIC replace enamel","RMGI is placed as a liner beneath composite restoration where RMGI will act as dentin and composite as enamel","D","'D' [Nisha Garg 3rd ed 431]
Sandwich technique: Composite may not bond adequately to dentin, therefore during polymerisation, it may lead to formation of a gap at the cavity margin situated in dentin. This bond can be improved by placing GIC lining between the composite and the dentin.",""
"Operative Dentistry","9. AIPG 2017 Operative Dentistry","13","Residual monomer in the denture base effects","Tensile strength of denture base","Transverse strength of denture base","Is more in heat activated resin","Does not affect strength much","B","'B' [Phillips 12th ed 481]
Residual monomer in the denture base decreases the impact and transverse strength of the denture base. It also causes tissue irritation.",""
"Operative Dentistry","9. AIPG 2017 Operative Dentistry","14","ORMOCER, true is","Non-metallic organically modified ceramics","Metallic organically modified ceramics","Hybrid ionomers","Organically modified cement","A","'A' [Nisha Garg 3rd ed 283]
ORMOCER stand for ORganically Modified CERamic. Ormocers are advanced nonmetallic, inorganic composite-ceramic filling materials.",""
"Operative Dentistry","9. AIPG 2017 Operative Dentistry","15","Neutral rake angle means","Rake face and radial line coincide each other","Rake face trails radial line","Rake face is ahead of radial line","Does not exist","A","'A' [Sturdevant 5th ed 356]",""
"Operative Dentistry","9. AIPG 2017 Operative Dentistry","16","Carious lesion which cannot be remineralised","Affected dentin","Infected dentin","Globular dentin","Mantle dentin","B","'B' [Sturdevant 5th ed 290]

| Infected dentin | Affected dentin |
|---|---|
| It is superficial layer of demineralized dentin | It is deep layer |
| Cannot be remineralized | Can be remineralized |
| Lacks sensation | Is sensitive |
| Collagen fibres are broken no distinct cross bands | distinct cross bands are present |
| Can be stained: • 0.2% propylene glycol • 10% acid red • 0.5% basic fuschin | Cannot be stained |",""
"Operative Dentistry","9. AIPG 2017 Operative Dentistry","17","Primer which etches at the same time is called as","Self-etching primer","All in one primer","Self-etch adhesive","Selective etchant","A","'A' [Sturdevant 5th ed 256]
Total etch requires a separate phosphoric acid step to etch the enamel and dentin, a subsequent rinse, and application of primer and bond.

Self-etch systems have an acidic resin which etches and primes without the need for etching or rinsing.",""
"Operative Dentistry","9. AIPG 2017 Operative Dentistry","18","Layer removed after etching is called as","Smear layer","Hybrid layer","Resin tag layer","None","A","'A' [Sturdevant 5th ed 251]
Smear layer is a layer of microcrystalline and organic particle debris that is found on the instrumented tooth surfaces. Acid etchants remove the smear layer, opens the dentinal tubules and increases the dentin permeability.",""
"Operative Dentistry","9. AIPG 2017 Operative Dentistry","19","In a Class II composite restoration adhesion to gingival wall on the ROOT SURFACE is most concerned about","Microleakage","Difficulty in bonding between restoration and tooth","Decreased strength","High forces","B","'B'→'A' [Sturdevant 5th ed 504]
In restorations in which the proximal box extends onto the root surface, polymerization shrinkage can lead to a V-shaped gap. This leads to microleakage.",""
"Operative Dentistry","9. AIPG 2017 Operative Dentistry","20","Type used for complex posterior class II cavity","Spheroidal high copper","Lathe cut low copper","Admixed high copper","Admixed low copper amalgam","C","'C' [Sturdevant 5th ed 839]
High copper alloys are preferred for complex amalgam restorations because of their excellent clinical performance.",""
"Operative Dentistry","9. AIPG 2017 Operative Dentistry","21","Weakest phase of silver amalgam","Gamma","Gamma 2","Beta","Gamma 1","B","'B' [Phillips 12th ed 369]
Increasing order of strength:
gamma 2< gamma 1 < gamma",""
"Operative Dentistry","9. AIPG 2017 Operative Dentistry","22","Creep is lowest in","Unicompostional high copper","Admixed high copper","Admixed low copper","Lathecut low copper","A","'A' [Phillips 12th ed 378]

| Amalgam type | Creep |
|---|---|
| Low copper | 2% |
| High copper admixed | 0.4% |
| High copper unicompositional | 0.13% |",""
"Operative Dentistry","9. AIPG 2017 Operative Dentistry","23","Run out of a bur is.","accuracy of bur","Is a static measurement","performance of bur","wearing of the bur","C","'C' [Sturdevant 5th ed 355]
Run Out is a dynamic test measuring the accuracy with which all blade tips pass through a single point when the instrument is rotated. Run out can never be less than the concentricity.",""
"Operative Dentistry","9. AIPG 2017 Operative Dentistry","24","Minimal rise in pupal temperature is seen with.","Low speed bur with coolant","High speed bur with coolant","Low speed airotor with coolant","High speed airotor with coolant","D","'D' [Sturdevant 5th ed 343]
Airturbine (airotor) hand pieces are the most popular because of simplicity, ease of control versatility.",""
"Operative Dentistry","9. AIPG 2017 Operative Dentistry","25","Smooth finish is achieved by using","8 fluted bur","12 fluted bur","16 fluted bur","30 fluted bur","D","'D' [Phillips 12th ed 234]
The finishing action is usually accomplished using 18- to 30-fluted carbide burs, fine and superfine diamond burs, or abrasives that are between 8 and 20 μm in size. The more the number of flutes, the more will be the smoothness.",""
"Operative Dentistry","9. AIPG 2017 Operative Dentistry","26","Cumulative fluoride release is least with","Compomer","Alloy Admix GIC","Light Cure GIC","Conventional GIC","A","'A' [Phillips 12th ed 345]
The pattern of fluoride release from glass ionomer cements is characterized by an initial rapid release, followed by a rapid reduction in the rate of release of fluoride after short time.",""
"Operative Dentistry","9. AIPG 2017 Operative Dentistry","27","Head diameter of 245 bur","0.5 mm","0.8 mm","0.9 mm","0.1mm","B","'B' [Sturdevant 5th ed 713]
No. 245 bur has a head length of 3mm and head diameter of 0.8mm.",""
"Operative Dentistry","9. AIPG 2017 Operative Dentistry","28","Microabrasion is used for","Enamel Stain","Incipient Caries","Arrested Caries","Hidden Caries","A","'A' [Sturdevant 5th ed 646]
Microabrasion involves the use of acids to remove the superficial enamel stains.",""
"Operative Dentistry","10. Recent Papers 2017-18 Operative Dentistry","1","Picture based, deep prepared cavity. Two pictures of the same tooth. First picture (A) arrow point at dentinal surface (where the pulp protecting agent is to be placed.) second picture (B), arrow points at the restored tooth (with restorative material placed on the prepared cavity). Question was asked on which is the suitable pulp protecting material for both the cases.","CaOH for both","CaOH for A, monoxide carboxylate for B","GIC for both","Resin for A and CaOH for B","A","'A' [Sturdevant 4th ed 171]
According to this recollected question, the best pulp protecting material in deep cavities is calcium hydroxide liner followed by the application of glass ionomer base.

| Cavity type | RDT | Pulp protection |
|---|---|---|
| Shallow cavities | 2mm/more | No base, liner. Varnish/dentin bonding agent is sufficient. |
| Moderately deep | 1-1.5mm | ZOE liner except under composites |
| Deep | 0.5-1mm | Ca(OH)2 liners |","Requires image: Clinical photographs A and B of cavity"
"Operative Dentistry","10. Recent Papers 2017-18 Operative Dentistry","2","Which is correct regarding Etching of enamel?","more time required to etch primary teeth because enamel is more dense than permanent teeth","Less time required to etch primary teeth because enamel rods are irregularly arranged than permanent teeth","more time required to etch primary teeth because enamel rods are irregularly arranged than permanent teeth","more time required to etch primary teeth because of more prismless enamel and rods are irregularly arranged than permanent teeth","D","'D' [Philips 11th ed 383]
Primary enamel exhibits the following morphological differences compared to permanent teeth enamel:
• More prismless or interprismatic substance
• It is less-mineralized than permanent enamel
• the diffusion coefficient is greater in primary than in permanent
• less mineral density

Primary teeth require more etching time due to the presence of more prismless or interprismatic substance at the surface. It takes longer for the acid to penetrate the prismless layer to create the etch pattern on the underlying prismatic enamel.",""
"Operative Dentistry","10. Recent Papers 2017-18 Operative Dentistry","3","Patient treated with 6 anterior laminates present with severe sensitivity after 3-4 days. The reason is?","Improper tooth preparation and micro-leakage","Bonding failure between porcelain and tooth interface","Rough surface that leads to plaque accumulation","Mechanical failure","B","'B' [Failure in the restored dentition: management and treatment 1st ed 298]
Three types of failures in porcelain laminates: Mechanical, Biological and Aesthetic.",""
"Operative Dentistry","10. Recent Papers 2017-18 Operative Dentistry","4","In polymer based composite, which acts as medium to transfer load from weaker to stronger stress bearing component?","Silane coupling","Filler","Matrix","Adhesive","B","'B' [AIIMS NOV-17]",""
"Operative Dentistry","10. Recent Papers 2017-18 Operative Dentistry","5","In silver modified ART technique (SM-ART), silver is added in which form?","Silver fluoride","Silver diamond fluoride","Silver nitrate","Nano silver particle","B","'B' [AIIMS MAY-18]
Silver Modified Atraumatic Restorative Technique (SMART) is a technique to halt the decay and seal teeth using two products: silver diamond fluoride (SDF) application first followed by glass ionomer cement (GIC) sealant/ restoration in a single appointment.",""
"Operative Dentistry","10. Recent Papers 2017-18 Operative Dentistry","6","Which GIC is used in ART technique?","RM-GIC","Compomer","High viscosity GIC","Low viscosity","C","'C' [AIIMS MAY-18]
The ART approach involves the use of hand instruments only (Eg:spoon excavators) to remove carious tooth substance and then restoring the cavity and sealing any adjacent enamel fissures with a high viscosity GIC.",""
"Operative Dentistry","10. Recent Papers 2017-18 Operative Dentistry","7","Endodontic treatment is started by drilling in a tooth with gold crown, later it was filled with amalgam restoration. After some time, the amalgam restoration corrodes & discolours, what is the cause?","gold act as anodic to amalgam","gold act as cathodic to amalgam","low copper amalgam be used","high copper amalgam be used","B","'B' [AIIMS MAY-18]",""
"Operative Dentistry","10. Recent Papers 2017-18 Operative Dentistry","8","Incisor and molar are hypo-mineralized, composite restoration fails again & again due to which reason","Defective enamel","Etchant is not of good quality.","Lack of moisture control","Defective material used","A","'A' [AIIMS MAY-18]",""
"Operative Dentistry","10. Recent Papers 2017-18 Operative Dentistry","9","Which of the following is 6th generation DBA?","Conditioner, Primer, Adhesive resin (Option a image)","Self-etching primer, Adhesive resin (Option b image)","Conditioner, Combined primer adhesive resin (Option c image)","Self-etching adhesive 1 component (Option d image)","B","'B' [Nisha Garg 3rd ed 251]
Option B is a sixth-generation bonding agent.

They are of two types:
i) Self etch primers i.e. Etch and primer in one bottle + Adhesive agent in another bottle.
ii) Self etch adhesives or type II 6th generation adhesives. Two bottles or unit dose containing acidic primer and adhesive are first mixed and then applied.","Requires image: 4 images of DBA systems"
"Operative Dentistry","10. Recent Papers 2017-18 Operative Dentistry","10","What should be done to increase the longevity of pit & fissure sealants?","Deep ditch with round bur","Moisture control.","Add filler to composite.","Etchant for 2 minutes.","B","'B' [Sturdevant 5th ed 571]
Complete isolation of the tooth from contamination by saliva is the most important aspect of sealant placement. Isolation by rubber dam or cotton rolls are equally effective and result in similar retention rates.",""
"Operative Dentistry","10. Recent Papers 2017-18 Operative Dentistry","11","Experimental caries in man was given by:","Vonder Fehr, Herald Loe and Else Theilade","Ralph V Katz","Moller","Frosman, Nanda","A","'A' [Caries Res 1970;4:131–148]
This was an experimental study conducted by Vonder Fehr, Herald Loe and Else Theilade.",""
"Operative Dentistry","10. Recent Papers 2017-18 Operative Dentistry","12","Major drawback of composite material for posterior tooth restoration:","Water sorption","Compressive strength","Coefficient of thermal expansion","Wear resistance","D","'D' [PGI DEC.2017]
Wear Resistance: Wear resistance refers to a material's ability to resist surface loss as a result of abrasive contact with opposing tooth structure. Wear resistance of composite materials is generally good. While not as resistant as amalgam, resin-based composite restorations that are placed in areas of high function are more prone to exhibit excessive wear and/or marginal fracture.",""
"Operative Dentistry","10. Recent Papers 2017-18 Operative Dentistry","13","Last resort for diagnosis of proximal caries:","Mechanical separation","Cavity preparation","Transillumination","Caries activity tests","B","'B' [PGI JUNE-2017]
Dental floss and tooth separators are employed to detect proximal caries. Tooth separators and wedges basically aid in visually detecting the proximal caries by separating the teeth.",""
"Operative Dentistry","10. Recent Papers 2017-18 Operative Dentistry","14","Composite bonding:","Chemical interlocking","Mechanical interlocking","Cohesion","True bonding","B","'B' [PGI JUNE-2017]
Bonding of composites to tooth structure occurs by micromechanical retention. Acid etching creates microporosites into which the resin penetrates resulting in resin tag formation. These tags penetrate to a depth of 5 – 10 μm.",""
"Operative Dentistry","10. Recent Papers 2017-18 Operative Dentistry","15","Black stained pit and incipient carious lesions are observed on buccal surface of anterior tooth. The treatment plan would be?","Remove and fill with GIC","Remove with bur and place composite restoration","Preventive program institution","Fluoride application","C","'C' [AIIMS MAY-17]",""
"Operative Dentistry","10. Recent Papers 2017-18 Operative Dentistry","16","In Class 2 amalgam restoration, beveling of gingival margin, when gingival margins are on root surface?","no bevel required","15 deg","30 deg","80 deg","A","'A' [AIIMS MAY-17]
Bevels are not indicated for margins located on root surfaces as it increases microleakage between tooth and restoration interface.",""
"Operative Dentistry","10. Recent Papers 2017-18 Operative Dentistry","17","Poor oral hygiene and frequent exposure to sucrose containing diet can produce incipient lesions as early as","2weeks","3 weeks","4 weeks","6 weeks","C","'C' [AIIMS MAY-17]",""
"Operative Dentistry","10. Recent Papers 2017-18 Operative Dentistry","18","Chlorhexidine is prescribed at bed time for 30sec rinse for 2 weeks results in a reduction of MS counts to below caries potential for","15 to 20 weeks","12 to 26 weeks","4 to 8 weeks","2 to 3 weeks","B","'B' [AIIMS MAY-17]
Chlorhexidine is prescribed for home use at bedtime as a 30- second rinse. Used at this time, when the salivary flow rate is decreased, chlorhexidine has a better opportunity to interact with MS (Mutans Streptococci) organisms. It is used for approximately 2 weeks and results in a reduction of MS counts to below caries-potential levels. This decrease is sustained for 12 – 26 weeks.",""
"Operative Dentistry","10. Recent Papers 2017-18 Operative Dentistry","19","2nd number in 4-digit instrument formula","Width of blade","Primary cutting-edge angle","Blade angle","Length of blade","C","'C' [AIPG-2018]
Instrument formula:
1-(Width) | 2-(Cutting edge) angle | 3-(Length) | 4-(Blade angle)",""
"Operative Dentistry","10. Recent Papers 2017-18 Operative Dentistry","20","Ring opening polymerization is a feature of","UDMA","TEGDMA","4META","Silorane","D","'D' [AIPG-2018]
Siloranes are a new class of ring-opening monomers, they were synthesized to overcome the problems related to polymerization shrinkage of methacrylate-based composites.",""
"Operative Dentistry","10. Recent Papers 2017-18 Operative Dentistry","21","Increased etching time is required in primary teeth because:","Enamel rods are more regularly arranged","Enamel is aprismatic and enamel rods are irregularly arranged","Enamel rods are dense in case of children","Poor cooperation from the child","B","'B' [AIPG-2018]",""
"Operative Dentistry","10. Recent Papers 2017-18 Operative Dentistry","22","C-factor is maximum in","Class II cavity","Class III cavity","Class IV cavity","Class V cavity","D","'D' [AIPG-2018]",""
"Operative Dentistry","10. Recent Papers 2017-18 Operative Dentistry","23","Laser helps in treating dentinal sensitivity by the following mechanism:","Desensitization of nerve fibers","Precipitation of collagen","Sealing of dentinal tubules","Devitalisation of pulp","A","'A' [AIPG-2018]
Lasers act by different mechanisms. Mechanism of Action of Lasers for the treatment of dentin hypersensitivity:
• Desensitization of the free nerve fibres
• Increasing the formation of a secondary dentin by the odontoblasts
• Obliterates the dentin tubules",""
